event_start,CountyFIPS,county_pop,pre_outage_tracked_customers,days_since_data_start,duration_hours,n_periods,integral,pop_hours_supply_lost,storm,duration_days,year,month,event_id
2017-06-21 16:00:00,54001,15414,6599.0,171.625,47,47,0.38930140930444,6000.69192301864,2017171N24271,1.95833333333333,2017,6,54001_2017-06-21 16:00:00
2017-06-24 04:00:00,54059,22573,13970.0,174.125,62,62,4.77878915456688,107871.607586038,2017171N24271,2.58333333333333,2017,6,54059_2017-06-24 04:00:00
2017-07-30 21:00:00,12075,45260,2942.7,210.833333333333,86,86,4.00755020910171,181381.722463943,2017212N28275,3.58333333333333,2017,7,12075_2017-07-30 21:00:00
2017-08-24 22:00:00,21055,8981,3092.0,235.875,52,52,0.500270916654669,4492.93310247559,2017228N14314,2.16666666666667,2017,8,21055_2017-08-24 22:00:00
2017-08-25 21:00:00,48355,351674,143346.0,236.833333333333,241,241,59.3811952795346,20882822.468735,2017228N14314,10.0416666666667,2017,8,48355_2017-08-25 21:00:00
2017-08-25 22:00:00,48391,6632,4527.0,236.875,409,409,253.371423550923,1680359.28098972,2017228N14314,17.0416666666667,2017,8,48391_2017-08-25 22:00:00
2017-08-25 22:00:00,48409,69954,30060.0,236.875,291,291,112.724403564193,7885522.92692956,2017228N14314,12.125,2017,8,48409_2017-08-25 22:00:00
2017-08-26 00:00:00,48239,15142,4458.0,236.958333333333,172,172,94.3516086477872,1428672.05814479,2017228N14314,7.16666666666667,2017,8,48239_2017-08-26 00:00:00
2017-08-26 00:00:00,48321,36125,15562.0,236.958333333333,168,168,39.9672009706017,1443815.13506299,2017228N14314,7.0,2017,8,48321_2017-08-26 00:00:00
2017-08-26 01:00:00,48007,24944,19431.0,237.0,451,451,325.38767319175,8116470.120095,2017228N14314,18.7916666666667,2017,8,48007_2017-08-26 01:00:00
2017-08-26 01:00:00,48175,7131,2933.0,237.0,330,330,111.260386574965,793397.816666073,2017228N14314,13.75,2017,8,48175_2017-08-26 01:00:00
2017-08-26 03:00:00,48167,357117,66317.0,237.083333333333,97,97,4.19982809837598,1499830.01100774,2017228N14314,4.04166666666667,2017,8,48167_2017-08-26 03:00:00
2017-08-26 03:00:00,48057,19706,7499.0,237.083333333333,271,271,173.098546472863,3411079.95679424,2017228N14314,11.2916666666667,2017,8,48057_2017-08-26 03:00:00
2017-08-26 06:00:00,48025,30394,8880.0,237.208333333333,114,114,36.1777192679203,1099585.59942917,2017228N14314,4.75,2017,8,48025_2017-08-26 06:00:00
2017-08-26 07:00:00,48469,91065,30106.0,237.25,302,302,109.140866431263,9938913.00156295,2017228N14314,12.5833333333333,2017,8,48469_2017-08-26 07:00:00
2017-08-26 09:00:00,48473,61894,8829.0,237.333333333333,67,67,3.00017811721859,185693.024387127,2017228N14314,2.79166666666667,2017,8,48473_2017-08-26 09:00:00
2017-08-26 11:00:00,48481,41824,17297.0,237.416666666667,34,34,0.498121061455744,20833.415274325,2017228N14314,1.41666666666667,2017,8,48481_2017-08-26 11:00:00
2017-08-26 17:00:00,48089,20754,5500.0,237.666666666667,81,81,8.17485316441942,169660.902574361,2017228N14314,3.375,2017,8,48089_2017-08-26 17:00:00
2017-08-27 01:00:00,48015,31097,8714.0,238.0,67,67,0.336153008673439,10453.3501107179,2017228N14314,2.79166666666667,2017,8,48015_2017-08-27 01:00:00
2017-08-27 18:00:00,22069,36663,11875.0,238.708333333333,98,98,3.56310068599263,130633.960450548,2017228N14314,4.08333333333333,2017,8,22069_2017-08-27 18:00:00
2017-08-27 19:00:00,22043,22000,1317.0,238.75,76,76,0.988881550941879,21755.3941207213,2017228N14314,3.16666666666667,2017,8,22043_2017-08-27 19:00:00
2017-08-27 20:00:00,48311,576,62.0,238.791666666667,28,28,2.5,1440.0,2017228N14314,1.16666666666667,2017,8,48311_2017-08-27 20:00:00
2017-08-27 22:00:00,48339,678490,60396.0,238.875,66,66,4.80374695735911,3259294.27309859,2017228N14314,2.75,2017,8,48339_2017-08-27 22:00:00
2017-08-28 19:00:00,22085,21985,8290.0,239.75,76,76,5.27999589806098,116080.709818871,2017228N14314,3.16666666666667,2017,8,22085_2017-08-28 19:00:00
2017-08-29 04:00:00,22013,12641,1371.0,240.125,55,55,2.29835129884304,29053.4587686748,2017228N14314,2.29166666666667,2017,8,22013_2017-08-29 04:00:00
2017-08-30 05:00:00,48245,250830,117068.0,241.166666666667,114,114,11.7596406039316,2949670.65268417,2017228N14314,4.75,2017,8,48245_2017-08-30 05:00:00
2017-08-30 05:00:00,48071,51288,12430.125,241.166666666667,92,92,9.12678646490122,468094.624211854,2017228N14314,3.83333333333333,2017,8,48071_2017-08-30 05:00:00
2017-08-30 10:00:00,48361,84934,41233.0,241.375,199,199,79.0355627325453,6712806.485126,2017228N14314,8.29166666666667,2017,8,48361_2017-08-30 10:00:00
2017-08-30 20:00:00,48419,24008,3995.0,241.791666666667,33,33,1.07909887359199,25907.0057571965,2017228N14314,1.375,2017,8,48419_2017-08-30 20:00:00
2017-08-30 23:00:00,22081,7420,3236.0,241.916666666667,24,24,5.85012360939431,43407.9171817058,2017228N14314,1.0,2017,8,22081_2017-08-30 23:00:00
2017-08-31 10:00:00,28083,26570,1374.0,242.375,36,36,1.5334788937409,40744.5342066958,2017228N14314,1.5,2017,8,28083_2017-08-31 10:00:00
2017-09-01 00:00:00,28053,7333,2644.0,242.958333333333,24,24,2.49697428139183,18310.3124054463,2017228N14314,1.0,2017,8,28053_2017-09-01 00:00:00
2017-09-01 06:00:00,47161,14035,7491.0,243.208333333333,48,48,3.24669603524229,45567.3788546256,2017228N14314,2.0,2017,9,47161_2017-09-01 06:00:00
2017-09-02 00:00:00,48167,357117,66395.2153846154,243.958333333333,25,25,1.78848038774339,638696.750629758,2017228N14314,1.04166666666667,2017,9,48167_2017-09-02 00:00:00
2017-08-26 21:00:00,13299,35614,14060.0,237.833333333333,42,42,0.11835583358159,4215.12465717475,2017240N31279,1.75,2017,8,13299_2017-08-26 21:00:00
2017-09-09 19:00:00,12037,12498,9491.0,251.75,122,122,13.3911488345658,167362.578134403,2017242N16333,5.08333333333333,2017,9,12037_2017-09-09 19:00:00
2017-09-09 20:00:00,01087,18516,1812.0,251.791666666667,70,70,1.96661826325916,36413.9037625065,2017242N16333,2.91666666666667,2017,9,01087_2017-09-09 20:00:00
2017-09-09 20:00:00,12059,19651,4003.0,251.791666666667,43,43,1.54301855753869,30321.8576741929,2017242N16333,1.79166666666667,2017,9,12059_2017-09-09 20:00:00
2017-09-09 20:00:00,12067,7786,786.0,251.791666666667,191,191,89.8808888826583,699812.600840377,2017242N16333,7.95833333333333,2017,9,12067_2017-09-09 20:00:00
2017-09-09 21:00:00,12013,13464,976.0,251.833333333333,54,54,8.9500948356099,120504.076866652,2017242N16333,2.25,2017,9,12013_2017-09-09 21:00:00
2017-09-09 22:00:00,12075,45260,5563.0,251.875,190,190,64.4138282251013,2915369.86546809,2017242N16333,7.91666666666667,2017,9,12075_2017-09-09 22:00:00
2017-09-09 22:00:00,13193,11765,3712.0,251.875,118,118,32.7853128644046,385719.20584972,2017242N16333,4.91666666666667,2017,9,13193_2017-09-09 22:00:00
2017-09-09 23:00:00,13183,18348,2442.0,251.916666666667,101,101,26.4625248625249,485534.406177606,2017242N16333,4.20833333333333,2017,9,13183_2017-09-09 23:00:00
2017-09-10 00:00:00,01037,10166,4664.0,251.958333333333,37,37,0.224485420240137,2282.11878216124,2017242N16333,1.54166666666667,2017,9,01037_2017-09-10 00:00:00
2017-09-10 02:00:00,12079,18198,3749.0,252.041666666667,124,124,53.5771571473622,974997.105767696,2017242N16333,5.16666666666667,2017,9,12079_2017-09-10 02:00:00
2017-09-10 06:00:00,12011,1947026,939274.0,252.208333333333,178,178,50.9309517657027,99163887.2925691,2017242N16333,7.41666666666667,2017,9,12011_2017-09-10 06:00:00
2017-09-10 06:00:00,12086,2673837,1124137.0,252.208333333333,210,210,62.6986500102262,167645970.247393,2017242N16333,8.75,2017,9,12086_2017-09-10 06:00:00
2017-09-10 11:00:00,12125,15460,5345.0,252.416666666667,133,133,54.993459561233,850198.884816662,2017242N16333,5.54166666666667,2017,9,12125_2017-09-10 11:00:00
2017-09-10 12:00:00,13305,30896,6807.0,252.458333333333,85,85,28.5438055348416,881889.415804467,2017242N16333,3.54166666666667,2017,9,13305_2017-09-10 12:00:00
2017-09-10 14:00:00,13273,8754,3418.0,252.541666666667,83,83,16.4010762905038,143575.02184707,2017242N16333,3.45833333333333,2017,9,13273_2017-09-10 14:00:00
2017-09-10 14:00:00,12111,358704,127029.0,252.541666666667,131,131,39.8613853891109,14298438.3846156,2017242N16333,5.45833333333333,2017,9,12111_2017-09-10 14:00:00
2017-09-10 14:00:00,12099,1518477,742679.0,252.541666666667,147,147,48.3090383845822,73356163.6791051,2017242N16333,6.125,2017,9,12099_2017-09-10 14:00:00
2017-09-10 14:00:00,12021,397994,212167.0,252.541666666667,263,263,118.692897564778,47239061.0733962,2017242N16333,10.9583333333333,2017,9,12021_2017-09-10 14:00:00
2017-09-10 16:00:00,12133,25414,6511.0,252.625,30,30,1.83348350978775,46596.1499177459,2017242N16333,1.25,2017,9,12133_2017-09-10 16:00:00
2017-09-10 16:00:00,13231,19990,4756.0,252.625,95,95,21.8057808994904,435897.560180814,2017242N16333,3.95833333333333,2017,9,13231_2017-09-10 16:00:00
2017-09-10 16:00:00,13227,34826,4417.2,252.625,102,102,28.0350371294082,976348.203068769,2017242N16333,4.25,2017,9,13227_2017-09-10 16:00:00
2017-09-10 16:00:00,13253,9127,1750.0,252.625,32,32,1.04457142857143,9533.80342857143,2017242N16333,1.33333333333333,2017,9,13253_2017-09-10 16:00:00
2017-09-10 16:00:00,12093,40412,20093.0,252.625,175,175,79.3521562543671,3206779.33855148,2017242N16333,7.29166666666667,2017,9,12093_2017-09-10 16:00:00
2017-09-10 16:00:00,12051,41339,9738.0,252.625,300,300,135.441962739839,5599035.2977022,2017242N16333,12.5,2017,9,12051_2017-09-10 16:00:00
2017-09-10 16:00:00,13199,20845,1333.0,252.625,95,95,22.0495713210697,459623.314187697,2017242N16333,3.95833333333333,2017,9,13199_2017-09-10 16:00:00
2017-09-10 17:00:00,13061,2845,1564.0,252.666666666667,76,76,22.095019901636,62860.3316201544,2017242N16333,3.16666666666667,2017,9,13061_2017-09-10 17:00:00
2017-09-10 17:00:00,13171,19467,2542.0,252.666666666667,138,138,38.8380165630381,756059.668432663,2017242N16333,5.75,2017,9,13171_2017-09-10 17:00:00
2017-09-10 18:00:00,12129,35178,15461.0,252.708333333333,107,107,23.0348909932965,810321.395362186,2017242N16333,4.45833333333333,2017,9,12129_2017-09-10 18:00:00
2017-09-10 18:00:00,12107,74731,20133.0,252.708333333333,207,207,79.228861602759,5920852.05643578,2017242N16333,8.625,2017,9,12107_2017-09-10 18:00:00
2017-09-10 19:00:00,12041,18992,4797.0,252.75,173,173,64.3622175053202,1222367.23486104,2017242N16333,7.20833333333333,2017,9,12041_2017-09-10 19:00:00
2017-09-10 21:00:00,12049,25645,2812.0,252.833333333333,175,175,87.4002236755517,2241378.73615952,2017242N16333,7.29166666666667,2017,9,12049_2017-09-10 21:00:00
2017-09-10 22:00:00,12055,105618,54806.0,252.875,219,219,142.440173938316,15044246.291017,2017242N16333,9.125,2017,9,12055_2017-09-10 22:00:00
2017-09-10 22:00:00,12029,17124,1806.0,252.875,167,167,73.5574367956428,1259597.54768859,2017242N16333,6.95833333333333,2017,9,12029_2017-09-10 22:00:00
2017-09-10 23:00:00,12105,787404,106169.0,252.916666666667,192,192,43.4272046678154,34194754.6642565,2017242N16333,8.0,2017,9,12105_2017-09-10 23:00:00
2017-09-11 00:00:00,12035,126705,58355.0,252.958333333333,190,190,67.5772757488715,8562378.72376077,2017242N16333,7.91666666666667,2017,9,12035_2017-09-11 00:00:00
2017-09-11 00:00:00,12015,202661,114552.0,252.958333333333,188,188,47.885063010151,9704434.75470022,2017242N16333,7.83333333333333,2017,9,12015_2017-09-11 00:00:00
2017-09-11 00:00:00,12103,961739,541750.0,252.958333333333,168,168,68.8142949131587,66181391.1754863,2017242N16333,7.0,2017,9,12103_2017-09-11 00:00:00
2017-09-11 00:00:00,12071,822453,260826.0,252.958333333333,240,240,97.1921323929368,79935960.862968,2017242N16333,10.0,2017,9,12071_2017-09-11 00:00:00
2017-09-11 00:00:00,12085,162006,94195.0,252.958333333333,116,116,48.1410629919414,7799141.05107246,2017242N16333,4.83333333333333,2017,9,12085_2017-09-11 00:00:00
2017-09-11 00:00:00,12117,478772,211093.0,252.958333333333,191,191,69.9670086461089,33498244.6635148,2017242N16333,7.95833333333333,2017,9,12117_2017-09-11 00:00:00
2017-09-11 01:00:00,13025,18183,1766.0,253.0,92,92,33.0695602116786,601303.813328953,2017242N16333,3.83333333333333,2017,9,13025_2017-09-11 01:00:00
2017-09-11 01:00:00,12121,45411,6348.0,253.0,161,161,73.9047928518712,3356090.54819632,2017242N16333,6.70833333333333,2017,9,12121_2017-09-11 01:00:00
2017-09-11 01:00:00,12095,1452726,382514.0,253.0,173,173,52.8478404184892,76773431.8197902,2017242N16333,7.20833333333333,2017,9,12095_2017-09-11 01:00:00
2017-09-11 01:00:00,12023,71908,31282.0,253.0,168,168,55.834276090648,4014931.12512632,2017242N16333,7.0,2017,9,12023_2017-09-11 01:00:00
2017-09-11 01:00:00,12097,422545,50236.0,253.0,160,160,31.2744575033316,13214865.6457453,2017242N16333,6.66666666666667,2017,9,12097_2017-09-11 01:00:00
2017-09-11 01:00:00,13101,3686,639.0,253.0,109,109,67.830985915493,250025.014084507,2017242N16333,4.54166666666667,2017,9,13101_2017-09-11 01:00:00
2017-09-11 01:00:00,13229,20168,4101.0,253.0,72,72,26.3660083105748,531749.655607673,2017242N16333,3.0,2017,9,13229_2017-09-11 01:00:00
2017-09-11 01:00:00,12127,579192,261351.0,253.0,187,187,65.9369437972425,38190150.3518125,2017242N16333,7.79166666666667,2017,9,12127_2017-09-11 01:00:00
2017-09-11 01:00:00,12101,608794,250797.0,253.0,136,136,41.7020677359474,25387968.6252383,2017242N16333,5.66666666666667,2017,9,12101_2017-09-11 01:00:00
2017-09-11 01:00:00,12083,396415,138863.0,253.0,197,197,70.672581490682,28015671.3916287,2017242N16333,8.20833333333333,2017,9,12083_2017-09-11 01:00:00
2017-09-11 02:00:00,12123,21283,1604.0,253.041666666667,135,135,45.961315901204,978194.686325324,2017242N16333,5.625,2017,9,12123_2017-09-11 02:00:00
2017-09-11 03:00:00,12069,410139,149938.0,253.083333333333,207,207,60.752518202616,24916977.0631027,2017242N16333,8.625,2017,9,12069_2017-09-11 03:00:00
2017-09-11 03:00:00,12047,13217,3302.0,253.083333333333,145,145,60.7836148143837,803377.03700171,2017242N16333,6.04166666666667,2017,9,12047_2017-09-11 03:00:00
2017-09-11 03:00:00,12017,162529,87665.0,253.083333333333,168,168,59.5509419809906,9678755.04922842,2017242N16333,7.0,2017,9,12017_2017-09-11 03:00:00
2017-09-11 03:00:00,12109,306841,106680.0,253.083333333333,163,163,48.7164072609951,14948191.120371,2017242N16333,6.79166666666667,2017,9,12109_2017-09-11 03:00:00
2017-09-11 03:00:00,12001,284030,120032.0,253.083333333333,134,134,29.2629568023201,8311557.62056297,2017242N16333,5.58333333333333,2017,9,12001_2017-09-11 03:00:00
2017-09-11 04:00:00,12019,226589,83949.0,253.125,133,133,38.1403132085061,8642175.42960219,2017242N16333,5.54166666666667,2017,9,12019_2017-09-11 04:00:00
2017-09-11 04:00:00,13039,57013,15790.0,253.125,119,119,53.2059394225794,3033430.22429952,2017242N16333,4.95833333333333,2017,9,13039_2017-09-11 04:00:00
2017-09-11 04:00:00,12119,144970,71787.0,253.125,154,154,25.9524392164142,3762325.11320357,2017242N16333,6.41666666666667,2017,9,12119_2017-09-11 04:00:00
2017-09-11 04:00:00,12053,206896,94931.0,253.125,161,161,35.6024426210731,7366002.96852954,2017242N16333,6.70833333333333,2017,9,12053_2017-09-11 04:00:00
2017-09-11 05:00:00,12007,27313,9842.0,253.166666666667,165,165,67.3680106754015,1840022.47557724,2017242N16333,6.875,2017,9,12007_2017-09-11 05:00:00
2017-09-11 05:00:00,12031,1016536,441262.0,253.166666666667,114,114,29.6208022314269,30110611.8171258,2017242N16333,4.75,2017,9,12031_2017-09-11 05:00:00
2017-09-11 06:00:00,13049,12781,2565.0,253.208333333333,110,110,53.2384569068619,680440.717726602,2017242N16333,4.58333333333333,2017,9,13049_2017-09-11 06:00:00
2017-09-11 06:00:00,13275,45561,2814.0,253.208333333333,63,63,20.5906301737732,938129.701347279,2017242N16333,2.625,2017,9,13275_2017-09-11 06:00:00
2017-09-11 07:00:00,12003,27803,9130.0,253.25,162,162,63.8119362130248,1774163.26253073,2017242N16333,6.75,2017,9,12003_2017-09-11 07:00:00
2017-09-11 07:00:00,12073,297369,24516.0,253.25,60,60,17.2734090825562,5136576.38547066,2017242N16333,2.5,2017,9,12073_2017-09-11 07:00:00
2017-09-11 07:00:00,13005,11191,2215.0,253.25,65,65,18.2074324532662,203759.376584502,2017242N16333,2.70833333333333,2017,9,13005_2017-09-11 07:00:00
2017-09-11 08:00:00,13161,14889,2638.0,253.291666666667,101,101,42.1348036304982,627345.091254488,2017242N16333,4.20833333333333,2017,9,13161_2017-09-11 08:00:00
2017-09-11 08:00:00,13001,18428,3816.0,253.291666666667,100,100,39.0010910025397,718712.104994802,2017242N16333,4.16666666666667,2017,9,13001_2017-09-11 08:00:00
2017-09-11 08:00:00,12039,43403,14999.0,253.291666666667,60,60,21.3854902216648,928194.432090917,2017242N16333,2.5,2017,9,12039_2017-09-11 08:00:00
2017-09-11 09:00:00,13027,16253,922.0,253.333333333333,89,89,55.4066484354277,900524.257021007,2017242N16333,3.70833333333333,2017,9,13027_2017-09-11 09:00:00
2017-09-11 09:00:00,13003,8183,2563.0,253.333333333333,109,109,49.0591194378219,401450.774359696,2017242N16333,4.54166666666667,2017,9,13003_2017-09-11 09:00:00
2017-09-11 09:00:00,13069,43172,3424.0,253.333333333333,109,109,56.1052968465539,2422177.87545943,2017242N16333,4.54166666666667,2017,9,13069_2017-09-11 09:00:00
2017-09-11 10:00:00,13293,28086,9585.0,253.375,68,68,14.3618570150057,403367.116123451,2017242N16333,2.83333333333333,2017,9,13293_2017-09-11 10:00:00
2017-09-11 10:00:00,13243,6116,2937.0,253.375,43,43,8.14499003709964,49814.7590669014,2017242N16333,1.79166666666667,2017,9,13243_2017-09-11 10:00:00
2017-09-11 10:00:00,13079,12140,1141.0,253.375,100,100,41.0396485173797,498221.33300099,2017242N16333,4.16666666666667,2017,9,13079_2017-09-11 10:00:00
2017-09-11 10:00:00,13201,5807,1177.0,253.375,54,54,3.62786745964316,21067.0263381478,2017242N16333,2.25,2017,9,13201_2017-09-11 10:00:00
2017-09-11 10:00:00,12077,7603,3302.0,253.375,30,30,10.2101756511205,77627.9654754694,2017242N16333,1.25,2017,9,12077_2017-09-11 10:00:00
2017-09-11 10:00:00,13159,15951,1043.5,253.375,112,112,52.8694380304858,843320.406024279,2017242N16333,4.66666666666667,2017,9,13159_2017-09-11 10:00:00
2017-09-11 10:00:00,13255,68919,3464.0,253.375,82,82,27.5837205013971,1901042.43323579,2017242N16333,3.41666666666667,2017,9,13255_2017-09-11 10:00:00
2017-09-11 11:00:00,13173,10171,1737.0,253.416666666667,91,91,29.4289004029937,299321.345998849,2017242N16333,3.79166666666667,2017,9,13173_2017-09-11 11:00:00
2017-09-11 11:00:00,13307,2328,469.0,253.416666666667,58,58,25.0767643314275,58378.7073635632,2017242N16333,2.41666666666667,2017,9,13307_2017-09-11 11:00:00
2017-09-11 11:00:00,13309,7314,840.0,253.416666666667,101,101,26.6416666666667,194857.15,2017242N16333,4.20833333333333,2017,9,13309_2017-09-11 11:00:00
2017-09-11 11:00:00,13131,26008,9045.0,253.416666666667,39,39,12.6201496091413,328224.851034548,2017242N16333,1.625,2017,9,13131_2017-09-11 11:00:00
2017-09-11 11:00:00,13065,6662,1715.0,253.416666666667,87,87,48.5580174927114,323493.512536443,2017242N16333,3.625,2017,9,13065_2017-09-11 11:00:00
2017-09-11 11:00:00,13019,18214,3864.0,253.416666666667,62,62,23.1322463768116,421330.735507246,2017242N16333,2.58333333333333,2017,9,13019_2017-09-11 11:00:00
2017-09-11 11:00:00,13259,4648,1350.0,253.416666666667,94,94,11.672291179458,54252.8094021209,2017242N16333,3.91666666666667,2017,9,13259_2017-09-11 11:00:00
2017-09-11 11:00:00,13087,28982,13485.0,253.416666666667,60,60,8.24739629354091,239026.039379403,2017242N16333,2.5,2017,9,13087_2017-09-11 11:00:00
2017-09-11 12:00:00,13249,4496,608.0,253.458333333333,82,82,34.760491920782,156283.171675836,2017242N16333,3.41666666666667,2017,9,13249_2017-09-11 12:00:00
2017-09-11 12:00:00,13075,17404,1566.0,253.458333333333,87,87,36.360153256705,632812.107279693,2017242N16333,3.625,2017,9,13075_2017-09-11 12:00:00
2017-09-11 12:00:00,13169,28472,7129.0,253.458333333333,125,125,59.3482694928787,1689763.92900124,2017242N16333,5.20833333333333,2017,9,13169_2017-09-11 12:00:00
2017-09-11 12:00:00,13177,33642,7435.0,253.458333333333,59,59,9.53065028382018,320630.136848279,2017242N16333,2.45833333333333,2017,9,13177_2017-09-11 12:00:00
2017-09-11 12:00:00,13037,5469,2020.0,253.458333333333,32,32,6.38903291259191,34941.6209989652,2017242N16333,1.33333333333333,2017,9,13037_2017-09-11 12:00:00
2017-09-11 13:00:00,13271,12354,3511.0,253.5,101,101,40.4107091996582,499233.901452578,2017242N16333,4.20833333333333,2017,9,13271_2017-09-11 13:00:00
2017-09-11 13:00:00,13167,9242,1848.0,253.5,80,80,25.6700277457932,237242.396426621,2017242N16333,3.33333333333333,2017,9,13167_2017-09-11 13:00:00
2017-09-11 13:00:00,13107,22929,6240.0,253.5,61,61,25.2327190451133,578561.014985402,2017242N16333,2.54166666666667,2017,9,13107_2017-09-11 13:00:00
2017-09-11 13:00:00,13207,29427,3392.0,253.5,99,99,43.7438699235042,1287250.86023896,2017242N16333,4.125,2017,9,13207_2017-09-11 13:00:00
2017-09-11 13:00:00,13209,8655,1657.0,253.5,60,60,22.0947495473748,191230.057332529,2017242N16333,2.5,2017,9,13209_2017-09-11 13:00:00
2017-09-11 13:00:00,13197,7449,1541.0,253.5,74,74,30.2395860276609,225254.676320046,2017242N16333,3.08333333333333,2017,9,13197_2017-09-11 13:00:00
2017-09-11 14:00:00,13315,8761,2195.0,253.541666666667,80,80,37.1172120544672,325183.894809187,2017242N16333,3.33333333333333,2017,9,13315_2017-09-11 14:00:00
2017-09-11 14:00:00,13141,8387,3195.0,253.541666666667,106,106,63.7327849415353,534526.867304657,2017242N16333,4.41666666666667,2017,9,13141_2017-09-11 14:00:00
2017-09-11 14:00:00,13091,19802,3706.0,253.541666666667,58,58,19.1011872638964,378241.710199676,2017242N16333,2.41666666666667,2017,9,13091_2017-09-11 14:00:00
2017-09-11 14:00:00,13269,7737,3209.0,253.541666666667,78,78,14.8489660660602,114886.450453108,2017242N16333,3.25,2017,9,13269_2017-09-11 14:00:00
2017-09-11 14:00:00,13239,2249,777.0,253.541666666667,54,54,10.3603515224864,23300.430574072,2017242N16333,2.25,2017,9,13239_2017-09-11 14:00:00
2017-09-11 15:00:00,13023,12257,2888.0,253.583333333333,74,74,31.0976454293629,381163.840027701,2017242N16333,3.08333333333333,2017,9,13023_2017-09-11 15:00:00
2017-09-11 15:00:00,13287,8842,2656.0,253.583333333333,60,60,28.5436328373291,252382.801547663,2017242N16333,2.5,2017,9,13287_2017-09-11 15:00:00
2017-09-11 15:00:00,01067,17655,7494.33333333333,253.583333333333,37,37,6.40239520958084,113034.28742515,2017242N16333,1.54166666666667,2017,9,01067_2017-09-11 15:00:00
2017-09-11 15:00:00,13035,26649,1809.0,253.583333333333,84,84,36.0209569911867,959922.482858135,2017242N16333,3.5,2017,9,13035_2017-09-11 15:00:00
2017-09-11 15:00:00,13321,20424,1375.0,253.583333333333,56,56,21.7869090909091,444975.831272727,2017242N16333,2.33333333333333,2017,9,13321_2017-09-11 15:00:00
2017-09-11 15:00:00,13289,7680,1498.0,253.583333333333,122,122,47.2951437354567,363226.703888307,2017242N16333,5.08333333333333,2017,9,13289_2017-09-11 15:00:00
2017-09-11 15:00:00,13279,26837,7802.0,253.583333333333,84,84,5.06921302230197,136042.469879518,2017242N16333,3.5,2017,9,13279_2017-09-11 15:00:00
2017-09-11 16:00:00,13319,8681,2167.0,253.625,90,90,37.3834058502188,324525.346185749,2017242N16333,3.75,2017,9,13319_2017-09-11 16:00:00
2017-09-11 16:00:00,01005,24706,10897.0,253.625,30,30,3.95953014591172,97824.1517848949,2017242N16333,1.25,2017,9,01005_2017-09-11 16:00:00
2017-09-11 16:00:00,13283,6365,1385.0,253.625,34,34,6.49819494584838,41361.0108303249,2017242N16333,1.41666666666667,2017,9,13283_2017-09-11 16:00:00
2017-09-11 16:00:00,13277,41412,12586.0,253.625,51,51,15.005800095344,621420.193548387,2017242N16333,2.125,2017,9,13277_2017-09-11 16:00:00
2017-09-11 17:00:00,13093,10572,3171.0,253.666666666667,63,63,22.2828302621694,235574.081531655,2017242N16333,2.625,2017,9,13093_2017-09-11 17:00:00
2017-09-11 17:00:00,13235,9984,4445.0,253.666666666667,74,74,30.8072087314479,307579.171974775,2017242N16333,3.08333333333333,2017,9,13235_2017-09-11 17:00:00
2017-09-11 17:00:00,13211,21031,3956.0,253.666666666667,102,102,21.820364514571,458904.086105942,2017242N16333,4.25,2017,9,13211_2017-09-11 17:00:00
2017-09-11 17:00:00,13303,19738,1758.0,253.666666666667,84,84,35.8201894535901,707018.899434961,2017242N16333,3.5,2017,9,13303_2017-09-11 17:00:00
2017-09-11 17:00:00,01011,10202,3520.0,253.666666666667,29,29,3.33210227272727,33994.1073863636,2017242N16333,1.20833333333333,2017,9,01011_2017-09-11 17:00:00
2017-09-11 18:00:00,01041,13025,730.0,253.708333333333,30,30,0.646511888320705,8420.81734537718,2017242N16333,1.25,2017,9,01041_2017-09-11 18:00:00
2017-09-11 18:00:00,13297,103065,26362.0,253.708333333333,80,80,11.9699640899613,1233684.34893186,2017242N16333,3.33333333333333,2017,9,13297_2017-09-11 18:00:00
2017-09-11 18:00:00,13225,28562,3475.0,253.708333333333,79,79,42.3328219687982,1209110.06107282,2017242N16333,3.29166666666667,2017,9,13225_2017-09-11 18:00:00
2017-09-11 19:00:00,13263,5747,2815.0,253.75,69,69,19.52654575143,112219.058433468,2017242N16333,2.875,2017,9,13263_2017-09-11 19:00:00
2017-09-11 19:00:00,13237,22984,6793.0,253.75,105,105,56.850433919704,1306650.37321048,2017242N16333,4.375,2017,9,13237_2017-09-11 19:00:00
2017-09-11 19:00:00,13113,122030,37369.0,253.75,49,49,9.98110391005421,1217994.11014392,2017242N16333,2.04166666666667,2017,9,13113_2017-09-11 19:00:00
2017-09-11 19:00:00,13009,43635,2633.0,253.75,99,99,36.5717309717038,1595807.4809503,2017242N16333,4.125,2017,9,13009_2017-09-11 19:00:00
2017-09-11 19:00:00,01081,180773,59069.0,253.75,25,25,3.17127427246102,573280.764055596,2017242N16333,1.04166666666667,2017,9,01081_2017-09-11 19:00:00
2017-09-11 19:00:00,01113,58555,22249.0,253.75,33,33,7.26225897793159,425241.574452784,2017242N16333,1.375,2017,9,01113_2017-09-11 19:00:00
2017-09-11 20:00:00,01111,22479,13371.0,253.791666666667,25,25,3.10470421060504,69790.6459501907,2017242N16333,1.04166666666667,2017,9,01111_2017-09-11 20:00:00
2017-09-11 20:00:00,13135,975353,69402.0,253.791666666667,44,44,6.9532834224715,6781905.84595784,2017242N16333,1.83333333333333,2017,9,13135_2017-09-11 20:00:00
2017-09-11 20:00:00,13077,152882,39115.0,253.791666666667,50,50,7.12862317083628,1089838.16760379,2017242N16333,2.08333333333333,2017,9,13077_2017-09-11 20:00:00
2017-09-11 21:00:00,13149,11725,1083.0,253.833333333333,30,30,4.52709430852349,53080.180767438,2017242N16333,1.25,2017,9,13149_2017-09-11 21:00:00
2017-09-11 21:00:00,13185,119739,30376.0,253.833333333333,53,53,12.7282393995259,1524066.65745984,2017242N16333,2.20833333333333,2017,9,13185_2017-09-11 21:00:00
2017-09-11 22:00:00,12043,12454,3354.0,253.875,238,238,25.0147391039648,311533.560800778,2017242N16333,9.91666666666667,2017,9,12043_2017-09-11 22:00:00
2017-09-12 03:00:00,13083,16081,7727.0,254.083333333333,32,32,0.714378154523101,11487.915102886,2017242N16333,1.33333333333333,2017,9,13083_2017-09-12 03:00:00
2017-09-15 17:00:00,12063,48211,2624.71428571429,257.666666666667,35,35,0.161714106975289,7796.39881138567,2017242N16333,1.45833333333333,2017,9,12063_2017-09-15 17:00:00
2017-10-06 15:00:00,01025,22515,7753.0,278.583333333333,52,52,1.63562491938604,36826.0950599768,2017277N11279,2.16666666666667,2017,10,01025_2017-10-06 15:00:00
2017-10-07 18:00:00,39135,40596,2560.77777777778,279.708333333333,51,51,0.465493651797016,18897.1802883517,2017277N11279,2.125,2017,10,39135_2017-10-07 18:00:00
2017-10-07 22:00:00,28111,11368,3038.0,279.875,31,31,0.936714615085585,10648.5717442929,2017277N11279,1.29166666666667,2017,10,28111_2017-10-07 22:00:00
2017-10-08 00:00:00,18175,28224,5838.0,279.958333333333,28,28,0.602432339842412,17003.0503597122,2017277N11279,1.16666666666667,2017,10,18175_2017-10-08 00:00:00
2017-10-08 03:00:00,28059,144975,20333.0,280.083333333333,35,35,10.5121578658611,1524000.08660321,2017277N11279,1.45833333333333,2017,10,28059_2017-10-08 03:00:00
2017-10-08 05:00:00,28039,25206,2508.0,280.166666666667,25,25,10.0136181858062,252403.259991431,2017277N11279,1.04166666666667,2017,10,28039_2017-10-08 05:00:00
2017-10-08 08:00:00,01097,411411,205829.0,280.291666666667,24,24,3.10252685481638,1276413.67586686,2017277N11279,1.0,2017,10,01097_2017-10-08 08:00:00
2017-10-08 18:00:00,50023,60048,3099.0,280.708333333333,42,42,0.795819322026791,47787.3586490647,2017277N11279,1.75,2017,10,50023_2017-10-08 18:00:00
2017-10-09 15:00:00,50011,50731,2788.0,281.583333333333,30,30,1.06563845050215,54060.9042324247,2017277N11279,1.25,2017,10,50011_2017-10-09 15:00:00
2017-10-11 06:00:00,21159,11095,4763.0,283.208333333333,39,39,0.330673944992652,3668.82741969347,2017277N11279,1.625,2017,10,21159_2017-10-11 06:00:00
2018-05-25 23:00:00,21219,12404,680.0,509.916666666667,191,191,5.575,69152.3,2018146N19273,7.95833333333333,2018,5,21219_2018-05-25 23:00:00
2018-05-27 08:00:00,26035,31352,22649.0,511.291666666667,36,36,1.26689920084772,39719.8237449777,2018146N19273,1.5,2018,5,26035_2018-05-27 08:00:00
2018-05-27 13:00:00,21039,4720,1967.0,511.5,34,34,0.378240976105745,1785.29740721912,2018146N19273,1.41666666666667,2018,5,21039_2018-05-27 13:00:00
2018-05-27 20:00:00,39037,51529,10093.0,511.791666666667,50,50,0.299902777881377,15453.6902414495,2018146N19273,2.08333333333333,2018,5,39037_2018-05-27 20:00:00
2018-05-27 22:00:00,26011,15089,10532.0,511.875,29,29,2.30772882643373,34821.3202620585,2018146N19273,1.20833333333333,2018,5,26011_2018-05-27 22:00:00
2018-05-27 22:00:00,26069,25521,20923.0,511.875,26,26,0.971849161210152,24802.5624432443,2018146N19273,1.08333333333333,2018,5,26069_2018-05-27 22:00:00
2018-05-28 21:00:00,26125,1269431,70106.0,512.833333333333,69,69,1.72577240179157,2190748.98577868,2018146N19273,2.875,2018,5,26125_2018-05-28 21:00:00
2018-05-28 22:00:00,26161,366376,21898.0,512.875,68,68,3.17453648735044,1163073.98008951,2018146N19273,2.83333333333333,2018,5,26161_2018-05-28 22:00:00
2018-05-29 01:00:00,26029,26293,7367.0,513.0,28,28,0.531423917469798,13972.7290620334,2018146N19273,1.16666666666667,2018,5,26029_2018-05-29 01:00:00
2018-05-29 07:00:00,01077,95878,8429.0,513.25,45,45,1.30276426622375,124906.432317001,2018146N19273,1.875,2018,5,01077_2018-05-29 07:00:00
2018-05-29 15:00:00,01043,90665,5613.0,513.583333333333,34,34,2.3399107662114,212148.009618556,2018146N19273,1.41666666666667,2018,5,01043_2018-05-29 15:00:00
2018-05-30 03:00:00,47117,35878,4638.0,514.083333333333,39,39,0.354894351013368,12732.8995256576,2018146N19273,1.625,2018,5,47117_2018-05-30 03:00:00
2018-05-30 11:00:00,18061,39851,13606.0,514.416666666667,58,58,0.29347044875806,11695.0908534574,2018146N19273,2.41666666666667,2018,5,18061_2018-05-30 11:00:00
2018-05-30 13:00:00,18173,65185,7293.0,514.5,32,32,0.84213417792394,54894.516387972,2018146N19273,1.33333333333333,2018,5,18173_2018-05-30 13:00:00
2018-05-30 14:00:00,21091,9021,744.0,514.541666666667,34,34,1.47715053763441,13325.375,2018146N19273,1.41666666666667,2018,5,21091_2018-05-30 14:00:00
2018-05-30 15:00:00,21101,44046,3881.0,514.583333333333,32,32,0.712702911620716,31391.7124452461,2018146N19273,1.33333333333333,2018,5,21101_2018-05-30 15:00:00
2018-05-30 23:00:00,01059,31932,4764.0,514.916666666667,40,40,0.218694246724516,6983.34468640724,2018146N19273,1.66666666666667,2018,5,01059_2018-05-30 23:00:00
2018-05-31 07:00:00,47053,50837,9943.0,515.25,25,25,0.417886060398249,21244.0736524658,2018146N19273,1.04166666666667,2018,5,47053_2018-05-31 07:00:00
2018-05-31 19:00:00,18125,12168,3424.2,515.75,26,26,2.51099820694802,30553.8261821436,2018146N19273,1.08333333333333,2018,5,18125_2018-05-31 19:00:00
2018-05-31 20:00:00,18117,19623,3639.0,515.791666666667,31,31,5.3643858202803,105265.34295136,2018146N19273,1.29166666666667,2018,5,18117_2018-05-31 20:00:00
2018-05-31 20:00:00,18175,28224,14018.0,515.791666666667,24,24,8.00805634854883,226019.382381442,2018146N19273,1.0,2018,5,18175_2018-05-31 20:00:00
2018-05-31 20:00:00,18093,45222,21390.0,515.791666666667,25,25,3.79111278495945,171441.702361436,2018146N19273,1.04166666666667,2018,5,18093_2018-05-31 20:00:00
2018-05-31 20:00:00,18079,27536,13684.0,515.791666666667,48,48,4.05328349680857,111611.214368121,2018146N19273,2.0,2018,5,18079_2018-05-31 20:00:00
2018-06-01 08:00:00,18147,19967,2462.0,516.291666666667,26,26,1.32430409760832,26442.3799169454,2018146N19273,1.08333333333333,2018,6,18147_2018-06-01 08:00:00
2018-06-01 18:00:00,17151,3770,583.0,516.708333333333,54,54,1.6541095890411,6235.99315068493,2018146N19273,2.25,2018,6,17151_2018-06-01 18:00:00
2018-06-01 23:00:00,47023,17609,4588.0,516.916666666667,38,38,0.297733217088056,5242.78421970357,2018146N19273,1.58333333333333,2018,6,47023_2018-06-01 23:00:00
2018-06-02 20:00:00,12063,48211,3174.0,517.791666666667,28,28,0.105545053560176,5088.43257718967,2018146N19273,1.16666666666667,2018,6,12063_2018-06-02 20:00:00
2018-09-11 18:00:00,37079,20211,2562.75,618.708333333333,144,144,30.8608275029179,623728.184661473,2018242N13343,6.0,2018,9,37079_2018-09-11 18:00:00
2018-09-13 14:00:00,37013,44272,10869.0,620.541666666667,175,175,52.3093163187351,2315838.05206304,2018242N13343,7.29166666666667,2018,9,37013_2018-09-13 14:00:00
2018-09-13 15:00:00,37031,69380,26658.0,620.583333333333,244,244,146.307037552765,10150782.2654109,2018242N13343,10.1666666666667,2018,9,37031_2018-09-13 15:00:00
2018-09-13 17:00:00,37049,100874,21161.0,620.666666666667,264,264,122.794384055905,12386760.6972553,2018242N13343,11.0,2018,9,37049_2018-09-13 17:00:00
2018-09-13 18:00:00,37177,3365,2368.0,620.708333333333,24,24,0.482685810810811,1624.23775337838,2018242N13343,1.0,2018,9,37177_2018-09-13 18:00:00
2018-09-13 20:00:00,37103,9233,5204.0,620.791666666667,217,217,116.457785084556,1075254.72968571,2018242N13343,9.04166666666667,2018,9,37103_2018-09-13 20:00:00
2018-09-13 21:00:00,37061,48990,21096.0,620.833333333333,197,197,107.138247566613,5248702.74828838,2018242N13343,8.20833333333333,2018,9,37061_2018-09-13 21:00:00
2018-09-13 21:00:00,37137,12381,6112.0,620.833333333333,173,173,121.146669753044,1499916.91821243,2018242N13343,7.20833333333333,2018,9,37137_2018-09-13 21:00:00
2018-09-14 01:00:00,37095,4576,2969.0,621.0,68,68,17.5348602222971,80239.5203772314,2018242N13343,2.83333333333333,2018,9,37095_2018-09-14 01:00:00
2018-09-14 01:00:00,37163,59120,22395.0,621.0,145,145,56.9490698589246,3366829.01005962,2018242N13343,6.04166666666667,2018,9,37163_2018-09-14 01:00:00
2018-09-14 01:00:00,37133,207298,86872.0,621.0,188,188,82.3355718072146,17067999.364492,2018242N13343,7.83333333333333,2018,9,37133_2018-09-14 01:00:00
2018-09-14 01:00:00,45033,27738,10388.0,621.0,116,116,50.0096958931316,1387168.94468369,2018242N13343,4.83333333333333,2018,9,45033_2018-09-14 01:00:00
2018-09-14 02:00:00,37187,10828,6017.0,621.041666666667,24,24,1.31078610603291,14193.1919561243,2018242N13343,1.0,2018,9,37187_2018-09-14 02:00:00
2018-09-14 02:00:00,37107,54633,12215.0,621.041666666667,119,119,47.8333963634366,2613281.94352363,2018242N13343,4.95833333333333,2018,9,37107_2018-09-14 02:00:00
2018-09-14 04:00:00,37141,65737,33733.0,621.125,202,202,106.653733824859,7011096.50044473,2018242N13343,8.41666666666667,2018,9,37141_2018-09-14 04:00:00
2018-09-14 07:00:00,45089,30058,6509.66666666667,621.25,56,56,8.42289689821994,253175.434966695,2018242N13343,2.33333333333333,2018,9,45089_2018-09-14 07:00:00
2018-09-14 07:00:00,37101,234778,72361.0,621.25,82,82,13.6430894668224,3203097.25884164,2018242N13343,3.41666666666667,2018,9,37101_2018-09-14 07:00:00
2018-09-14 07:00:00,45027,30913,8317.0,621.25,36,36,3.69107613592333,114102.236589798,2018242N13343,1.5,2018,9,45027_2018-09-14 07:00:00
2018-09-14 08:00:00,37191,117286,42519.0,621.291666666667,92,92,23.5877505010242,2766512.90526313,2018242N13343,3.83333333333333,2018,9,37191_2018-09-14 08:00:00
2018-09-14 08:00:00,45061,16153,6202.0,621.291666666667,90,90,6.91162369219769,111643.457500069,2018242N13343,3.75,2018,9,45061_2018-09-14 08:00:00
2018-09-14 08:00:00,37153,42778,16444.0,621.291666666667,128,128,34.8206417453306,1489557.41258175,2018242N13343,5.33333333333333,2018,9,37153_2018-09-14 08:00:00
2018-09-14 09:00:00,37017,29446,20012.0,621.333333333333,149,149,76.9039819684644,2264514.6530434,2018242N13343,6.20833333333333,2018,9,37017_2018-09-14 09:00:00
2018-09-14 09:00:00,37047,49885,29742.0,621.333333333333,181,181,78.5022726137205,3916085.86933545,2018242N13343,7.54166666666667,2018,9,37047_2018-09-14 09:00:00
2018-09-14 09:00:00,37019,153064,97925.0,621.333333333333,185,185,64.7276060871203,9907466.29811898,2018242N13343,7.70833333333333,2018,9,37019_2018-09-14 09:00:00
2018-09-14 10:00:00,45067,28450,12785.0,621.375,88,88,29.2251936314206,831456.758813915,2018242N13343,3.66666666666667,2018,9,45067_2018-09-14 10:00:00
2018-09-14 10:00:00,45025,43683,10718.0,621.375,85,85,28.4638026927674,1243384.29302816,2018242N13343,3.54166666666667,2018,9,45025_2018-09-14 10:00:00
2018-09-14 10:00:00,37129,234921,127363.0,621.375,184,184,94.4828632980405,22196008.728839,2018242N13343,7.66666666666667,2018,9,37129_2018-09-14 10:00:00
2018-09-14 11:00:00,37155,116663,45365.0,621.416666666667,160,160,73.838650137601,8614238.44100294,2018242N13343,6.66666666666667,2018,9,37155_2018-09-14 11:00:00
2018-09-14 12:00:00,37051,336699,52611.0,621.458333333333,118,118,28.8647465630458,9718731.30303094,2018242N13343,4.91666666666667,2018,9,37051_2018-09-14 12:00:00
2018-09-14 12:00:00,37125,105531,49399.0,621.458333333333,109,109,31.51993254151,3326330.00103809,2018242N13343,4.54166666666667,2018,9,37125_2018-09-14 12:00:00
2018-09-14 12:00:00,37085,138832,40213.0,621.458333333333,107,107,27.5148054224233,3819935.46640587,2018242N13343,4.45833333333333,2018,9,37085_2018-09-14 12:00:00
2018-09-14 13:00:00,37007,22202,10537.0,621.5,87,87,21.9067292268028,486373.202293476,2018242N13343,3.625,2018,9,37007_2018-09-14 13:00:00
2018-09-14 13:00:00,45051,383101,159734.0,621.5,53,53,12.2892074488787,4708007.66287289,2018242N13343,2.20833333333333,2018,9,45051_2018-09-14 13:00:00
2018-09-14 13:00:00,37105,65476,25934.0,621.5,65,65,11.9267092270897,780913.213352923,2018242N13343,2.70833333333333,2018,9,37105_2018-09-14 13:00:00
2018-09-14 14:00:00,37165,34162,9467.0,621.541666666667,147,147,61.0573194051841,2085840.1455199,2018242N13343,6.125,2018,9,37165_2018-09-14 14:00:00
2018-09-14 14:00:00,37037,79864,36159.0,621.541666666667,59,59,5.1972999692485,415077.164744062,2018242N13343,2.45833333333333,2018,9,37037_2018-09-14 14:00:00
2018-09-14 15:00:00,45069,26039,4448.0,621.583333333333,103,103,39.0369360572148,1016482.77799382,2018242N13343,4.29166666666667,2018,9,45069_2018-09-14 15:00:00
2018-09-14 17:00:00,37183,1175021,467392.0,621.666666666667,25,25,1.79867720520953,2113483.4883425,2018242N13343,1.04166666666667,2018,9,37183_2018-09-14 17:00:00
2018-09-14 19:00:00,37123,25894,14532.0,621.75,99,99,22.3982444407426,579980.14154859,2018242N13343,4.125,2018,9,37123_2018-09-14 19:00:00
2018-09-14 19:00:00,45041,136721,53697.0,621.75,48,48,8.02590531684703,1097309.80082464,2018242N13343,2.0,2018,9,45041_2018-09-14 19:00:00
2018-09-14 22:00:00,45031,62398,21422.0,621.875,67,67,10.902465682517,680292.053657695,2018242N13343,2.79166666666667,2018,9,45031_2018-09-14 22:00:00
2018-09-14 23:00:00,37093,53787,22023.0,621.916666666667,116,116,37.8761615651504,2037245.10210474,2018242N13343,4.83333333333333,2018,9,37093_2018-09-14 23:00:00
2018-09-15 00:00:00,37167,64153,17296.0,621.958333333333,35,35,1.45105619392909,93089.6080091332,2018242N13343,1.45833333333333,2018,9,37167_2018-09-15 00:00:00
2018-09-15 01:00:00,37179,249070,66534.0,622.0,45,45,1.47328213474649,366950.381301307,2018242N13343,1.875,2018,9,37179_2018-09-15 01:00:00
2018-09-15 02:00:00,45055,67751,6996.0,622.041666666667,40,40,4.42087674098195,299518.820078268,2018242N13343,1.66666666666667,2018,9,45055_2018-09-15 02:00:00
2018-09-15 14:00:00,45057,104577,39719.0,622.541666666667,35,35,2.61996047838184,273987.606947738,2018242N13343,1.45833333333333,2018,9,45057_2018-09-15 14:00:00
2018-09-16 01:00:00,39163,12565,6208.0,623.0,40,40,0.617831907814905,7763.05792169428,2018242N13343,1.66666666666667,2018,9,39163_2018-09-16 01:00:00
2018-09-17 02:00:00,51077,15343,10385.0,624.041666666667,25,25,2.02111414916159,31009.9543905863,2018242N13343,1.04166666666667,2018,9,51077_2018-09-17 02:00:00
2018-09-17 14:00:00,54017,7698,3637.0,624.541666666667,28,28,0.633764091284025,4878.71597470443,2018242N13343,1.16666666666667,2018,9,54017_2018-09-17 14:00:00
2018-09-19 23:00:00,36039,48061,32200.5,626.916666666667,49,49,0.111763244518974,5371.45329482641,2018242N13343,2.04166666666667,2018,9,36039_2018-09-19 23:00:00
2018-09-04 03:00:00,28061,16167,8077.0,611.083333333333,36,36,0.878011659441652,14194.8144981932,2018246N22283,1.5,2018,9,28061_2018-09-04 03:00:00
2018-09-04 04:00:00,28129,14092,4358.0,611.125,35,35,0.283386874713171,3993.48783845801,2018246N22283,1.45833333333333,2018,9,28129_2018-09-04 04:00:00
2018-09-07 17:00:00,28025,18380,1025.0,614.666666666667,27,27,0.437073170731707,8033.40487804878,2018246N22283,1.125,2018,9,28025_2018-09-07 17:00:00
2018-09-09 01:00:00,12049,25645,9256.0,616.0,26,26,0.147363872082973,3779.14649956785,2018246N22283,1.08333333333333,2018,9,12049_2018-09-09 01:00:00
2018-10-09 00:00:00,12063,48211,3999.0,645.958333333333,553,553,343.401171354844,16555713.8721884,2018280N18273,23.0416666666667,2018,10,12063_2018-10-09 00:00:00
2018-10-09 19:00:00,45089,30058,8296.0,646.75,56,56,2.02242044358727,60789.9136933462,2018280N18273,2.33333333333333,2018,10,45089_2018-10-09 19:00:00
2018-10-09 23:00:00,45027,30913,9688.0,646.916666666667,45,45,1.21531791907514,37569.1228323699,2018280N18273,1.875,2018,10,45027_2018-10-09 23:00:00
2018-10-10 01:00:00,13153,169631,27380.0,647.0,65,65,10.4804236669102,1777804.74704164,2018280N18273,2.70833333333333,2018,10,13153_2018-10-10 01:00:00
2018-10-10 05:00:00,37049,100874,28158.0,647.166666666667,58,58,1.5869735066411,160084.365508914,2018280N18273,2.41666666666667,2018,10,37049_2018-10-10 05:00:00
2018-10-10 06:00:00,37013,44272,13427.0,647.208333333333,61,61,3.66679079466746,162336.162061518,2018280N18273,2.54166666666667,2018,10,37013_2018-10-10 06:00:00
2018-10-10 13:00:00,12129,35178,15752.0,647.5,156,156,68.5806566441014,2412530.3394262,2018280N18273,6.5,2018,10,12129_2018-10-10 13:00:00
2018-10-10 13:00:00,12077,7603,3310.0,647.5,388,388,206.088592348317,1566891.56762425,2018280N18273,16.1666666666667,2018,10,12077_2018-10-10 13:00:00
2018-10-10 14:00:00,13095,82966,4842.0,647.541666666667,268,268,107.414232391497,8911729.20459292,2018280N18273,11.1666666666667,2018,10,13095_2018-10-10 14:00:00
2018-10-10 15:00:00,12045,15314,13645.0,647.583333333333,514,514,208.094036632377,3186752.07698822,2018280N18273,21.4166666666667,2018,10,12045_2018-10-10 15:00:00
2018-10-10 16:00:00,12059,19651,5106.0,647.625,221,221,105.123950960912,2065790.76033288,2018280N18273,9.20833333333333,2018,10,12059_2018-10-10 16:00:00
2018-10-10 16:00:00,12037,12498,10332.0,647.625,151,151,109.19524696696,1364722.19659307,2018280N18273,6.29166666666667,2018,10,12037_2018-10-10 16:00:00
2018-10-10 16:00:00,12039,43403,15094.0,647.625,345,345,192.617146222732,8360161.99750523,2018280N18273,14.375,2018,10,12039_2018-10-10 16:00:00
2018-10-10 17:00:00,12131,83304,25365.0,647.666666666667,56,56,21.5488762338243,1795107.5857825,2018280N18273,2.33333333333333,2018,10,12131_2018-10-10 17:00:00
2018-10-10 17:00:00,12005,185134,115953.0,647.666666666667,504,504,189.113881077374,35011409.2593786,2018280N18273,21.0,2018,10,12005_2018-10-10 17:00:00
2018-10-10 17:00:00,13087,28982,13350.0,647.666666666667,249,249,126.343380030166,3661683.84003428,2018280N18273,10.375,2018,10,13087_2018-10-10 17:00:00
2018-10-10 18:00:00,12013,13464,8461.0,647.708333333333,511,511,380.447239474646,5122341.63228664,2018280N18273,21.2916666666667,2018,10,12013_2018-10-10 18:00:00
2018-10-10 18:00:00,12073,297369,137723.0,647.708333333333,146,146,62.9065948548324,18706471.2053867,2018280N18273,6.08333333333333,2018,10,12073_2018-10-10 18:00:00
2018-10-10 18:00:00,12133,25414,9886.0,647.708333333333,413,413,150.650666290381,3828636.03310375,2018280N18273,17.2083333333333,2018,10,12133_2018-10-10 18:00:00
2018-10-10 19:00:00,13131,26008,9073.0,647.75,247,247,129.357738947609,3364336.07454941,2018280N18273,10.2916666666667,2018,10,13131_2018-10-10 19:00:00
2018-10-10 19:00:00,13275,45561,8914.0,647.75,144,144,51.8602025288176,2362802.68741546,2018280N18273,6.0,2018,10,13275_2018-10-10 19:00:00
2018-10-10 19:00:00,12065,15042,8167.0,647.75,53,53,23.8644545120607,358969.124770417,2018280N18273,2.20833333333333,2018,10,12065_2018-10-10 19:00:00
2018-10-10 19:00:00,13259,4648,1816.0,647.75,106,106,51.3909220855797,238865.005853775,2018280N18273,4.41666666666667,2018,10,13259_2018-10-10 19:00:00
2018-10-10 20:00:00,01069,108079,28005.0,647.791666666667,151,151,53.9730501971308,5833353.2922557,2018280N18273,6.29166666666667,2018,10,01069_2018-10-10 20:00:00
2018-10-10 20:00:00,12079,18198,9285.0,647.791666666667,26,26,2.83004846526656,51501.2219709208,2018280N18273,1.08333333333333,2018,10,12079_2018-10-10 20:00:00
2018-10-10 20:00:00,13253,9127,1729.0,647.791666666667,196,196,142.795835743204,1303297.59282822,2018280N18273,8.16666666666667,2018,10,13253_2018-10-10 20:00:00
2018-10-10 21:00:00,13037,5469,2436.0,647.833333333333,195,195,111.722014833577,611007.699124832,2018280N18273,8.125,2018,10,13037_2018-10-10 21:00:00
2018-10-10 21:00:00,13201,5807,1181.0,647.833333333333,193,193,124.098465667905,720639.790133522,2018280N18273,8.04166666666667,2018,10,13201_2018-10-10 21:00:00
2018-10-10 21:00:00,13243,6116,3421.0,647.833333333333,143,143,88.8843710471687,543616.813324484,2018280N18273,5.95833333333333,2018,10,13243_2018-10-10 21:00:00
2018-10-10 21:00:00,01061,26783,15326.0,647.833333333333,78,78,23.9522455827024,641512.993441519,2018280N18273,3.25,2018,10,01061_2018-10-10 21:00:00
2018-10-10 21:00:00,13071,45762,2440.0,647.833333333333,77,77,47.1029680063458,2155526.0219064,2018280N18273,3.20833333333333,2018,10,13071_2018-10-10 21:00:00
2018-10-10 21:00:00,13239,2249,1180.0,647.833333333333,123,123,49.4955174658241,111315.418780638,2018280N18273,5.125,2018,10,13239_2018-10-10 21:00:00
2018-10-10 21:00:00,01067,17655,7563.0,647.833333333333,79,79,33.547458541466,592280.380549583,2018280N18273,3.29166666666667,2018,10,01067_2018-10-10 21:00:00
2018-10-10 22:00:00,01045,49544,18575.0,647.875,44,44,7.53244547026282,373187.478378701,2018280N18273,1.83333333333333,2018,10,01045_2018-10-10 22:00:00
2018-10-10 22:00:00,13141,8387,5497.0,647.875,46,46,9.85753613958554,82675.1556027039,2018280N18273,1.91666666666667,2018,10,13141_2018-10-10 22:00:00
2018-10-10 22:00:00,13205,21116,2905.0,647.875,309,309,154.841529879081,3269633.74492667,2018280N18273,12.875,2018,10,13205_2018-10-10 22:00:00
2018-10-10 22:00:00,13079,12140,5069.0,647.875,28,28,5.4963503649635,66725.6934306569,2018280N18273,1.16666666666667,2018,10,13079_2018-10-10 22:00:00
2018-10-10 22:00:00,13177,33642,9059.0,647.875,141,141,69.7389402968171,2346157.42946552,2018280N18273,5.875,2018,10,13177_2018-10-10 22:00:00
2018-10-10 22:00:00,13061,2845,2189.0,647.875,144,144,94.4003370248225,268568.95883562,2018280N18273,6.0,2018,10,13061_2018-10-10 22:00:00
2018-10-10 23:00:00,13321,20424,1416.0,647.916666666667,217,217,115.905684858295,2367257.70754581,2018280N18273,9.04166666666667,2018,10,13321_2018-10-10 23:00:00
2018-10-10 23:00:00,13273,8754,4839.0,647.916666666667,146,146,95.4386834015122,835470.234496837,2018280N18273,6.08333333333333,2018,10,13273_2018-10-10 23:00:00
2018-10-10 23:00:00,13007,2788,371.0,647.916666666667,367,367,236.555199987713,659515.897565745,2018280N18273,15.2916666666667,2018,10,13007_2018-10-10 23:00:00
2018-10-10 23:00:00,13261,28877,14768.0,647.916666666667,96,96,41.1144424358009,1187261.75421862,2018280N18273,4.0,2018,10,13261_2018-10-10 23:00:00
2018-10-10 23:00:00,01005,24706,10892.0,647.916666666667,42,42,10.6726353860847,263678.129848607,2018280N18273,1.75,2018,10,01005_2018-10-10 23:00:00
2018-10-10 23:00:00,13249,4496,1444.0,647.916666666667,63,63,20.0340059356446,90072.8906866579,2018280N18273,2.625,2018,10,13249_2018-10-10 23:00:00
2018-10-11 00:00:00,13075,17404,1578.0,647.958333333333,39,39,7.83079847908746,136287.216730038,2018280N18273,1.625,2018,10,13075_2018-10-11 00:00:00
2018-10-11 00:00:00,13307,2328,1333.0,647.958333333333,122,122,63.1538408019407,147022.141386918,2018280N18273,5.08333333333333,2018,10,13307_2018-10-11 00:00:00
2018-10-11 00:00:00,13027,16253,902.0,647.958333333333,28,28,13.3381374722838,216784.748337029,2018280N18273,1.16666666666667,2018,10,13027_2018-10-11 00:00:00
2018-10-11 00:00:00,13287,8842,5135.0,647.958333333333,151,151,51.9504658288324,459346.018858536,2018280N18273,6.29166666666667,2018,10,13287_2018-10-11 00:00:00
2018-10-11 00:00:00,13003,8183,4549.0,647.958333333333,40,40,6.82215871620136,55825.7247746757,2018280N18273,1.66666666666667,2018,10,13003_2018-10-11 00:00:00
2018-10-11 01:00:00,13193,11765,6145.0,648.0,49,49,28.4966639544345,335263.251423922,2018280N18273,2.04166666666667,2018,10,13193_2018-10-11 01:00:00
2018-10-11 01:00:00,13019,18214,4422.0,648.0,47,47,19.8997068891876,362453.261279663,2018280N18273,1.95833333333333,2018,10,13019_2018-10-11 01:00:00
2018-10-11 01:00:00,13315,8761,4912.0,648.0,115,115,62.6893943013266,549221.783473923,2018280N18273,4.79166666666667,2018,10,13315_2018-10-11 01:00:00
2018-10-11 01:00:00,13069,43172,13869.0,648.0,44,44,12.5984714770518,543901.210607282,2018280N18273,1.83333333333333,2018,10,13069_2018-10-11 01:00:00
2018-10-11 01:00:00,13017,17069,3299.0,648.0,97,97,51.9421229136294,886600.096012741,2018280N18273,4.04166666666667,2018,10,13017_2018-10-11 01:00:00
2018-10-11 01:00:00,13155,9126,6013.0,648.0,68,68,22.3363841003872,203841.841300134,2018280N18273,2.83333333333333,2018,10,13155_2018-10-11 01:00:00
2018-10-11 01:00:00,13277,41412,12826.0,648.0,69,69,22.6022408232445,936003.9969722,2018280N18273,2.875,2018,10,13277_2018-10-11 01:00:00
2018-10-11 01:00:00,13197,7449,3006.0,648.0,42,42,13.0319806605484,97075.2239404253,2018280N18273,1.75,2018,10,13197_2018-10-11 01:00:00
2018-10-11 02:00:00,13161,14889,7743.0,648.041666666667,40,40,13.0835593439235,194801.115071678,2018280N18273,1.66666666666667,2018,10,13161_2018-10-11 02:00:00
2018-10-11 02:00:00,13269,7737,4219.0,648.041666666667,44,44,5.67138577306864,43879.511726232,2018280N18273,1.83333333333333,2018,10,13269_2018-10-11 02:00:00
2018-10-11 02:00:00,13093,10572,6397.0,648.041666666667,92,92,41.0656557761451,434146.112865406,2018280N18273,3.83333333333333,2018,10,13093_2018-10-11 02:00:00
2018-10-11 04:00:00,13167,9242,4055.0,648.125,66,66,35.0714721359959,324130.545480874,2018280N18273,2.75,2018,10,13167_2018-10-11 04:00:00
2018-10-11 04:00:00,13267,24064,8625.0,648.125,24,24,7.23118071803862,174011.132798881,2018280N18273,1.0,2018,10,13267_2018-10-11 04:00:00
2018-10-11 04:00:00,13235,9984,4489.0,648.125,112,112,51.4617955001114,513794.566273112,2018280N18273,4.66666666666667,2018,10,13235_2018-10-11 04:00:00
2018-10-11 04:00:00,13023,12257,2902.0,648.125,64,64,31.9827705031013,392012.818056513,2018280N18273,2.66666666666667,2018,10,13023_2018-10-11 04:00:00
2018-10-11 04:00:00,13225,28562,6976.0,648.125,38,38,8.05705275229358,230125.540711009,2018280N18273,1.58333333333333,2018,10,13225_2018-10-11 04:00:00
2018-10-11 05:00:00,13289,7680,1531.0,648.166666666667,42,42,10.0235140431091,76980.5878510777,2018280N18273,1.75,2018,10,13289_2018-10-11 05:00:00
2018-10-11 05:00:00,13175,49660,12185.0,648.166666666667,64,64,29.0008027573167,1440179.86492835,2018280N18273,2.66666666666667,2018,10,13175_2018-10-11 05:00:00
2018-10-11 05:00:00,13271,12354,3483.0,648.166666666667,66,66,34.8136663795579,430088.034453058,2018280N18273,2.75,2018,10,13271_2018-10-11 05:00:00
2018-10-11 05:00:00,13319,8681,2405.0,648.166666666667,37,37,7.0004158004158,60770.6095634096,2018280N18273,1.54166666666667,2018,10,13319_2018-10-11 05:00:00
2018-10-11 05:00:00,13091,19802,3709.0,648.166666666667,65,65,35.6983014289566,706897.764896199,2018280N18273,2.70833333333333,2018,10,13091_2018-10-11 05:00:00
2018-10-11 05:00:00,13169,28472,12937.0,648.166666666667,38,38,6.58769421040427,187564.82955863,2018280N18273,1.58333333333333,2018,10,13169_2018-10-11 05:00:00
2018-10-11 06:00:00,13043,11000,5484.0,648.208333333333,34,34,9.233169257776,101564.861835536,2018280N18273,1.41666666666667,2018,10,13043_2018-10-11 06:00:00
2018-10-11 06:00:00,13107,22929,7891.0,648.208333333333,45,45,16.1160076354961,369523.939074291,2018280N18273,1.875,2018,10,13107_2018-10-11 06:00:00
2018-10-11 06:00:00,13303,19738,6586.0,648.208333333333,57,57,22.9078348010932,452154.843303978,2018280N18273,2.375,2018,10,13303_2018-10-11 06:00:00
2018-10-11 06:00:00,13309,7314,823.0,648.208333333333,60,60,30.6123936816525,223899.047387606,2018280N18273,2.5,2018,10,13309_2018-10-11 06:00:00
2018-10-11 06:00:00,13209,8655,1649.0,648.208333333333,41,41,26.5166767738023,229501.837477259,2018280N18273,1.70833333333333,2018,10,13209_2018-10-11 06:00:00
2018-10-11 07:00:00,13283,6365,1373.0,648.25,36,36,5.18572469045885,33007.1376547706,2018280N18273,1.5,2018,10,13283_2018-10-11 07:00:00
2018-10-11 08:00:00,13301,5155,3118.0,648.291666666667,41,41,6.13758819756254,31639.2671584349,2018280N18273,1.70833333333333,2018,10,13301_2018-10-11 08:00:00
2018-10-11 08:00:00,13163,15314,7803.0,648.291666666667,33,33,7.23571974009622,110807.812099833,2018280N18273,1.375,2018,10,13163_2018-10-11 08:00:00
2018-10-11 09:00:00,13033,24388,6169.0,648.333333333333,31,31,6.95745671781808,169678.454434147,2018280N18273,1.29166666666667,2018,10,13033_2018-10-11 09:00:00
2018-10-11 11:00:00,45009,12908,7151.0,648.416666666667,24,24,3.51852887708013,45417.1707453503,2018280N18273,1.0,2018,10,45009_2018-10-11 11:00:00
2018-10-11 13:00:00,45085,104012,37360.0,648.5,25,25,2.76107143970473,287184.562586569,2018280N18273,1.04166666666667,2018,10,45085_2018-10-11 13:00:00
2018-10-11 16:00:00,37167,64153,17317.0,648.625,36,36,3.19732055205867,205117.70537622,2018280N18273,1.5,2018,10,37167_2018-10-11 16:00:00
2018-10-11 16:00:00,37123,25894,14541.0,648.625,53,53,10.1949546204058,263988.154940788,2018280N18273,2.20833333333333,2018,10,37123_2018-10-11 16:00:00
2018-10-11 17:00:00,51590,42229,2873.0,648.666666666667,154,154,46.4116849980159,1959919.04578121,2018280N18273,6.41666666666667,2018,10,51590_2018-10-11 17:00:00
2018-10-11 18:00:00,37007,22202,10549.0,648.708333333333,34,34,4.32221063607925,95961.7205422315,2018280N18273,1.41666666666667,2018,10,37007_2018-10-11 18:00:00
2018-10-11 19:00:00,37109,93095,34558.0,648.75,26,26,3.26448289831587,303907.035418716,2018280N18273,1.08333333333333,2018,10,37109_2018-10-11 19:00:00
2018-10-11 19:00:00,37059,44090,21372.0,648.75,46,46,6.68870484746397,294904.996724687,2018280N18273,1.91666666666667,2018,10,37059_2018-10-11 19:00:00
2018-10-11 20:00:00,51019,80848,35228.0,648.791666666667,26,26,1.87975474054729,151974.411263767,2018280N18273,1.08333333333333,2018,10,51019_2018-10-11 20:00:00
2018-10-11 20:00:00,51089,49906,27349.0,648.791666666667,70,70,12.3872400665008,618197.602758789,2018280N18273,2.91666666666667,2018,10,51089_2018-10-11 20:00:00
2018-10-11 20:00:00,37119,1145392,491293.0,648.791666666667,27,27,2.05388027103989,2352498.03140692,2018280N18273,1.125,2018,10,37119_2018-10-11 20:00:00
2018-10-11 20:00:00,51141,17643,12006.0,648.791666666667,53,53,15.812946380097,278987.812984052,2018280N18273,2.20833333333333,2018,10,51141_2018-10-11 20:00:00
2018-10-11 20:00:00,37159,149645,67617.0,648.791666666667,73,73,12.1438815420014,1817271.1533528,2018280N18273,3.04166666666667,2018,10,37159_2018-10-11 20:00:00
2018-10-11 20:00:00,37057,172586,60390.0,648.791666666667,74,74,14.5677797453457,2514194.83513023,2018280N18273,3.08333333333333,2018,10,37057_2018-10-11 20:00:00
2018-10-11 20:00:00,37067,389157,181247.0,648.791666666667,51,51,6.50090154781759,2529871.34364405,2018280N18273,2.125,2018,10,37067_2018-10-11 20:00:00
2018-10-11 20:00:00,51035,29147,18404.0,648.791666666667,24,24,3.08998043903499,90063.6598565529,2018280N18273,1.0,2018,10,51035_2018-10-11 20:00:00
2018-10-11 20:00:00,37169,45175,24877.0,648.791666666667,52,52,10.6184433268995,479688.177292683,2018280N18273,2.16666666666667,2018,10,37169_2018-10-11 20:00:00
2018-10-11 20:00:00,37157,91957,49385.0,648.791666666667,104,104,35.879099546963,3299334.35704007,2018280N18273,4.33333333333333,2018,10,37157_2018-10-11 20:00:00
2018-10-11 21:00:00,51143,59952,15782.0,648.833333333333,130,130,33.3824933131545,2001347.23911024,2018280N18273,5.41666666666667,2018,10,51143_2018-10-11 21:00:00
2018-10-11 21:00:00,51083,33644,15549.0,648.833333333333,133,133,36.1448549830778,1216057.50105067,2018280N18273,5.54166666666667,2018,10,51083_2018-10-11 21:00:00
2018-10-11 21:00:00,37151,146043,63127.0,648.833333333333,71,71,13.2995295669258,1942303.19654255,2018280N18273,2.95833333333333,2018,10,37151_2018-10-11 21:00:00
2018-10-11 21:00:00,37081,546101,213865.0,648.833333333333,93,93,24.1582954335849,13192869.2945761,2018280N18273,3.875,2018,10,37081_2018-10-11 21:00:00
2018-10-11 21:00:00,37185,18713,5887.0,648.833333333333,72,72,16.2252968607181,303623.980154618,2018280N18273,3.0,2018,10,37185_2018-10-11 21:00:00
2018-10-11 21:00:00,37137,12381,8584.0,648.833333333333,24,24,6.32945013979497,78364.9221808015,2018280N18273,1.0,2018,10,37137_2018-10-11 21:00:00
2018-10-11 21:00:00,51067,55074,32147.0,648.833333333333,42,42,2.82005578347693,155311.752219209,2018280N18273,1.75,2018,10,51067_2018-10-11 21:00:00
2018-10-11 22:00:00,51111,12031,3803.0,648.875,123,123,47.8775243470058,576014.495418827,2018280N18273,5.125,2018,10,51111_2018-10-11 22:00:00
2018-10-11 22:00:00,51049,9746,4983.0,648.875,111,111,36.3803951210826,354563.330850071,2018280N18273,4.625,2018,10,51049_2018-10-11 22:00:00
2018-10-11 22:00:00,51149,43134,5918.0,648.875,43,43,10.7284555593106,462761.202095302,2018280N18273,1.79166666666667,2018,10,51149_2018-10-11 22:00:00
2018-10-11 22:00:00,51147,21927,9674.0,648.875,122,122,52.6747831800911,1154999.97078986,2018280N18273,5.08333333333333,2018,10,51147_2018-10-11 22:00:00
2018-10-11 22:00:00,37135,150477,56268.0,648.875,67,67,13.7643121968949,2071212.40645215,2018280N18273,2.79166666666667,2018,10,37135_2018-10-11 22:00:00
2018-10-11 22:00:00,51670,22962,10714.0,648.875,41,41,5.94101176031361,136417.512040321,2018280N18273,1.70833333333333,2018,10,51670_2018-10-11 22:00:00
2018-10-11 22:00:00,51011,16748,8336.0,648.875,53,53,8.51595212459619,142625.166182737,2018280N18273,2.20833333333333,2018,10,51011_2018-10-11 22:00:00
2018-10-11 22:00:00,51025,15921,5989.0,648.875,75,75,25.1533048253736,400465.766124774,2018280N18273,3.125,2018,10,51025_2018-10-11 22:00:00
2018-10-11 22:00:00,51037,11475,5685.0,648.875,123,123,50.9732623448633,584918.185407306,2018280N18273,5.125,2018,10,51037_2018-10-11 22:00:00
2018-10-11 22:00:00,51031,55141,28097.0,648.875,25,25,1.93002816907149,106423.683270771,2018280N18273,1.04166666666667,2018,10,51031_2018-10-11 22:00:00
2018-10-11 22:00:00,51029,16982,8297.0,648.875,69,69,23.1501665095401,393136.12766501,2018280N18273,2.875,2018,10,51029_2018-10-11 22:00:00
2018-10-11 22:00:00,37037,79864,36225.0,648.875,76,76,17.8335828237683,1424261.25863743,2018280N18273,3.16666666666667,2018,10,37037_2018-10-11 22:00:00
2018-10-11 22:00:00,37033,22614,12161.0,648.875,116,116,48.9114741438536,1106084.0762891,2018280N18273,4.83333333333333,2018,10,37033_2018-10-11 22:00:00
2018-10-11 23:00:00,37145,39386,16524.0,648.916666666667,52,52,18.5389498869922,730175.080249074,2018280N18273,2.16666666666667,2018,10,37145_2018-10-11 23:00:00
2018-10-11 23:00:00,51117,30508,12357.0,648.916666666667,93,93,30.2708210093179,923502.20735227,2018280N18273,3.875,2018,10,51117_2018-10-11 23:00:00
2018-10-11 23:00:00,51135,15559,3380.0,648.916666666667,137,137,64.1314529505015,997821.276456853,2018280N18273,5.70833333333333,2018,10,51135_2018-10-11 23:00:00
2018-10-11 23:00:00,37001,176353,78812.0,648.916666666667,77,77,15.1152649922457,2665622.32717751,2018280N18273,3.20833333333333,2018,10,37001_2018-10-11 23:00:00
2018-10-12 00:00:00,37181,42138,23793.0,648.958333333333,70,70,16.1338580213581,679848.509303987,2018280N18273,2.91666666666667,2018,10,37181_2018-10-12 00:00:00
2018-10-12 00:00:00,51145,31489,11366.0,648.958333333333,97,97,30.8170496554713,970398.076601137,2018280N18273,4.04166666666667,2018,10,51145_2018-10-12 00:00:00
2018-10-12 00:00:00,51075,26109,12112.0,648.958333333333,48,48,9.97414170988322,260414.865903341,2018280N18273,2.0,2018,10,51075_2018-10-12 00:00:00
2018-10-12 00:00:00,37077,61903,27452.0,648.958333333333,69,69,14.1219801815671,874192.939179547,2018280N18273,2.875,2018,10,37077_2018-10-12 00:00:00
2018-10-12 00:00:00,37063,332680,147372.0,648.958333333333,24,24,3.3035040577586,1099009.72993513,2018280N18273,1.0,2018,10,37063_2018-10-12 00:00:00
2018-10-12 00:00:00,51007,13455,3777.0,648.958333333333,143,143,60.3323767462166,811772.129120344,2018280N18273,5.95833333333333,2018,10,51007_2018-10-12 00:00:00
2018-10-12 00:00:00,51053,28161,8944.0,648.958333333333,72,72,17.9540587548898,505604.248596452,2018280N18273,3.0,2018,10,51053_2018-10-12 00:00:00
2018-10-12 01:00:00,51087,333962,149782.0,649.0,47,47,5.26686117156935,1758931.49057964,2018280N18273,1.95833333333333,2018,10,51087_2018-10-12 01:00:00
2018-10-12 01:00:00,51073,39493,19617.0,649.0,96,96,34.8906970502861,1377938.29860695,2018280N18273,4.0,2018,10,51073_2018-10-12 01:00:00
2018-10-12 01:00:00,51085,112938,49273.0,649.0,51,51,8.26046977888833,932920.93588809,2018280N18273,2.125,2018,10,51085_2018-10-12 01:00:00
2018-10-12 01:00:00,51550,252488,102543.0,649.0,30,30,3.51172678778659,886668.87319466,2018280N18273,1.25,2018,10,51550_2018-10-12 01:00:00
2018-10-12 01:00:00,37069,74539,39569.0,649.0,50,50,8.22759729796841,613276.874993268,2018280N18273,2.08333333333333,2018,10,37069_2018-10-12 01:00:00
2018-10-12 01:00:00,37103,9233,5483.0,649.0,24,24,5.1285792449389,47352.1721685209,2018280N18273,1.0,2018,10,37103_2018-10-12 01:00:00
2018-10-12 02:00:00,37127,95789,25632.0,649.041666666667,30,30,5.49145646574051,526021.123396818,2018280N18273,1.25,2018,10,37127_2018-10-12 02:00:00
2018-10-12 02:00:00,51101,18492,8560.0,649.041666666667,88,88,13.0464978934287,241255.839045283,2018280N18273,3.66666666666667,2018,10,51101_2018-10-12 02:00:00
2018-10-12 02:00:00,51097,6718,4227.0,649.041666666667,89,89,34.6204623870771,232580.266316384,2018280N18273,3.70833333333333,2018,10,51097_2018-10-12 02:00:00
2018-10-12 02:00:00,51183,10680,3554.0,649.041666666667,40,40,4.6381541924592,49535.4867754643,2018280N18273,1.66666666666667,2018,10,51183_2018-10-12 02:00:00
2018-10-12 02:00:00,37065,48301,5234.0,649.041666666667,28,28,2.05413916180276,99216.975654235,2018280N18273,1.16666666666667,2018,10,37065_2018-10-12 02:00:00
2018-10-12 02:00:00,51760,229395,109804.0,649.041666666667,45,45,5.9975501803213,1375808.0236148,2018280N18273,1.875,2018,10,51760_2018-10-12 02:00:00
2018-10-12 02:00:00,51081,11226,2514.0,649.041666666667,41,41,11.3750994431185,127696.866348449,2018280N18273,1.70833333333333,2018,10,51081_2018-10-12 02:00:00
2018-10-12 02:00:00,51041,378408,148658.0,649.041666666667,46,46,7.69406960943912,2911497.49276864,2018280N18273,1.91666666666667,2018,10,51041_2018-10-12 02:00:00
2018-10-12 03:00:00,51057,10630,7122.0,649.083333333333,48,48,16.7629009573122,178189.637176229,2018280N18273,2.0,2018,10,51057_2018-10-12 03:00:00
2018-10-12 03:00:00,51036,6605,3970.0,649.083333333333,72,72,46.2851385390428,305713.340050378,2018280N18273,3.0,2018,10,51036_2018-10-12 03:00:00
2018-10-12 03:00:00,51570,18294,8908.0,649.083333333333,41,41,4.1722047597665,76326.3138751684,2018280N18273,1.70833333333333,2018,10,51570_2018-10-12 03:00:00
2018-10-12 03:00:00,51193,18712,8061.0,649.083333333333,66,66,11.2430116664891,210379.234303345,2018280N18273,2.75,2018,10,51193_2018-10-12 03:00:00
2018-10-12 03:00:00,51127,24986,10426.0,649.083333333333,71,71,37.7991559562632,944449.710723192,2018280N18273,2.95833333333333,2018,10,51127_2018-10-12 03:00:00
2018-10-12 03:00:00,51133,12302,9383.0,649.083333333333,90,90,42.6051899307615,524129.046528228,2018280N18273,3.75,2018,10,51133_2018-10-12 03:00:00
2018-10-12 04:00:00,51095,81199,38124.0,649.125,48,48,14.9209684188438,1211567.7146417,2018280N18273,2.0,2018,10,51095_2018-10-12 04:00:00
2018-10-12 04:00:00,51159,9080,3417.0,649.125,88,88,48.9086912176064,444090.916255867,2018280N18273,3.66666666666667,2018,10,51159_2018-10-12 04:00:00
2018-10-12 04:00:00,51119,10943,10173.0,649.125,87,87,24.5920426160591,269110.722347535,2018280N18273,3.625,2018,10,51119_2018-10-12 04:00:00
2018-10-12 05:00:00,51103,10750,8599.0,649.166666666667,66,66,36.731567446211,394864.350046768,2018280N18273,2.75,2018,10,51103_2018-10-12 05:00:00
2018-10-12 05:00:00,51830,15909,6690.0,649.166666666667,35,35,8.92765321375187,142030.034977578,2018280N18273,1.45833333333333,2018,10,51830_2018-10-12 05:00:00
2018-10-12 05:00:00,51700,184306,82904.0,649.166666666667,44,44,9.11687011483161,1680293.86338415,2018280N18273,1.83333333333333,2018,10,51700_2018-10-12 05:00:00
2018-10-12 05:00:00,51199,71341,30455.0,649.166666666667,57,57,15.7814152027582,1125861.94197997,2018280N18273,2.375,2018,10,51199_2018-10-12 05:00:00
2018-10-12 06:00:00,51650,138037,64443.0,649.208333333333,44,44,9.45392051890818,1304990.82666853,2018280N18273,1.83333333333333,2018,10,51650_2018-10-12 06:00:00
2018-10-12 06:00:00,51740,97029,44519.0,649.208333333333,40,40,6.50528987623262,631201.771400975,2018280N18273,1.66666666666667,2018,10,51740_2018-10-12 06:00:00
2018-10-12 06:00:00,51115,8490,6705.0,649.208333333333,93,93,42.3401426870124,359467.811412735,2018280N18273,3.875,2018,10,51115_2018-10-12 06:00:00
2018-10-12 07:00:00,51810,455618,199885.0,649.25,36,36,5.13333666858444,2338840.5862671,2018280N18273,1.5,2018,10,51810_2018-10-12 07:00:00
2019-07-10 00:00:00,48183,125443,82023.0,919.958333333333,33,33,0.697169255394024,87455.0029043926,2019192N29274,1.375,2019,7,48183_2019-07-10 00:00:00
2019-07-10 14:00:00,40089,30931,10185.0,920.541666666667,25,25,0.436033382425135,13486.9485517918,2019192N29274,1.04166666666667,2019,7,40089_2019-07-10 14:00:00
2019-07-11 01:00:00,05133,15686,8330.0,921.0,46,46,0.884923639521796,13880.9122095389,2019192N29274,1.91666666666667,2019,7,05133_2019-07-11 01:00:00
2019-07-12 00:00:00,22077,20151,5069.0,921.958333333333,92,92,5.84814165930833,117845.902576722,2019192N29274,3.83333333333333,2019,7,22077_2019-07-12 00:00:00
2019-07-12 02:00:00,22099,51236,24147.0,922.041666666667,134,134,9.3598152232639,479559.492779149,2019192N29274,5.58333333333333,2019,7,22099_2019-07-12 02:00:00
2019-07-12 17:00:00,22085,21985,14912.0,922.666666666667,31,31,0.29386125381124,6460.53966504011,2019192N29274,1.29166666666667,2019,7,22085_2019-07-12 17:00:00
2019-07-12 22:00:00,22109,104786,27781.0,922.875,94,94,28.3731903068141,2973113.11948983,2019192N29274,3.91666666666667,2019,7,22109_2019-07-12 22:00:00
2019-07-12 23:00:00,22057,95870,43756.0,922.916666666667,94,94,8.39397112548158,804730.01179992,2019192N29274,3.91666666666667,2019,7,22057_2019-07-12 23:00:00
2019-07-13 04:00:00,22101,47789,18981.0,923.125,92,92,42.8861493072019,2049486.18924187,2019192N29274,3.83333333333333,2019,7,22101_2019-07-13 04:00:00
2019-07-13 04:00:00,22093,19423,9905.0,923.125,63,63,2.15651368738068,41885.965349995,2019192N29274,2.625,2019,7,22093_2019-07-13 04:00:00
2019-07-13 05:00:00,22001,56744,27178.0,923.166666666667,35,35,0.631418700671124,35829.2227508823,2019192N29274,1.45833333333333,2019,7,22001_2019-07-13 05:00:00
2019-07-13 05:00:00,22007,20604,10503.0,923.166666666667,84,84,29.7261144772049,612476.86268833,2019192N29274,3.5,2019,7,22007_2019-07-13 05:00:00
2019-07-13 12:00:00,22047,29506,9008.0,923.458333333333,81,81,10.4290282443036,307718.907376421,2019192N29274,3.375,2019,7,22047_2019-07-13 12:00:00
2019-07-13 13:00:00,28157,8143,5993.0,923.5,55,55,3.32154179876523,27047.3148673452,2019192N29274,2.29166666666667,2019,7,28157_2019-07-13 13:00:00
2019-07-13 14:00:00,22037,19135,6027.0,923.541666666667,26,26,0.215530114484818,4124.168740667,2019192N29274,1.08333333333333,2019,7,22037_2019-07-13 14:00:00
2019-07-13 17:00:00,22045,68327,34826.0,923.666666666667,71,71,31.1035529929283,2125212.46534781,2019192N29274,2.95833333333333,2019,7,22045_2019-07-13 17:00:00
2019-07-13 18:00:00,22125,15381,4473.0,923.708333333333,79,79,5.15333530668805,79263.4503521689,2019192N29274,3.29166666666667,2019,7,22125_2019-07-13 18:00:00
2019-07-13 19:00:00,22043,22000,10543.0,923.75,29,29,1.97770853223329,43509.5877091323,2019192N29274,1.20833333333333,2019,7,22043_2019-07-13 19:00:00
2019-07-13 20:00:00,22009,38751,36348.0,923.791666666667,43,43,3.75553387660791,145530.693252433,2019192N29274,1.79166666666667,2019,7,22009_2019-07-13 20:00:00
2019-07-13 21:00:00,22113,56952,22081.0,923.833333333333,29,29,2.7109864630046,154396.101041038,2019192N29274,1.20833333333333,2019,7,22113_2019-07-13 21:00:00
2019-07-13 22:00:00,22097,81773,44938.0,923.875,24,24,1.73451937118949,141836.852540279,2019192N29274,1.0,2019,7,22097_2019-07-13 22:00:00
2019-07-14 00:00:00,22127,13205,5238.0,923.958333333333,61,61,2.84803360061092,37608.2836960672,2019192N29274,2.54166666666667,2019,7,22127_2019-07-14 00:00:00
2019-07-14 11:00:00,29055,22659,2458.0,924.416666666667,34,34,0.614967267977228,13934.543325096,2019192N29274,1.41666666666667,2019,7,29055_2019-07-14 11:00:00
2019-07-14 11:00:00,22011,36570,10512.0,924.416666666667,37,37,0.252473363774734,9232.95091324201,2019192N29274,1.54166666666667,2019,7,22011_2019-07-14 11:00:00
2019-09-03 21:00:00,13191,11180,8198.0,975.833333333333,29,29,0.282507928763113,3158.4386435716,2019236N10314,1.20833333333333,2019,9,13191_2019-09-03 21:00:00
2019-09-05 07:00:00,45013,196371,65270.0,977.25,32,32,5.04951738930596,991578.779255401,2019236N10314,1.33333333333333,2019,9,45013_2019-09-05 07:00:00
2019-09-05 07:00:00,45019,419279,228154.0,977.25,63,63,18.9289340338158,7936504.53276427,2019236N10314,2.625,2019,9,45019_2019-09-05 07:00:00
2019-09-05 08:00:00,45029,38599,24418.0,977.291666666667,46,46,7.67853763810288,296383.874293133,2019236N10314,1.91666666666667,2019,9,45029_2019-09-05 08:00:00
2019-09-05 10:00:00,45089,30058,8346.0,977.375,36,36,6.28652584242165,188960.39377151,2019236N10314,1.5,2019,9,45089_2019-09-05 10:00:00
2019-09-05 10:00:00,45043,64722,41580.0,977.375,37,37,5.90028707866528,381878.380305374,2019236N10314,1.54166666666667,2019,9,45043_2019-09-05 10:00:00
2019-09-05 10:00:00,45015,245117,108687.0,977.375,37,37,6.32181155611136,1549583.48319935,2019236N10314,1.54166666666667,2019,9,45015_2019-09-05 10:00:00
2019-09-05 11:00:00,45035,166133,78417.0,977.416666666667,34,34,8.17640307586365,1358370.37220246,2019236N10314,1.41666666666667,2019,9,45035_2019-09-05 11:00:00
2019-09-05 15:00:00,37031,69380,58303.0,977.583333333333,56,56,10.8284479357838,751277.717784677,2019236N10314,2.33333333333333,2019,9,37031_2019-09-05 15:00:00
2019-09-05 16:00:00,37103,9233,5416.0,977.625,34,34,5.01715259052552,46323.3698683222,2019236N10314,1.41666666666667,2019,9,37103_2019-09-05 16:00:00
2019-09-06 00:00:00,37155,116663,45365.0,977.958333333333,24,24,3.0851792984771,359926.272498233,2019236N10314,1.0,2019,9,37155_2019-09-06 00:00:00
2019-09-06 01:00:00,37117,21508,10233.0,978.0,35,35,3.49174240203264,75100.395582918,2019236N10314,1.45833333333333,2019,9,37117_2019-09-06 01:00:00
2019-09-06 03:00:00,37095,4576,2969.0,978.083333333333,108,108,60.0533031355156,274803.915148119,2019236N10314,4.5,2019,9,37095_2019-09-06 03:00:00
2019-09-06 07:00:00,37137,12381,8598.0,978.25,55,55,22.0885098481529,273477.840429981,2019236N10314,2.29166666666667,2019,9,37137_2019-09-06 07:00:00
2019-09-06 07:00:00,37065,48301,5518.0,978.25,36,36,2.3240304458137,112252.994563248,2019236N10314,1.5,2019,9,37065_2019-09-06 07:00:00
2019-09-06 08:00:00,37187,10828,6002.0,978.291666666667,58,58,20.8884577884886,226180.220933755,2019236N10314,2.41666666666667,2019,9,37187_2019-09-06 08:00:00
2019-09-06 10:00:00,37013,44272,13472.0,978.375,61,61,19.1596074810836,848234.142402531,2019236N10314,2.54166666666667,2019,9,37013_2019-09-06 10:00:00
2019-09-06 10:00:00,37049,100874,28195.0,978.375,35,35,10.2326653661997,1032209.88615003,2019236N10314,1.45833333333333,2019,9,37049_2019-09-06 10:00:00
2019-09-06 11:00:00,37139,40938,3943.0,978.416666666667,60,60,7.1716162671003,293591.626742552,2019236N10314,2.5,2019,9,37139_2019-09-06 11:00:00
2019-09-06 12:00:00,37177,3365,2393.0,978.458333333333,58,58,33.4554951943168,112577.741328876,2019236N10314,2.41666666666667,2019,9,37177_2019-09-06 12:00:00
2019-09-06 13:00:00,37053,31015,18594.0,978.5,48,48,21.0506110169385,652884.700690347,2019236N10314,2.0,2019,9,37053_2019-09-06 13:00:00
2019-09-06 14:00:00,37029,11088,3616.0,978.541666666667,52,52,19.7494469026549,218981.867256637,2019236N10314,2.16666666666667,2019,9,37029_2019-09-06 14:00:00
2019-09-06 14:00:00,37055,37956,40310.0,978.541666666667,62,62,15.778583239006,598891.905419712,2019236N10314,2.58333333333333,2019,9,37055_2019-09-06 14:00:00
2019-09-18 16:00:00,48291,101992,36935.0,990.625,46,46,2.16951428530384,221273.100986709,2019261N28264,1.91666666666667,2019,9,48291_2019-09-18 16:00:00
2019-09-19 09:00:00,48167,357117,93951.0,991.333333333333,44,44,2.48814807718917,888559.976881566,2019261N28264,1.83333333333333,2019,9,48167_2019-09-19 09:00:00
2019-09-19 13:00:00,48361,84934,41037.0,991.5,28,28,1.95998732850842,166469.563759534,2019261N28264,1.16666666666667,2019,9,48361_2019-09-19 13:00:00
2019-09-19 18:00:00,48071,51288,19685.0,991.708333333333,43,43,2.69189009229753,138061.659053756,2019261N28264,1.79166666666667,2019,9,48071_2019-09-19 18:00:00
2019-10-20 09:00:00,51149,43134,5949.0,1022.33333333333,33,33,2.42745105013098,104705.67359635,2019291N22264,1.375,2019,10,51149_2019-10-20 09:00:00
2019-10-25 15:00:00,22089,50998,22896.0,1027.58333333333,32,32,1.70498295492522,86950.7207352763,2019299N25265,1.33333333333333,2019,10,22089_2019-10-25 15:00:00
2019-10-25 21:00:00,22087,44479,20124.0,1027.83333333333,30,30,0.307534999801311,13678.8492561625,2019299N25265,1.25,2019,10,22087_2019-10-25 21:00:00
2019-10-25 22:00:00,28159,17543,6890.0,1027.875,45,45,4.37605224963716,76769.0846153846,2019299N25265,1.875,2019,10,28159_2019-10-25 22:00:00
2019-10-26 04:00:00,21047,73037,6335.0,1028.125,72,72,10.0542814096834,734334.551319048,2019299N25265,3.0,2019,10,21047_2019-10-26 04:00:00
2019-10-26 10:00:00,21059,103222,7741.0,1028.375,32,32,4.68100537203461,483182.736512156,2019299N25265,1.33333333333333,2019,10,21059_2019-10-26 10:00:00
2019-10-26 11:00:00,22051,425884,211716.0,1028.41666666667,31,31,2.52281735185929,1074427.54507924,2019299N25265,1.29166666666667,2019,10,22051_2019-10-26 11:00:00
2019-10-26 11:00:00,22105,137048,67538.0,1028.41666666667,72,72,7.11007211346055,974421.163005542,2019299N25265,3.0,2019,10,22105_2019-10-26 11:00:00
2019-10-26 12:00:00,28147,13761,5312.0,1028.45833333333,28,28,4.46869099339701,61493.6567601362,2019299N25265,1.16666666666667,2019,10,28147_2019-10-26 12:00:00
2019-10-26 12:00:00,22117,45025,24115.0,1028.45833333333,38,38,5.10532863363052,229867.421729214,2019299N25265,1.58333333333333,2019,10,22117_2019-10-26 12:00:00
2019-10-26 12:00:00,22103,273263,127484.0,1028.45833333333,39,39,6.5615655572136,1793033.08886086,2019299N25265,1.625,2019,10,22103_2019-10-26 12:00:00
2019-10-26 13:00:00,28101,21029,6104.0,1028.5,34,34,8.37872563771661,176196.221435543,2019299N25265,1.41666666666667,2019,10,28101_2019-10-26 13:00:00
2019-10-26 13:00:00,28127,25587,9422.0,1028.5,34,34,6.96395369878725,178186.683290869,2019299N25265,1.41666666666667,2019,10,28127_2019-10-26 13:00:00
2019-10-26 13:00:00,28129,14092,4349.0,1028.5,57,57,21.8238617204918,307541.85936517,2019299N25265,2.375,2019,10,28129_2019-10-26 13:00:00
2019-10-26 13:00:00,28031,18098,7676.0,1028.5,60,60,17.8069306930693,322269.831683168,2019299N25265,2.5,2019,10,28031_2019-10-26 13:00:00
2019-10-26 13:00:00,28061,16167,8042.0,1028.5,32,32,5.06922142835653,81954.10283224,2019299N25265,1.33333333333333,2019,10,28061_2019-10-26 13:00:00
2019-10-26 13:00:00,28065,11088,5088.0,1028.5,53,53,18.012993560841,199728.072602605,2019299N25265,2.20833333333333,2019,10,28065_2019-10-26 13:00:00
2019-10-26 14:00:00,28123,27707,7066.0,1028.54166666667,34,34,8.14468898904926,225664.897819588,2019299N25265,1.41666666666667,2019,10,28123_2019-10-26 14:00:00
2019-10-26 16:00:00,28007,17509,5585.0,1028.625,30,30,5.78567591763653,101301.399641898,2019299N25265,1.25,2019,10,28007_2019-10-26 16:00:00
2019-10-26 17:00:00,28019,8037,3935.0,1028.66666666667,50,50,7.33595933926302,58959.1052096569,2019299N25265,2.08333333333333,2019,10,28019_2019-10-26 17:00:00
2019-10-26 17:00:00,28025,18380,2538.0,1028.66666666667,26,26,3.97005516154452,72969.6138691883,2019299N25265,1.08333333333333,2019,10,28025_2019-10-26 17:00:00
2019-10-26 19:00:00,28139,21431,10937.0,1028.75,30,30,6.4466489896681,138158.134497577,2019299N25265,1.25,2019,10,28139_2019-10-26 19:00:00
2019-10-26 22:00:00,47125,235201,92099.0,1028.875,70,70,12.152082942337,2858182.06012062,2019299N25265,2.91666666666667,2019,10,47125_2019-10-26 22:00:00
2019-10-26 22:00:00,21219,12404,6471.0,1028.875,48,48,11.1727881402139,138587.264091214,2019299N25265,2.0,2019,10,21219_2019-10-26 22:00:00
2019-10-27 03:00:00,18153,20670,8554.0,1029.125,33,33,0.455342529810615,9411.93009118541,2019299N25265,1.375,2019,10,18153_2019-10-27 03:00:00
2019-10-29 20:00:00,22037,19135,6040.0,1031.83333333333,50,50,0.118708609271523,2271.4892384106,2019299N25265,2.08333333333333,2019,10,22037_2019-10-29 20:00:00
2020-05-25 21:00:00,39081,64330,34129.5,1240.83333333333,26,26,0.383077054229025,24643.3468985532,2020148N32281,1.08333333333333,2020,5,39081_2020-05-25 21:00:00
2020-05-28 07:00:00,54043,19901,11354.0,1243.25,34,34,0.440901884798309,8774.38840937115,2020148N32281,1.41666666666667,2020,5,54043_2020-05-28 07:00:00
2020-05-28 14:00:00,42007,165677,48718.0,1243.54166666667,35,35,0.586699793610964,97202.6617060837,2020148N32281,1.45833333333333,2020,5,42007_2020-05-28 14:00:00
2020-05-28 15:00:00,54087,13834,8573.11111111111,1243.58333333333,49,49,0.650989522700815,9005.78905704307,2020148N32281,2.04166666666667,2020,5,54087_2020-05-28 15:00:00
2020-06-05 20:00:00,28143,9458,5673.0,1251.79166666667,67,67,6.23989091535179,59016.8882773972,2020154N19269,2.79166666666667,2020,6,28143_2020-06-05 20:00:00
2020-06-05 22:00:00,28027,20197,5814.0,1251.875,55,55,0.889653833250765,17968.3384701657,2020154N19269,2.29166666666667,2020,6,28027_2020-06-05 22:00:00
2020-06-06 02:00:00,28127,25587,9433.0,1252.04166666667,70,70,1.51167387881876,38679.1995373356,2020154N19269,2.91666666666667,2020,6,28127_2020-06-06 02:00:00
2020-06-06 06:00:00,05019,21250,12126.0,1252.20833333333,35,35,4.04136843440658,85879.0792311398,2020154N19269,1.45833333333333,2020,6,05019_2020-06-06 06:00:00
2020-06-06 06:00:00,05059,33203,16563.0,1252.20833333333,49,49,0.632052074569848,20986.0250319426,2020154N19269,2.04166666666667,2020,6,05059_2020-06-06 06:00:00
2020-06-06 08:00:00,05109,10179,10039.0,1252.29166666667,86,86,5.24078077109499,53345.9074689759,2020154N19269,3.58333333333333,2020,6,05109_2020-06-06 08:00:00
2020-06-06 08:00:00,05057,19453,5270.0,1252.29166666667,61,61,3.6314990512334,70643.5510436433,2020154N19269,2.54166666666667,2020,6,05057_2020-06-06 08:00:00
2020-06-08 15:00:00,28157,8143,5993.0,1254.58333333333,49,49,0.157016519272485,1278.58551643584,2020154N19269,2.04166666666667,2020,6,28157_2020-06-08 15:00:00
2020-06-09 01:00:00,05099,8181,3593.0,1255.0,39,39,0.362072436960447,2962.11460677342,2020154N19269,1.625,2020,6,05099_2020-06-09 01:00:00
2020-06-09 04:00:00,28063,7087,4883.0,1255.125,45,45,0.37625383828045,2666.51095189355,2020154N19269,1.875,2020,6,28063_2020-06-09 04:00:00
2020-06-09 18:00:00,05039,6191,4413.8,1255.70833333333,58,58,2.07749830047587,12861.7919782461,2020154N19269,2.41666666666667,2020,6,05039_2020-06-09 18:00:00
2020-06-10 15:00:00,22087,44479,20264.0,1256.58333333333,34,34,0.152832609553889,6797.84164034741,2020154N19269,1.41666666666667,2020,6,22087_2020-06-10 15:00:00
2020-06-11 23:00:00,55119,19975,6457.0,1257.91666666667,37,37,0.391150586007392,7813.23295549765,2020154N19269,1.54166666666667,2020,6,55119_2020-06-11 23:00:00
2020-07-08 19:00:00,36079,98045,43843.0,1284.75,29,29,0.191288111037645,18754.8428466859,2020188N28271,1.20833333333333,2020,7,36079_2020-07-08 19:00:00
2020-07-09 11:00:00,45047,69267,25687.0,1285.41666666667,33,33,0.844084556390392,58467.2049674933,2020188N28271,1.375,2020,7,45047_2020-07-09 11:00:00
2020-07-12 23:00:00,01087,18516,3266.0,1288.91666666667,74,74,0.781996325780772,14479.4439681568,2020188N28271,3.08333333333333,2020,7,01087_2020-07-12 23:00:00
2020-07-13 13:00:00,13315,8761,4845.0,1289.5,63,63,3.52631578947368,30894.052631579,2020188N28271,2.625,2020,7,13315_2020-07-13 13:00:00
2020-07-25 18:00:00,48355,351674,152300.0,1301.70833333333,35,35,5.73629560585751,2017306.02089433,2020205N26272,1.45833333333333,2020,7,48355_2020-07-25 18:00:00
2020-07-25 20:00:00,48489,20143,7815.0,1301.79166666667,193,193,80.8647283211333,1628858.22257259,2020205N26272,8.04166666666667,2020,7,48489_2020-07-25 20:00:00
2020-07-26 00:00:00,48261,358,1007.0,1301.95833333333,74,74,16.4274880489199,5881.04072151332,2020205N26272,3.08333333333333,2020,7,48261_2020-07-26 00:00:00
2020-07-26 00:00:00,48061,425208,111890.0,1301.95833333333,68,68,9.70154867771701,4125176.11015469,2020205N26272,2.83333333333333,2020,7,48061_2020-07-26 00:00:00
2020-07-26 02:00:00,48047,6906,4656.0,1302.04166666667,71,71,10.5559078569029,72899.0996597717,2020205N26272,2.95833333333333,2020,7,48047_2020-07-26 02:00:00
2020-07-26 02:00:00,48215,888367,315601.0,1302.04166666667,92,92,19.3135311517664,17157503.7287012,2020205N26272,3.83333333333333,2020,7,48215_2020-07-26 02:00:00
2020-07-26 06:00:00,48427,65728,25662.0,1302.20833333333,66,66,11.3199889716743,744040.23513021,2020205N26272,2.75,2020,7,48427_2020-07-26 06:00:00
2020-07-26 10:00:00,48311,576,546.0,1302.375,33,33,1.04288959985162,600.704409514536,2020205N26272,1.375,2020,7,48311_2020-07-26 10:00:00
2020-07-28 22:00:00,48057,19706,7683.0,1304.875,27,27,1.89066770792659,37257.4978524014,2020205N26272,1.125,2020,7,48057_2020-07-28 22:00:00
2020-07-29 19:00:00,48273,30362,16424.3333333333,1305.75,41,41,0.330129150203456,10023.3812584773,2020205N26272,1.70833333333333,2020,7,48273_2020-07-29 19:00:00
2020-07-31 23:00:00,51145,31489,12615.0,1307.91666666667,88,88,0.711487886833552,22404.0420685017,2020211N13306,3.66666666666667,2020,7,51145_2020-07-31 23:00:00
2020-08-03 00:00:00,33007,31504,24135.0,1309.95833333333,56,56,0.644567419118357,20306.4519719047,2020211N13306,2.33333333333333,2020,8,33007_2020-08-03 00:00:00
2020-08-03 01:00:00,37055,37956,41537.0,1310.0,40,40,1.59627180737591,60588.0927207601,2020211N13306,1.66666666666667,2020,8,37055_2020-08-03 01:00:00
2020-08-04 00:00:00,51181,6527,2806.66666666667,1310.95833333333,66,66,3.03760976989028,19826.4789680739,2020211N13306,2.75,2020,8,51181_2020-08-04 00:00:00
2020-08-04 04:00:00,37019,153064,103584.0,1311.125,36,36,8.67058828731869,1327154.92561015,2020211N13306,1.5,2020,8,37019_2020-08-04 04:00:00
2020-08-04 05:00:00,37129,234921,132080.5,1311.16666666667,37,37,12.2163260672116,2869871.53603542,2020211N13306,1.54166666666667,2020,8,37129_2020-08-04 05:00:00
2020-08-04 05:00:00,37141,65737,34969.0,1311.16666666667,38,38,14.1632820893563,931051.674708015,2020211N13306,1.58333333333333,2020,8,37141_2020-08-04 05:00:00
2020-08-04 06:00:00,37103,9233,5477.66666666667,1311.20833333333,38,38,11.706976904518,108090.517759414,2020211N13306,1.58333333333333,2020,8,37103_2020-08-04 06:00:00
2020-08-04 06:00:00,37133,207298,89563.0,1311.20833333333,65,65,7.88630368288329,1634814.98085434,2020211N13306,2.70833333333333,2020,8,37133_2020-08-04 06:00:00
2020-08-04 06:00:00,36079,98045,43850.0,1311.20833333333,128,128,57.7263272853556,5659777.75869269,2020211N13306,5.33333333333333,2020,8,36079_2020-08-04 06:00:00
2020-08-04 07:00:00,37015,17240,5939.0,1311.25,102,102,15.5763795552749,268536.783532939,2020211N13306,4.25,2020,8,37015_2020-08-04 07:00:00
2020-08-04 09:00:00,51800,98537,38104.0,1311.33333333333,45,45,11.8166721475806,1164379.42340614,2020211N13306,1.875,2020,8,51800_2020-08-04 09:00:00
2020-08-04 09:00:00,37139,40938,5053.0,1311.33333333333,32,32,4.67286760340392,191297.85394815,2020211N13306,1.33333333333333,2020,8,37139_2020-08-04 09:00:00
2020-08-04 09:00:00,37187,10828,8007.0,1311.33333333333,37,37,8.09366804046459,87638.2375421506,2020211N13306,1.54166666666667,2020,8,37187_2020-08-04 09:00:00
2020-08-04 09:00:00,37143,13210,3490.0,1311.33333333333,29,29,4.9815635950793,65806.4550909976,2020211N13306,1.20833333333333,2020,8,37143_2020-08-04 09:00:00
2020-08-04 09:00:00,51175,17932,6766.5,1311.33333333333,43,43,10.8033265351326,193725.251427997,2020211N13306,1.79166666666667,2020,8,51175_2020-08-04 09:00:00
2020-08-04 09:00:00,37117,21508,11301.0,1311.33333333333,37,37,9.79641706424322,210701.338217743,2020211N13306,1.54166666666667,2020,8,37117_2020-08-04 09:00:00
2020-08-04 10:00:00,51550,252488,103433.0,1311.375,34,34,7.39831581796912,1867985.96424739,2020211N13306,1.41666666666667,2020,8,51550_2020-08-04 10:00:00
2020-08-04 10:00:00,37053,31015,18811.0,1311.375,36,36,4.99509052316047,154922.732575822,2020211N13306,1.5,2020,8,37053_2020-08-04 10:00:00
2020-08-04 10:00:00,37029,11088,3620.0,1311.375,32,32,6.98563535911602,77456.7248618785,2020211N13306,1.33333333333333,2020,8,37029_2020-08-04 10:00:00
2020-08-04 10:00:00,51700,184306,83506.0,1311.375,86,86,9.18295691327569,1692474.05685819,2020211N13306,3.58333333333333,2020,8,51700_2020-08-04 10:00:00
2020-08-04 10:00:00,51093,40151,14623.0,1311.375,37,37,4.89385758568091,196493.275922674,2020211N13306,1.54166666666667,2020,8,51093_2020-08-04 10:00:00
2020-08-04 11:00:00,37073,10383,4278.5,1311.41666666667,37,37,11.9562318449461,124141.555246076,2020211N13306,1.54166666666667,2020,8,37073_2020-08-04 11:00:00
2020-08-04 11:00:00,37091,20875,9617.5,1311.41666666667,31,31,6.16817378650868,128760.627793369,2020211N13306,1.29166666666667,2020,8,37091_2020-08-04 11:00:00
2020-08-04 11:00:00,37041,13940,3472.0,1311.41666666667,39,39,15.6036011061741,217514.199420067,2020211N13306,1.625,2020,8,37041_2020-08-04 11:00:00
2020-08-04 11:00:00,51650,138037,64287.0,1311.41666666667,39,39,8.16997215611243,1127758.44651329,2020211N13306,1.625,2020,8,51650_2020-08-04 11:00:00
2020-08-04 11:00:00,51095,81199,38466.0,1311.41666666667,34,34,1.81435553475797,147323.855066812,2020211N13306,1.41666666666667,2020,8,51095_2020-08-04 11:00:00
2020-08-04 11:00:00,51073,39493,19518.0,1311.41666666667,51,51,6.98432216415616,275831.835229019,2020211N13306,2.125,2020,8,51073_2020-08-04 11:00:00
2020-08-04 11:00:00,51119,10943,10238.5,1311.41666666667,62,62,4.88205428627221,53424.3200546768,2020211N13306,2.58333333333333,2020,8,51119_2020-08-04 11:00:00
2020-08-04 11:00:00,51127,24986,10707.0,1311.41666666667,38,38,2.62949472307836,65700.5551508359,2020211N13306,1.58333333333333,2020,8,51127_2020-08-04 11:00:00
2020-08-04 12:00:00,51133,12302,12341.0,1311.45833333333,42,42,7.66510007292764,94296.0610971558,2020211N13306,1.75,2020,8,51133_2020-08-04 12:00:00
2020-08-04 12:00:00,51810,455618,199697.0,1311.45833333333,31,31,5.80199001487253,2643491.08659619,2020211N13306,1.29166666666667,2020,8,51810_2020-08-04 12:00:00
2020-08-04 12:00:00,51115,8490,6685.0,1311.45833333333,34,34,8.58175018698579,72859.0590875094,2020211N13306,1.41666666666667,2020,8,51115_2020-08-04 12:00:00
2020-08-04 12:00:00,51103,10750,9733.0,1311.45833333333,35,35,6.27196136854002,67423.5847118052,2020211N13306,1.45833333333333,2020,8,51103_2020-08-04 12:00:00
2020-08-04 12:00:00,51131,11900,9271.33333333333,1311.45833333333,28,28,5.0653354323058,60277.4916444391,2020211N13306,1.16666666666667,2020,8,51131_2020-08-04 12:00:00
2020-08-04 12:00:00,51740,97029,44936.0,1311.45833333333,43,43,8.71724230016023,845825.303142247,2020211N13306,1.79166666666667,2020,8,51740_2020-08-04 12:00:00
2020-08-04 12:00:00,51183,10680,4533.0,1311.45833333333,33,33,1.81082593617509,19339.62099835,2020211N13306,1.375,2020,8,51183_2020-08-04 12:00:00
2020-08-04 13:00:00,51735,12582,5448.0,1311.5,33,33,7.16244493392071,90117.8821585903,2020211N13306,1.375,2020,8,51735_2020-08-04 13:00:00
2020-08-04 14:00:00,51097,6718,4212.1,1311.54166666667,29,29,2.8112983622122,18886.3023973416,2020211N13306,1.20833333333333,2020,8,51097_2020-08-04 14:00:00
2020-08-04 16:00:00,34011,151356,36195.0,1311.625,52,52,12.1643817808863,1841152.16882783,2020211N13306,2.16666666666667,2020,8,34011_2020-08-04 16:00:00
2020-08-04 16:00:00,24011,33433,15964.0,1311.625,24,24,2.12105946258325,70913.3810125457,2020211N13306,1.0,2020,8,24011_2020-08-04 16:00:00
2020-08-04 16:00:00,34009,95634,111138.0,1311.625,51,51,5.68442116844183,543623.934022766,2020211N13306,2.125,2020,8,34009_2020-08-04 16:00:00
2020-08-04 17:00:00,34021,380688,168215.0,1311.66666666667,52,52,9.00969592485807,3429883.12224237,2020211N13306,2.16666666666667,2020,8,34021_2020-08-04 17:00:00
2020-08-04 17:00:00,42017,645054,266453.0,1311.66666666667,85,85,7.45419192704291,4808356.31930673,2020211N13306,3.54166666666667,2020,8,42017_2020-08-04 17:00:00
2020-08-04 17:00:00,34029,655735,307607.0,1311.66666666667,72,72,18.6170303566003,12207838.4008853,2020211N13306,3.0,2020,8,34029_2020-08-04 17:00:00
2020-08-04 17:00:00,34001,275638,136169.0,1311.66666666667,58,58,10.0284807482064,2764230.37647412,2020211N13306,2.41666666666667,2020,8,34001_2020-08-04 17:00:00
2020-08-04 17:00:00,42029,545823,226585.0,1311.66666666667,87,87,13.0793840300012,7139028.62940736,2020211N13306,3.625,2020,8,42029_2020-08-04 17:00:00
2020-08-04 17:00:00,34033,65117,30507.0,1311.66666666667,25,25,3.27781265782622,213441.32683967,2020211N13306,1.04166666666667,2020,8,34033_2020-08-04 17:00:00
2020-08-04 17:00:00,24029,19320,12107.0,1311.66666666667,45,45,0.524907606757479,10141.2149625545,2020211N13306,1.875,2020,8,24029_2020-08-04 17:00:00
2020-08-04 18:00:00,34039,569815,233534.0,1311.70833333333,78,78,10.4553864137242,5957636.00933626,2020211N13306,3.25,2020,8,34039_2020-08-04 18:00:00
2020-08-04 18:00:00,36085,491133,180781.0,1311.70833333333,73,73,7.09028050514158,3482270.7353317,2020211N13306,3.04166666666667,2020,8,36085_2020-08-04 18:00:00
2020-08-04 18:00:00,34027,511151,203598.0,1311.70833333333,105,105,38.9865753728222,19928026.9883934,2020211N13306,4.375,2020,8,34027_2020-08-04 18:00:00
2020-08-04 18:00:00,34025,644098,293049.0,1311.70833333333,101,101,34.5964442319057,22283500.536882,2020211N13306,4.20833333333333,2020,8,34025_2020-08-04 18:00:00
2020-08-04 18:00:00,34019,129777,60747.0,1311.70833333333,87,87,19.5325201244506,2534871.86419082,2020211N13306,3.625,2020,8,34019_2020-08-04 18:00:00
2020-08-04 18:00:00,42011,430449,188720.0,1311.70833333333,28,28,2.40900723199833,1036954.75400645,2020211N13306,1.16666666666667,2020,8,42011_2020-08-04 18:00:00
2020-08-04 18:00:00,34037,146084,72405.0,1311.70833333333,97,97,18.8154606281469,2748637.75040222,2020211N13306,4.04166666666667,2020,8,34037_2020-08-04 18:00:00
2020-08-04 18:00:00,34023,861418,344712.0,1311.70833333333,50,50,8.08346967903641,6963246.28397619,2020211N13306,2.08333333333333,2020,8,34023_2020-08-04 18:00:00
2020-08-04 18:00:00,34041,110926,51931.0,1311.70833333333,73,73,11.0912358851859,1230306.43180014,2020211N13306,3.04166666666667,2020,8,34041_2020-08-04 18:00:00
2020-08-04 18:00:00,34035,346875,150931.0,1311.70833333333,86,86,11.6057500785358,4025744.55849211,2020211N13306,3.58333333333333,2020,8,34035_2020-08-04 18:00:00
2020-08-04 19:00:00,34031,513936,203351.0,1311.75,98,98,13.8537741504039,7119953.27176197,2020211N13306,4.08333333333333,2020,8,34031_2020-08-04 19:00:00
2020-08-04 19:00:00,36027,297545,136537.0,1311.75,84,84,18.2171352820115,5420417.5174861,2020211N13306,3.5,2020,8,36027_2020-08-04 19:00:00
2020-08-04 19:00:00,34003,952997,411460.0,1311.75,100,100,17.4185372234242,16599813.7183116,2020211N13306,4.16666666666667,2020,8,34003_2020-08-04 19:00:00
2020-08-04 19:00:00,34013,849477,365572.0,1311.75,84,84,8.80995809307059,7483856.77102732,2020211N13306,3.5,2020,8,34013_2020-08-04 19:00:00
2020-08-04 19:00:00,36087,339022,117172.0,1311.75,86,86,21.8192418536458,7397203.0117067,2020211N13306,3.58333333333333,2020,8,36087_2020-08-04 19:00:00
2020-08-04 19:00:00,36071,405941,162449.0,1311.75,72,72,15.5414290977582,6308903.26937304,2020211N13306,3.0,2020,8,36071_2020-08-04 19:00:00
2020-08-04 20:00:00,36111,182319,95979.0,1311.79166666667,31,31,3.34537763469092,609925.904979214,2020211N13306,1.29166666666667,2020,8,36111_2020-08-04 20:00:00
2020-08-04 20:00:00,36059,1383726,488488.0,1311.79166666667,139,139,25.1955738355529,34863770.6011743,2020211N13306,5.79166666666667,2020,8,36059_2020-08-04 20:00:00
2020-08-04 20:00:00,34017,703366,341435.0,1311.79166666667,24,24,1.60422920907347,1128360.28186917,2020211N13306,1.0,2020,8,34017_2020-08-04 20:00:00
2020-08-04 20:00:00,36119,990427,393323.0,1311.79166666667,132,132,25.4729420857667,25229089.6111796,2020211N13306,5.5,2020,8,36119_2020-08-04 20:00:00
2020-08-04 21:00:00,25003,127859,76758.0,1311.83333333333,35,35,4.39396544985539,561808.02845306,2020211N13306,1.45833333333333,2020,8,25003_2020-08-04 21:00:00
2020-08-04 21:00:00,36105,79658,57519.0,1311.83333333333,48,48,5.86407495709415,467120.482932206,2020211N13306,2.0,2020,8,36105_2020-08-04 21:00:00
2020-08-04 22:00:00,25013,461041,144083.0,1311.875,69,69,12.1191674243318,5587433.06848136,2020211N13306,2.875,2020,8,25013_2020-08-04 22:00:00
2020-08-04 23:00:00,25027,862927,326969.0,1311.91666666667,27,27,3.82703559052999,3302452.34102927,2020211N13306,1.125,2020,8,25027_2020-08-04 23:00:00
2020-08-04 23:00:00,33019,43958,25459.0,1311.91666666667,72,72,4.41856733260264,194231.382806547,2020211N13306,3.0,2020,8,33019_2020-08-04 23:00:00
2020-08-04 23:00:00,25015,162588,64304.0,1311.91666666667,41,41,4.57425665588455,743719.241166957,2020211N13306,1.70833333333333,2020,8,25015_2020-08-04 23:00:00
2020-08-05 00:00:00,33009,91126,53943.3333333333,1311.95833333333,29,29,3.85249265648417,351062.245814776,2020211N13306,1.20833333333333,2020,8,33009_2020-08-05 00:00:00
2020-08-05 01:00:00,33003,52199,43397.0,1312.0,40,40,5.30537338620065,276935.185386288,2020211N13306,1.66666666666667,2020,8,33003_2020-08-05 01:00:00
2020-08-05 01:00:00,23017,59495,41262.0,1312.0,26,26,4.1444185933789,246572.184213077,2020211N13306,1.08333333333333,2020,8,23017_2020-08-05 01:00:00
2020-08-05 02:00:00,36103,1525465,637959.0,1312.04166666667,117,117,21.310960050126,32509123.6728655,2020211N13306,4.875,2020,8,36103_2020-08-05 02:00:00
2020-08-05 03:00:00,23007,30474,23408.0,1312.08333333333,44,44,1.55327238550923,47334.4226760082,2020211N13306,1.83333333333333,2020,8,23007_2020-08-05 03:00:00
2020-08-25 08:00:00,18129,25063,12495.0,1332.29166666667,31,31,0.201040416166467,5038.67595038015,2020233N14313,1.29166666666667,2020,8,18129_2020-08-25 08:00:00
2020-08-26 00:00:00,22047,29506,9124.0,1332.95833333333,47,47,1.58768084173608,46846.1109162648,2020233N14313,1.95833333333333,2020,8,22047_2020-08-26 00:00:00
2020-08-26 23:00:00,22125,15381,6388.0,1333.91666666667,28,28,3.55363389591053,54658.4429529999,2020233N14313,1.16666666666667,2020,8,22125_2020-08-26 23:00:00
2020-08-27 00:00:00,22085,21985,15378.0,1333.95833333333,287,287,157.241926027814,3456963.7437215,2020233N14313,11.9583333333333,2020,8,22085_2020-08-27 00:00:00
2020-08-27 03:00:00,05095,6564,7076.0,1334.08333333333,45,45,0.60947880181322,4000.61885510197,2020233N14313,1.875,2020,8,05095_2020-08-27 03:00:00
2020-08-27 05:00:00,22113,56952,23013.0,1334.16666666667,70,70,31.5272509320219,1795539.99508051,2020233N14313,2.91666666666667,2020,8,22113_2020-08-27 05:00:00
2020-08-27 05:00:00,22077,20151,5078.0,1334.16666666667,41,41,4.42674281213076,89203.2944072469,2020233N14313,1.70833333333333,2020,8,22077_2020-08-27 05:00:00
2020-08-27 05:00:00,22019,202418,104854.0,1334.16666666667,690,690,451.662331760696,91424585.8703366,2020233N14313,28.75,2020,8,22019_2020-08-27 05:00:00
2020-08-27 05:00:00,22023,4902,2040.5,1334.16666666667,620,620,514.150155998121,2520364.06470279,2020233N14313,25.8333333333333,2020,8,22023_2020-08-27 05:00:00
2020-08-27 06:00:00,22011,36570,22189.0,1334.20833333333,807,807,335.217536540899,12258905.3113007,2020233N14313,33.625,2020,8,22011_2020-08-27 06:00:00
2020-08-27 06:00:00,22003,22320,12728.0,1334.20833333333,662,662,231.135772613878,5158950.44474177,2020233N14313,27.5833333333333,2020,8,22003_2020-08-27 06:00:00
2020-08-27 06:00:00,28137,28296,13375.0,1334.20833333333,25,25,0.587364485981309,16620.0654953271,2020233N14313,1.04166666666667,2020,8,28137_2020-08-27 06:00:00
2020-08-27 06:00:00,22053,32026,12516.0,1334.20833333333,396,396,137.260247469913,4395896.68547143,2020233N14313,16.5,2020,8,22053_2020-08-27 06:00:00
2020-08-27 06:00:00,22001,56744,28222.0,1334.20833333333,67,67,31.4438861450303,1784251.8754136,2020233N14313,2.79166666666667,2020,8,22001_2020-08-27 06:00:00
2020-08-27 07:00:00,22039,31986,18128.0,1334.25,90,90,25.5320845668923,816669.256956616,2020233N14313,3.75,2020,8,22039_2020-08-27 07:00:00
2020-08-27 07:00:00,48361,84934,40914.0,1334.25,227,227,131.915158120349,11204082.0397937,2020233N14313,9.45833333333333,2020,8,48361_2020-08-27 07:00:00
2020-08-27 07:00:00,22045,68327,34795.0,1334.25,56,56,12.6277553574616,862816.640309281,2020233N14313,2.33333333333333,2020,8,22045_2020-08-27 07:00:00
2020-08-27 07:00:00,22055,247866,57033.0,1334.25,43,43,10.081138667115,2498771.51686312,2020233N14313,1.79166666666667,2020,8,22055_2020-08-27 07:00:00
2020-08-27 07:00:00,48245,250830,117219.0,1334.25,140,140,45.3042462354069,11363664.0832271,2020233N14313,5.83333333333333,2020,8,48245_2020-08-27 07:00:00
2020-08-27 08:00:00,22097,81773,46265.0,1334.29166666667,43,43,8.74351882515224,714983.764889174,2020233N14313,1.79166666666667,2020,8,22097_2020-08-27 08:00:00
2020-08-27 08:00:00,21223,8539,637.0,1334.29166666667,39,39,2.14285714285714,18297.8571428571,2020233N14313,1.625,2020,8,21223_2020-08-27 08:00:00
2020-08-27 09:00:00,22115,47247,19207.0,1334.33333333333,468,468,207.379692273512,9798068.32084662,2020233N14313,19.5,2020,8,22115_2020-08-27 09:00:00
2020-08-27 09:00:00,22043,22000,10602.0,1334.33333333333,318,318,191.559863733494,4214317.00213687,2020233N14313,13.25,2020,8,22043_2020-08-27 09:00:00
2020-08-27 09:00:00,48199,57811,28817.0,1334.33333333333,37,37,8.59381307264405,496816.927542625,2020233N14313,1.54166666666667,2020,8,48199_2020-08-27 09:00:00
2020-08-27 09:00:00,22099,51236,25148.0,1334.33333333333,40,40,7.99627858479869,409697.329570746,2020233N14313,1.66666666666667,2020,8,22099_2020-08-27 09:00:00
2020-08-27 09:00:00,22079,127189,44052.0,1334.33333333333,352,352,135.463326782932,17229445.0701943,2020233N14313,14.6666666666667,2020,8,22079_2020-08-27 09:00:00
2020-08-27 10:00:00,22069,36663,13174.0,1334.375,360,360,174.933139528627,6413573.69453804,2020233N14313,15.0,2020,8,22069_2020-08-27 10:00:00
2020-08-27 10:00:00,48457,20030,12950.0,1334.375,37,37,11.5284455539537,230914.764445693,2020233N14313,1.54166666666667,2020,8,48457_2020-08-27 10:00:00
2020-08-27 10:00:00,22009,38751,21759.0,1334.375,104,104,25.0843527277555,972043.752553252,2020233N14313,4.33333333333333,2020,8,22009_2020-08-27 10:00:00
2020-08-27 12:00:00,22081,7420,5064.0,1334.45833333333,127,127,57.774689736902,428688.197847813,2020233N14313,5.29166666666667,2020,8,22081_2020-08-27 12:00:00
2020-08-27 12:00:00,22127,13205,5371.0,1334.45833333333,279,279,183.520882085813,2423393.24794316,2020233N14313,11.625,2020,8,22127_2020-08-27 12:00:00
2020-08-27 13:00:00,22031,26853,14594.0,1334.5,152,152,29.9514375284708,804285.951952027,2020233N14313,6.33333333333333,2020,8,22031_2020-08-27 13:00:00
2020-08-27 13:00:00,22059,14729,5841.0,1334.5,203,203,110.663546380593,1629963.37463976,2020233N14313,8.45833333333333,2020,8,22059_2020-08-27 13:00:00
2020-08-27 13:00:00,22049,14839,9020.0,1334.5,203,203,99.3322284610464,1473990.93813347,2020233N14313,8.45833333333333,2020,8,22049_2020-08-27 13:00:00
2020-08-27 14:00:00,28001,28408,17235.8,1334.54166666667,29,29,3.41250544614117,96942.4547139783,2020233N14313,1.20833333333333,2020,8,28001_2020-08-27 14:00:00
2020-08-27 14:00:00,22027,13744,9099.0,1334.54166666667,207,207,40.0365808878857,550262.767723102,2020233N14313,8.625,2020,8,22027_2020-08-27 14:00:00
2020-08-27 14:00:00,22073,157702,80269.0,1334.54166666667,157,157,63.9625623041135,10087024.0004833,2020233N14313,6.54166666666667,2020,8,22073_2020-08-27 14:00:00
2020-08-27 14:00:00,28157,8143,5991.0,1334.54166666667,36,36,7.63610275633877,62180.7847448666,2020233N14313,1.5,2020,8,28157_2020-08-27 14:00:00
2020-08-27 14:00:00,22021,9554,6198.0,1334.54166666667,157,157,81.1712354153964,775509.983158697,2020233N14313,6.54166666666667,2020,8,22021_2020-08-27 14:00:00
2020-08-27 14:00:00,22013,12641,9079.0,1334.54166666667,208,208,47.7526819670311,603641.65274524,2020233N14313,8.66666666666667,2020,8,22013_2020-08-27 14:00:00
2020-08-27 14:00:00,48419,24008,4069.0,1334.54166666667,77,77,21.8710032389991,525079.045761889,2020233N14313,3.20833333333333,2020,8,48419_2020-08-27 14:00:00
2020-08-27 14:00:00,22061,48129,13256.0,1334.54166666667,197,197,87.1507867828236,4194480.21707052,2020233N14313,8.20833333333333,2020,8,22061_2020-08-27 14:00:00
2020-08-27 14:00:00,22029,18116,5223.0,1334.54166666667,59,59,3.35807189147822,60834.8303860194,2020233N14313,2.45833333333333,2020,8,22029_2020-08-27 14:00:00
2020-08-27 14:00:00,22111,20721,13695.0,1334.54166666667,269,269,106.740014961586,2211759.85001903,2020233N14313,11.2083333333333,2020,8,22111_2020-08-27 14:00:00
2020-08-27 14:00:00,22017,229025,114680.0,1334.54166666667,104,104,23.2205223484322,5318080.13084968,2020233N14313,4.33333333333333,2020,8,22017_2020-08-27 14:00:00
2020-08-27 15:00:00,22041,19308,7295.0,1334.58333333333,48,48,7.70239890335846,148717.918026045,2020233N14313,2.0,2020,8,22041_2020-08-27 15:00:00
2020-08-27 15:00:00,22083,19826,9035.0,1334.58333333333,79,79,18.8512239765709,373744.366559496,2020233N14313,3.29166666666667,2020,8,22083_2020-08-27 15:00:00
2020-08-27 15:00:00,22119,35643,16440.0,1334.58333333333,83,83,15.1763471407081,540930.541136259,2020233N14313,3.45833333333333,2020,8,22119_2020-08-27 15:00:00
2020-08-27 15:00:00,22107,3846,3679.0,1334.58333333333,35,35,5.75971731448763,22151.8727915194,2020233N14313,1.45833333333333,2020,8,22107_2020-08-27 15:00:00
2020-08-27 15:00:00,22015,129276,59078.0,1334.58333333333,83,83,19.4876166004522,2519281.12364006,2020233N14313,3.45833333333333,2020,8,22015_2020-08-27 15:00:00
2020-08-27 16:00:00,22067,24446,12864.0,1334.625,106,106,27.3856977858377,669470.768072589,2020233N14313,4.41666666666667,2020,8,22067_2020-08-27 16:00:00
2020-08-27 16:00:00,48365,22677,11208.0,1334.625,33,33,4.10710929685117,93136.917524694,2020233N14313,1.375,2020,8,48365_2020-08-27 16:00:00
2020-08-27 17:00:00,05103,22049,15298.0,1334.66666666667,57,57,12.1599790344443,268115.377730463,2020233N14313,2.375,2020,8,05103_2020-08-27 17:00:00
2020-08-27 17:00:00,05139,37752,23959.0,1334.66666666667,81,81,17.1621792103342,647906.589548536,2020233N14313,3.375,2020,8,05139_2020-08-27 17:00:00
2020-08-27 17:00:00,05027,22216,17594.0,1334.66666666667,56,56,7.89872584052476,175478.093273098,2020233N14313,2.33333333333333,2020,8,05027_2020-08-27 17:00:00
2020-08-27 18:00:00,05099,8181,3615.0,1334.70833333333,70,70,6.58758244198343,53893.0119578664,2020233N14313,2.91666666666667,2020,8,05099_2020-08-27 18:00:00
2020-08-27 18:00:00,05013,4695,4335.0,1334.70833333333,26,26,4.57134081980958,21462.445149006,2020233N14313,1.08333333333333,2020,8,05013_2020-08-27 18:00:00
2020-08-27 18:00:00,05003,18354,9029.0,1334.70833333333,73,73,21.9473721336944,402822.068141826,2020233N14313,3.04166666666667,2020,8,05003_2020-08-27 18:00:00
2020-08-27 18:00:00,22065,9478,5949.0,1334.70833333333,79,79,3.25438727504812,30845.0825929061,2020233N14313,3.29166666666667,2020,8,22065_2020-08-27 18:00:00
2020-08-27 18:00:00,05073,6101,5827.0,1334.70833333333,94,94,12.0038786532031,73235.6636631921,2020233N14313,3.91666666666667,2020,8,05073_2020-08-27 18:00:00
2020-08-27 19:00:00,22123,9475,2585.0,1334.75,30,30,1.8568665377176,17593.8104448743,2020233N14313,1.25,2020,8,22123_2020-08-27 19:00:00
2020-08-27 19:00:00,05011,10135,4918.0,1334.75,49,49,6.1979357396258,62816.0787211075,2020233N14313,2.04166666666667,2020,8,05011_2020-08-27 19:00:00
2020-08-27 20:00:00,05043,16911,7533.0,1334.79166666667,43,43,3.52077525554228,59539.8303464755,2020233N14313,1.79166666666667,2020,8,05043_2020-08-27 20:00:00
2020-08-27 20:00:00,05039,6191,4434.0,1334.79166666667,30,30,4.89061795218764,30277.8157419937,2020233N14313,1.25,2020,8,05039_2020-08-27 20:00:00
2020-08-27 23:00:00,05025,7467,1392.0,1334.91666666667,51,51,7.86048788733323,58694.2630547173,2020233N14313,2.125,2020,8,05025_2020-08-27 23:00:00
2020-08-28 01:00:00,05147,6049,4516.0,1335.0,70,70,8.02506449581065,48543.6151351586,2020233N14313,2.91666666666667,2020,8,05147_2020-08-28 01:00:00
2020-08-28 10:00:00,05133,15686,8437.0,1335.375,49,49,1.33696811662913,20971.6818774446,2020233N14313,2.04166666666667,2020,8,05133_2020-08-28 10:00:00
2020-08-28 22:00:00,05065,14048,3693.0,1335.875,45,45,2.84362373004737,39947.2261597054,2020233N14313,1.875,2020,8,05065_2020-08-28 22:00:00
2020-08-29 01:00:00,48455,13996,10607.0,1336.0,52,52,0.549400454693925,7689.40876389617,2020233N14313,2.16666666666667,2020,8,48455_2020-08-29 01:00:00
2020-08-29 19:00:00,29229,19156,5673.0,1336.75,50,50,0.934249955931606,17896.4921558258,2020233N14313,2.08333333333333,2020,8,29229_2020-08-29 19:00:00
2020-08-29 20:00:00,29215,25336,11309.0,1336.79166666667,50,50,0.466000530550889,11806.5894420373,2020233N14313,2.08333333333333,2020,8,29215_2020-08-29 20:00:00
2020-08-30 10:00:00,48315,9560,6311.8,1337.375,64,64,1.17873313041576,11268.6887267747,2020233N14313,2.66666666666667,2020,8,48315_2020-08-30 10:00:00
2020-08-30 16:00:00,28143,9458,5815.0,1337.625,24,24,3.37472055030095,31918.1069647463,2020233N14313,1.0,2020,8,28143_2020-08-30 16:00:00
2020-09-01 06:00:00,21077,8763,3158.0,1339.20833333333,51,51,0.308423052564915,2702.71120962635,2020233N14313,2.125,2020,9,21077_2020-09-01 06:00:00
2020-08-26 00:00:00,22047,29506,9124.0,1332.95833333333,47,47,1.58768084173608,46846.1109162648,2020234N14280,1.95833333333333,2020,8,22047_2020-08-26 00:00:00
2020-08-26 23:00:00,22125,15381,6388.0,1333.91666666667,28,28,3.55363389591053,54658.4429529999,2020234N14280,1.16666666666667,2020,8,22125_2020-08-26 23:00:00
2020-08-27 05:00:00,22113,56952,23013.0,1334.16666666667,70,70,31.5272509320219,1795539.99508051,2020234N14280,2.91666666666667,2020,8,22113_2020-08-27 05:00:00
2020-08-27 05:00:00,22077,20151,5078.0,1334.16666666667,41,41,4.42674281213076,89203.2944072469,2020234N14280,1.70833333333333,2020,8,22077_2020-08-27 05:00:00
2020-08-27 05:00:00,22019,202418,104854.0,1334.16666666667,690,690,451.662331760696,91424585.8703366,2020234N14280,28.75,2020,8,22019_2020-08-27 05:00:00
2020-08-27 05:00:00,22023,4902,2040.5,1334.16666666667,620,620,514.150155998121,2520364.06470279,2020234N14280,25.8333333333333,2020,8,22023_2020-08-27 05:00:00
2020-08-27 06:00:00,22011,36570,22189.0,1334.20833333333,807,807,335.217536540899,12258905.3113007,2020234N14280,33.625,2020,8,22011_2020-08-27 06:00:00
2020-08-27 06:00:00,22003,22320,12728.0,1334.20833333333,662,662,231.135772613878,5158950.44474177,2020234N14280,27.5833333333333,2020,8,22003_2020-08-27 06:00:00
2020-08-27 06:00:00,22053,32026,12516.0,1334.20833333333,396,396,137.260247469913,4395896.68547143,2020234N14280,16.5,2020,8,22053_2020-08-27 06:00:00
2020-08-27 06:00:00,22001,56744,28222.0,1334.20833333333,67,67,31.4438861450303,1784251.8754136,2020234N14280,2.79166666666667,2020,8,22001_2020-08-27 06:00:00
2020-08-27 07:00:00,22039,31986,18128.0,1334.25,90,90,25.5320845668923,816669.256956616,2020234N14280,3.75,2020,8,22039_2020-08-27 07:00:00
2020-08-27 07:00:00,48361,84934,40914.0,1334.25,227,227,131.915158120349,11204082.0397937,2020234N14280,9.45833333333333,2020,8,48361_2020-08-27 07:00:00
2020-08-27 07:00:00,22045,68327,34795.0,1334.25,56,56,12.6277553574616,862816.640309281,2020234N14280,2.33333333333333,2020,8,22045_2020-08-27 07:00:00
2020-08-27 07:00:00,22055,247866,57033.0,1334.25,43,43,10.081138667115,2498771.51686312,2020234N14280,1.79166666666667,2020,8,22055_2020-08-27 07:00:00
2020-08-27 08:00:00,22097,81773,46265.0,1334.29166666667,43,43,8.74351882515224,714983.764889174,2020234N14280,1.79166666666667,2020,8,22097_2020-08-27 08:00:00
2020-08-27 09:00:00,22099,51236,25148.0,1334.33333333333,40,40,7.99627858479869,409697.329570746,2020234N14280,1.66666666666667,2020,8,22099_2020-08-27 09:00:00
2020-09-11 03:00:00,37165,34162,13906.0,1349.08333333333,27,27,0.362577304760535,12386.3658852294,2020256N25281,1.125,2020,9,37165_2020-09-11 03:00:00
2020-09-12 22:00:00,12013,13464,4695.0,1350.875,112,112,1.2555910543131,16905.2779552716,2020256N25281,4.66666666666667,2020,9,12013_2020-09-12 22:00:00
2020-09-16 00:00:00,01053,36666,11503.0,1353.95833333333,94,94,33.2141081441966,1217828.48921511,2020256N25281,3.91666666666667,2020,9,01053_2020-09-16 00:00:00
2020-09-16 00:00:00,01097,411411,208810.0,1353.95833333333,94,94,30.2303718166971,12437107.4994792,2020256N25281,3.91666666666667,2020,9,01097_2020-09-16 00:00:00
2020-09-16 01:00:00,01003,246435,104819.0,1354.0,212,212,109.03721789314,26870586.791496,2020256N25281,8.83333333333333,2020,9,01003_2020-09-16 01:00:00
2020-09-16 02:00:00,01035,11206,567.0,1354.04166666667,73,73,43.0686340263805,482627.11289962,2020256N25281,3.04166666666667,2020,9,01035_2020-09-16 02:00:00
2020-09-16 04:00:00,12033,324878,308219.0,1354.125,117,117,36.2069910860569,11762854.850056,2020256N25281,4.875,2020,9,12033_2020-09-16 04:00:00
2020-09-16 05:00:00,01039,37602,10117.0,1354.16666666667,40,40,5.23799335151972,196959.026003845,2020256N25281,1.66666666666667,2020,9,01039_2020-09-16 05:00:00
2020-09-16 06:00:00,13145,36276,16874.0,1354.20833333333,33,33,0.867903283157521,31484.0594998222,2020256N25281,1.375,2020,9,13145_2020-09-16 06:00:00
2020-09-16 09:00:00,12113,198268,158094.0,1354.33333333333,86,86,18.016142338111,3572024.50909259,2020256N25281,3.58333333333333,2020,9,12113_2020-09-16 09:00:00
2020-09-16 10:00:00,12091,216482,162092.0,1354.375,39,39,5.02600761872895,1088040.18131768,2020256N25281,1.625,2020,9,12091_2020-09-16 10:00:00
2020-09-16 11:00:00,01099,19404,7462.0,1354.41666666667,63,63,25.5422955336921,495622.702535762,2020256N25281,2.625,2020,9,01099_2020-09-16 11:00:00
2020-09-16 13:00:00,01013,18650,9854.0,1354.5,35,35,9.25238481834788,172556.976862188,2020256N25281,1.45833333333333,2020,9,01013_2020-09-16 13:00:00
2020-09-16 14:00:00,01131,10059,6239.0,1354.54166666667,75,75,4.05036265446944,40742.5979413081,2020256N25281,3.125,2020,9,01131_2020-09-16 14:00:00
2020-09-16 17:00:00,01041,13025,11658.0,1354.66666666667,27,27,2.00814974103728,26156.1503770106,2020256N25281,1.125,2020,9,01041_2020-09-16 17:00:00
2020-09-16 19:00:00,01085,9777,5843.0,1354.75,31,31,7.52934232715008,73614.3799325464,2020256N25281,1.29166666666667,2020,9,01085_2020-09-16 19:00:00
2020-09-17 11:00:00,13193,11765,6172.0,1355.41666666667,37,37,0.80204114693018,9436.01409363356,2020256N25281,1.54166666666667,2020,9,13193_2020-09-17 11:00:00
2020-09-18 17:00:00,13317,9599,1514.0,1356.66666666667,28,28,0.270145310435931,2593.1248348745,2020256N25281,1.16666666666667,2020,9,13317_2020-09-18 17:00:00
2020-09-19 18:00:00,22053,32026,12539.6666666667,1357.70833333333,49,49,0.63469371455954,20326.7009024838,2020261N21265,2.04166666666667,2020,9,22053_2020-09-19 18:00:00
2020-09-21 18:00:00,22085,21985,16095.0,1359.70833333333,49,49,0.188875077688005,4152.41858297079,2020261N21265,2.04166666666667,2020,9,22085_2020-09-21 18:00:00
2020-10-09 01:00:00,22125,15381,6399.0,1377.0,143,143,46.7655689067897,719301.215355332,2020279N16284,5.95833333333333,2020,10,22125_2020-10-09 01:00:00
2020-10-09 06:00:00,28157,8143,5985.0,1377.20833333333,184,184,52.1034174080465,424278.127953723,2020279N16284,7.66666666666667,2020,10,28157_2020-10-09 06:00:00
2020-10-09 06:00:00,28081,82959,4847.0,1377.20833333333,24,24,0.684959768929235,56823.5774706004,2020279N16284,1.0,2020,10,28081_2020-10-09 06:00:00
2020-10-09 09:00:00,28021,8805,5227.0,1377.33333333333,134,134,25.7511590758989,226738.95566329,2020279N16284,5.58333333333333,2020,10,28021_2020-10-09 09:00:00
2020-10-09 20:00:00,22011,36570,22197.0,1377.79166666667,164,164,81.3038973374342,2973283.52562997,2020279N16284,6.83333333333333,2020,10,22011_2020-10-09 20:00:00
2020-10-09 20:00:00,22019,202418,104161.0,1377.79166666667,119,119,39.6978790758551,8035565.28677644,2020279N16284,4.95833333333333,2020,10,22019_2020-10-09 20:00:00
2020-10-09 21:00:00,22101,47789,18981.0,1377.83333333333,44,44,8.47731942468785,405122.617986407,2020279N16284,1.83333333333333,2020,10,22101_2020-10-09 21:00:00
2020-10-09 21:00:00,22003,22320,12733.0,1377.83333333333,165,165,67.7195185311681,1511499.65361567,2020279N16284,6.875,2020,10,22003_2020-10-09 21:00:00
2020-10-09 22:00:00,48361,84934,40883.0,1377.875,70,70,24.3662238279919,2069520.85460666,2020279N16284,2.91666666666667,2020,10,48361_2020-10-09 22:00:00
2020-10-09 22:00:00,48245,250830,117370.0,1377.875,100,100,32.8686048920235,8244432.16506626,2020279N16284,4.16666666666667,2020,10,48245_2020-10-09 22:00:00
2020-10-09 22:00:00,28005,12619,12518.0,1377.875,77,77,20.6147786655004,260137.891979949,2020279N16284,3.20833333333333,2020,10,28005_2020-10-09 22:00:00
2020-10-09 23:00:00,22045,68327,34789.0,1377.91666666667,120,120,33.1746141889466,2266721.86368815,2020279N16284,5.0,2020,10,22045_2020-10-09 23:00:00
2020-10-09 23:00:00,22113,56952,22974.0,1377.91666666667,141,141,65.6841497117184,3740843.69438179,2020279N16284,5.875,2020,10,22113_2020-10-09 23:00:00
2020-10-09 23:00:00,22053,32026,12518.0,1377.91666666667,162,162,62.3761531410284,1997658.68049458,2020279N16284,6.75,2020,10,22053_2020-10-09 23:00:00
2020-10-09 23:00:00,22099,51236,25119.0,1377.91666666667,102,102,31.8920074973397,1634018.8961337,2020279N16284,4.25,2020,10,22099_2020-10-09 23:00:00
2020-10-09 23:00:00,22115,47247,25934.0,1377.91666666667,122,122,57.3374262915064,2709021.3799948,2020279N16284,5.08333333333333,2020,10,22115_2020-10-09 23:00:00
2020-10-10 00:00:00,22079,127189,44066.0,1377.95833333333,93,93,23.9660862958849,3048222.5498873,2020279N16284,3.875,2020,10,22079_2020-10-10 00:00:00
2020-10-10 00:00:00,22001,56744,28173.0,1377.95833333333,140,140,84.5392986580727,4797097.96305368,2020279N16284,5.83333333333333,2020,10,22001_2020-10-10 00:00:00
2020-10-10 00:00:00,22039,31986,18115.0,1377.95833333333,119,119,18.1988238550809,582107.579828616,2020279N16284,4.95833333333333,2020,10,22039_2020-10-10 00:00:00
2020-10-10 00:00:00,22023,4902,1936.0,1377.95833333333,70,70,17.5910955392466,86231.5503333867,2020279N16284,2.91666666666667,2020,10,22023_2020-10-10 00:00:00
2020-10-10 00:00:00,22043,22000,9252.0,1377.95833333333,94,94,37.0313299648714,814689.259227171,2020279N16284,3.91666666666667,2020,10,22043_2020-10-10 00:00:00
2020-10-10 00:00:00,22055,247866,56946.0,1377.95833333333,120,120,43.3374380769725,10741877.4263869,2020279N16284,5.0,2020,10,22055_2020-10-10 00:00:00
2020-10-10 01:00:00,22009,38751,21763.0,1378.0,108,108,14.4109350205774,558438.142982395,2020279N16284,4.5,2020,10,22009_2020-10-10 01:00:00
2020-10-10 01:00:00,22097,81773,46186.0,1378.0,116,116,42.2049330828506,3451223.99298394,2020279N16284,4.83333333333333,2020,10,22097_2020-10-10 01:00:00
2020-10-10 01:00:00,22037,19135,10427.0,1378.0,75,75,28.936977901557,553709.072146293,2020279N16284,3.125,2020,10,22037_2020-10-10 01:00:00
2020-10-10 02:00:00,22077,20151,5088.0,1378.04166666667,71,71,23.4133254716981,471801.921580189,2020279N16284,2.95833333333333,2020,10,22077_2020-10-10 02:00:00
2020-10-10 02:00:00,22047,29506,9123.0,1378.04166666667,47,47,7.08111404003483,208935.350865268,2020279N16284,1.95833333333333,2020,10,22047_2020-10-10 02:00:00
2020-10-10 03:00:00,22063,148425,67936.0,1378.08333333333,37,37,4.3129800350031,640154.061695335,2020279N16284,1.54166666666667,2020,10,22063_2020-10-10 03:00:00
2020-10-10 03:00:00,22085,21985,16090.0,1378.08333333333,47,47,5.26298411393033,115706.705744758,2020279N16284,1.95833333333333,2020,10,22085_2020-10-10 03:00:00
2020-10-10 03:00:00,22069,36663,13400.0,1378.08333333333,67,67,14.5529119505258,533553.410842126,2020279N16284,2.79166666666667,2020,10,22069_2020-10-10 03:00:00
2020-10-10 03:00:00,22091,10822,6962.0,1378.08333333333,47,47,14.8128045681965,160304.171037022,2020279N16284,1.95833333333333,2020,10,22091_2020-10-10 03:00:00
2020-10-10 03:00:00,22005,130458,57918.0,1378.08333333333,24,24,2.92206066526567,381206.190269229,2020279N16284,1.0,2020,10,22005_2020-10-10 03:00:00
2020-10-10 03:00:00,22033,450544,216262.0,1378.08333333333,47,47,8.33978476051795,3757439.9851428,2020279N16284,1.95833333333333,2020,10,22033_2020-10-10 03:00:00
2020-10-10 04:00:00,28063,7087,4885.0,1378.125,132,132,26.9363594446885,190897.979384507,2020279N16284,5.5,2020,10,28063_2020-10-10 04:00:00
2020-10-10 04:00:00,22029,18116,5239.0,1378.125,34,34,3.3699795103001,61050.5488085967,2020279N16284,1.41666666666667,2020,10,22029_2020-10-10 04:00:00
2020-10-10 04:00:00,22127,13205,5378.0,1378.125,110,110,27.286209638618,360314.39827795,2020279N16284,4.58333333333333,2020,10,22127_2020-10-10 04:00:00
2020-10-10 04:00:00,22021,9554,6215.0,1378.125,65,65,10.3490039320597,98874.3835668983,2020279N16284,2.70833333333333,2020,10,22021_2020-10-10 04:00:00
2020-10-10 04:00:00,28001,28408,17241.0,1378.125,111,111,20.2379097694523,574918.540730602,2020279N16284,4.625,2020,10,28001_2020-10-10 04:00:00
2020-10-10 05:00:00,28085,34717,18000.0,1378.16666666667,45,45,7.82937401666677,271812.37773662,2020279N16284,1.875,2020,10,28085_2020-10-10 05:00:00
2020-10-10 05:00:00,28113,39644,22526.0,1378.16666666667,37,37,5.83121357085979,231172.630803165,2020279N16284,1.54166666666667,2020,10,28113_2020-10-10 05:00:00
2020-10-10 05:00:00,28037,7642,6768.0,1378.16666666667,129,129,23.7837329336839,181755.287079212,2020279N16284,5.375,2020,10,28037_2020-10-10 05:00:00
2020-10-10 07:00:00,28029,27719,15626.0,1378.25,104,104,5.94730027626109,164853.216357681,2020279N16284,4.33333333333333,2020,10,28029_2020-10-10 07:00:00
2020-10-10 07:00:00,28149,42649,21767.0,1378.25,34,34,3.3978784796715,144916.11927951,2020279N16284,1.41666666666667,2020,10,28149_2020-10-10 07:00:00
2020-10-10 07:00:00,22073,157702,80298.0,1378.25,67,67,13.6961015659068,2159902.60914664,2020279N16284,2.79166666666667,2020,10,22073_2020-10-10 07:00:00
2020-10-10 08:00:00,22107,3846,3689.0,1378.29166666667,32,32,5.87503388452155,22595.3803198699,2020279N16284,1.33333333333333,2020,10,22107_2020-10-10 08:00:00
2020-10-10 08:00:00,22111,20721,13678.0,1378.29166666667,39,39,5.41622031645945,112229.501177356,2020279N16284,1.625,2020,10,22111_2020-10-10 08:00:00
2020-10-10 08:00:00,22067,24446,12857.0,1378.29166666667,106,106,26.8487921881556,656345.573831651,2020279N16284,4.41666666666667,2020,10,22067_2020-10-10 08:00:00
2020-10-10 08:00:00,22049,14839,9014.0,1378.29166666667,39,39,6.86056579875468,101803.935887721,2020279N16284,1.625,2020,10,22049_2020-10-10 08:00:00
2020-10-10 09:00:00,22059,14729,5838.0,1378.33333333333,36,36,9.13841098481282,134599.655395308,2020279N16284,1.5,2020,10,22059_2020-10-10 09:00:00
2020-10-10 11:00:00,05003,18354,8952.0,1378.41666666667,30,30,2.47263650453297,45382.770404198,2020279N16284,1.25,2020,10,05003_2020-10-10 11:00:00
2020-10-26 21:00:00,47171,17674,995.0,1394.875,44,44,0.965829145728643,17070.064321608,2020299N18277,1.83333333333333,2020,10,47171_2020-10-26 21:00:00
2020-10-27 11:00:00,22077,20151,5091.66666666667,1395.45833333333,39,39,0.322599646573729,6500.70547810721,2020299N18277,1.625,2020,10,22077_2020-10-27 11:00:00
2020-10-27 14:00:00,28065,11088,7874.0,1395.58333333333,39,39,0.166101705028807,1841.73570535941,2020299N18277,1.625,2020,10,28065_2020-10-27 14:00:00
2020-10-27 20:00:00,37075,7980,6337.0,1395.83333333333,55,55,8.22376518857504,65625.6462048288,2020299N18277,2.29166666666667,2020,10,37075_2020-10-27 20:00:00
2020-10-28 00:00:00,45021,56121,20793.0,1396.0,49,49,0.932646714828325,52341.0662828804,2020299N18277,2.04166666666667,2020,10,45021_2020-10-28 00:00:00
2020-10-28 00:00:00,01013,18650,9859.0,1396.0,75,75,13.7275258604063,256018.357296577,2020299N18277,3.125,2020,10,01013_2020-10-28 00:00:00
2020-10-28 10:00:00,13123,32407,14335.0,1396.41666666667,86,86,35.0248883223767,1135051.55586326,2020299N18277,3.58333333333333,2020,10,13123_2020-10-28 10:00:00
2020-10-28 13:00:00,13011,19328,9168.0,1396.54166666667,59,59,5.34253239421913,103260.466115467,2020299N18277,2.45833333333333,2020,10,13011_2020-10-28 13:00:00
2020-10-28 16:00:00,37037,79864,42710.0,1396.66666666667,34,34,2.89036916357563,230836.442879804,2020299N18277,1.41666666666667,2020,10,37037_2020-10-28 16:00:00
2020-10-28 18:00:00,51590,42229,13504.0,1396.75,53,53,17.8594675581476,754187.455513014,2020299N18277,2.20833333333333,2020,10,51590_2020-10-28 18:00:00
2020-10-28 22:00:00,22051,425884,212391.0,1396.91666666667,74,74,49.5829932623458,21116603.5025409,2020299N18277,3.08333333333333,2020,10,22051_2020-10-28 22:00:00
2020-10-28 22:00:00,22109,104786,27783.0,1396.91666666667,74,74,31.1812979159918,3267363.48342512,2020299N18277,3.08333333333333,2020,10,22109_2020-10-28 22:00:00
2020-10-28 22:00:00,22057,95870,44281.0,1396.91666666667,74,74,17.02738313435,1632415.22109013,2020299N18277,3.08333333333333,2020,10,22057_2020-10-28 22:00:00
2020-10-28 22:00:00,22075,22516,12671.0,1396.91666666667,74,74,53.3866970549947,1202054.87089026,2020299N18277,3.08333333333333,2020,10,22075_2020-10-28 22:00:00
2020-10-28 22:00:00,22087,44479,20460.0,1396.91666666667,74,74,63.8587987049499,2840375.50759747,2020299N18277,3.08333333333333,2020,10,22087_2020-10-28 22:00:00
2020-10-28 23:00:00,22071,369749,194337.0,1396.95833333333,73,73,37.9621811895637,14036478.53266,2020299N18277,3.04166666666667,2020,10,22071_2020-10-28 23:00:00
2020-10-28 23:00:00,28045,46094,26221.0,1396.95833333333,73,73,44.0784104343847,2031750.25056253,2020299N18277,3.04166666666667,2020,10,28045_2020-10-28 23:00:00
2020-10-28 23:00:00,22089,50998,23012.0,1396.95833333333,73,73,34.0971232986371,1738885.09398389,2020299N18277,3.04166666666667,2020,10,22089_2020-10-28 23:00:00
2020-10-29 00:00:00,22095,39864,19859.0,1397.0,24,24,4.99033183946825,198934.588448562,2020299N18277,1.0,2020,10,22095_2020-10-29 00:00:00
2020-10-29 00:00:00,22103,273263,127840.0,1397.0,47,47,16.8726198679717,4610662.72298155,2020299N18277,1.95833333333333,2020,10,22103_2020-10-29 00:00:00
2020-10-29 01:00:00,28109,57261,29839.0,1397.04166666667,50,50,10.2938436274674,589435.779952411,2020299N18277,2.08333333333333,2020,10,28109_2020-10-29 01:00:00
2020-10-29 01:00:00,28059,144975,78978.0,1397.04166666667,71,71,25.599515038713,3711289.69273742,2020299N18277,2.95833333333333,2020,10,28059_2020-10-29 01:00:00
2020-10-29 01:00:00,28047,211044,102896.0,1397.04166666667,71,71,50.8596252526823,10733618.7518271,2020299N18277,2.95833333333333,2020,10,28047_2020-10-29 01:00:00
2020-10-29 01:00:00,28039,25206,16764.0,1397.04166666667,71,71,49.3237890718206,1243255.42734431,2020299N18277,2.95833333333333,2020,10,28039_2020-10-29 01:00:00
2020-10-29 01:00:00,28131,18669,9525.0,1397.04166666667,71,71,41.241154855643,769931.12,2020299N18277,2.95833333333333,2020,10,28131_2020-10-29 01:00:00
2020-10-29 02:00:00,28041,13552,8867.33333333333,1397.08333333333,70,70,43.0015794223827,582757.40433213,2020299N18277,2.91666666666667,2020,10,28041_2020-10-29 02:00:00
2020-10-29 02:00:00,01097,411411,208689.0,1397.08333333333,70,70,19.2540402295216,7921323.94486771,2020299N18277,2.91666666666667,2020,10,01097_2020-10-29 02:00:00
2020-10-29 02:00:00,28111,11368,7283.0,1397.08333333333,70,70,16.250858162845,184739.755595222,2020299N18277,2.91666666666667,2020,10,28111_2020-10-29 02:00:00
2020-10-29 03:00:00,01025,22515,7796.0,1397.125,69,69,53.3319475582377,1200768.79927372,2020299N18277,2.875,2020,10,01025_2020-10-29 03:00:00
2020-10-29 03:00:00,01053,36666,11541.0,1397.125,43,43,11.6325130455764,426517.723329103,2020299N18277,1.79166666666667,2020,10,01053_2020-10-29 03:00:00
2020-10-29 04:00:00,28153,19681,12180.0,1397.16666666667,45,45,4.53245282040889,89203.2039584674,2020299N18277,1.875,2020,10,28153_2020-10-29 04:00:00
2020-10-29 05:00:00,01091,18745,9033.0,1397.20833333333,67,67,15.2745832695212,286322.063387175,2020299N18277,2.79166666666667,2020,10,01091_2020-10-29 05:00:00
2020-10-29 05:00:00,01035,11206,569.0,1397.20833333333,58,58,14.98769771529,167952.14059754,2020299N18277,2.41666666666667,2020,10,01035_2020-10-29 05:00:00
2020-10-29 05:00:00,01131,10059,6595.0,1397.20833333333,67,67,61.0717159081053,614320.390319632,2020299N18277,2.79166666666667,2020,10,01131_2020-10-29 05:00:00
2020-10-29 05:00:00,01099,19404,7448.0,1397.20833333333,67,67,30.5217932541268,592244.876303077,2020299N18277,2.79166666666667,2020,10,01099_2020-10-29 05:00:00
2020-10-29 05:00:00,01105,8035,4951.0,1397.20833333333,67,67,37.4698045938907,301069.879911912,2020299N18277,2.79166666666667,2020,10,01105_2020-10-29 05:00:00
2020-10-29 06:00:00,01001,59759,30490.0,1397.25,66,66,16.3201498487503,975275.83481147,2020299N18277,2.75,2020,10,01001_2020-10-29 06:00:00
2020-10-29 06:00:00,01021,45884,28034.0,1397.25,66,66,40.8602671328844,1874832.49712527,2020299N18277,2.75,2020,10,01021_2020-10-29 06:00:00
2020-10-29 06:00:00,01047,36767,23364.0,1397.25,66,66,49.9913407230569,1838031.62436463,2020299N18277,2.75,2020,10,01047_2020-10-29 06:00:00
2020-10-29 06:00:00,01085,9777,5949.0,1397.25,66,66,26.4893893007653,258986.759193582,2020299N18277,2.75,2020,10,01085_2020-10-29 06:00:00
2020-10-29 07:00:00,01037,10166,8676.0,1397.29166666667,65,65,39.1187961806331,397681.681972316,2020299N18277,2.70833333333333,2020,10,01037_2020-10-29 07:00:00
2020-10-29 07:00:00,01063,7422,2601.0,1397.29166666667,29,29,4.03729334871203,29964.7912341407,2020299N18277,1.20833333333333,2020,10,01063_2020-10-29 07:00:00
2020-10-29 07:00:00,01051,89563,47112.0,1397.29166666667,65,65,17.6852993082955,1583948.46194887,2020299N18277,2.70833333333333,2020,10,01051_2020-10-29 07:00:00
2020-10-29 07:00:00,01007,22005,11546.0,1397.29166666667,65,65,16.1476500716502,355329.039826662,2020299N18277,2.70833333333333,2020,10,01007_2020-10-29 07:00:00
2020-10-29 08:00:00,01121,80704,39098.0,1397.33333333333,64,64,24.4974393158939,1977041.3425499,2020299N18277,2.66666666666667,2020,10,01121_2020-10-29 08:00:00
2020-10-29 08:00:00,13149,11725,6117.0,1397.33333333333,60,60,16.0130783063593,187753.343142063,2020299N18277,2.5,2020,10,13149_2020-10-29 08:00:00
2020-10-29 08:00:00,13113,122030,53734.0,1397.33333333333,30,30,2.24812967581047,274339.264339152,2020299N18277,1.25,2020,10,13113_2020-10-29 08:00:00
2020-10-29 08:00:00,13143,31337,14643.0,1397.33333333333,64,64,25.2953582659734,792680.64198081,2020299N18277,2.66666666666667,2020,10,13143_2020-10-29 08:00:00
2020-10-29 08:00:00,13045,124592,54261.0,1397.33333333333,48,48,10.1033424986931,1258795.64859717,2020299N18277,2.0,2020,10,13045_2020-10-29 08:00:00
2020-10-29 08:00:00,13077,152882,55139.0,1397.33333333333,33,33,4.42926059594842,677154.218429787,2020299N18277,1.375,2020,10,13077_2020-10-29 08:00:00
2020-10-29 08:00:00,01027,14198,7003.0,1397.33333333333,64,64,32.4633478519401,460914.612801846,2020299N18277,2.66666666666667,2020,10,01027_2020-10-29 08:00:00
2020-10-29 09:00:00,13067,771952,288188.0,1397.375,44,44,7.90522855245793,6102456.99152701,2020299N18277,1.83333333333333,2020,10,13067_2020-10-29 09:00:00
2020-10-29 09:00:00,01101,226361,105529.0,1397.375,25,25,2.78086694276543,629479.822031325,2020299N18277,1.04166666666667,2020,10,01101_2020-10-29 09:00:00
2020-10-29 09:00:00,13291,26388,19165.0,1397.375,41,41,7.57422384555179,199868.618836421,2020299N18277,1.70833333333333,2020,10,13291_2020-10-29 09:00:00
2020-10-29 09:00:00,13097,147316,60698.0,1397.375,45,45,5.9349566707305,874314.076905335,2020299N18277,1.875,2020,10,13097_2020-10-29 09:00:00
2020-10-29 09:00:00,13129,58954,16132.0,1397.375,40,40,6.73616203609681,397123.696676052,2020299N18277,1.66666666666667,2020,10,13129_2020-10-29 09:00:00
2020-10-29 09:00:00,13115,99443,46260.0,1397.375,63,63,11.1606571552097,1109849.22948552,2020299N18277,2.625,2020,10,13115_2020-10-29 09:00:00
2020-10-29 09:00:00,13055,24936,13504.0,1397.375,31,31,3.05241877437137,76115.1145577244,2020299N18277,1.29166666666667,2020,10,13055_2020-10-29 09:00:00
2020-10-29 09:00:00,13233,43709,19380.0,1397.375,59,59,12.1567881265732,531361.052224387,2020299N18277,2.45833333333333,2020,10,13233_2020-10-29 09:00:00
2020-10-29 09:00:00,13089,762820,347855.0,1397.375,48,48,8.33991461959724,6361853.67012117,2020299N18277,2.0,2020,10,13089_2020-10-29 09:00:00
2020-10-29 09:00:00,13063,296564,119855.0,1397.375,41,41,1.41508471898161,419663.184600061,2020299N18277,1.70833333333333,2020,10,13063_2020-10-29 09:00:00
2020-10-29 09:00:00,13057,281278,114893.0,1397.375,60,60,8.08437080099048,2273955.650161,2020299N18277,2.5,2020,10,13057_2020-10-29 09:00:00
2020-10-29 09:00:00,01123,40977,21446.0,1397.375,63,63,22.7084263984329,930523.188528586,2020299N18277,2.625,2020,10,01123_2020-10-29 09:00:00
2020-10-29 09:00:00,13015,112816,36164.0,1397.375,56,56,10.4930706497356,1183786.25842057,2020299N18277,2.33333333333333,2020,10,13015_2020-10-29 09:00:00
2020-10-29 10:00:00,13013,89299,34070.0,1397.41666666667,26,26,0.485253972187194,43332.6944623442,2020299N18277,1.08333333333333,2020,10,13013_2020-10-29 10:00:00
2020-10-29 10:00:00,13227,34826,10213.0,1397.41666666667,62,62,26.4216817293763,920161.487907259,2020299N18277,2.58333333333333,2020,10,13227_2020-10-29 10:00:00
2020-10-29 10:00:00,13139,212692,86143.0,1397.41666666667,55,55,9.01170047894528,1916716.59826783,2020299N18277,2.29166666666667,2020,10,13139_2020-10-29 10:00:00
2020-10-29 10:00:00,13187,34796,16140.0,1397.41666666667,62,62,25.2785573290824,879592.68082275,2020299N18277,2.58333333333333,2020,10,13187_2020-10-29 10:00:00
2020-10-29 10:00:00,13297,103065,34560.0,1397.41666666667,36,36,0.832792573733901,85831.7666118845,2020299N18277,1.5,2020,10,13297_2020-10-29 10:00:00
2020-10-29 10:00:00,13111,25737,21762.0,1397.41666666667,62,62,19.3167875816274,497156.161988345,2020299N18277,2.58333333333333,2020,10,13111_2020-10-29 10:00:00
2020-10-29 10:00:00,13085,30138,14712.0,1397.41666666667,62,62,21.2243610936924,639659.794641702,2020299N18277,2.58333333333333,2020,10,13085_2020-10-29 10:00:00
2020-10-29 10:00:00,13137,47475,18787.0,1397.41666666667,62,62,20.3847234093724,967764.743859955,2020299N18277,2.58333333333333,2020,10,13137_2020-10-29 10:00:00
2020-10-29 10:00:00,13135,975353,348209.0,1397.41666666667,34,34,3.96379986059501,3866104.08543092,2020299N18277,1.41666666666667,2020,10,13135_2020-10-29 10:00:00
2020-10-29 10:00:00,13117,267237,101228.0,1397.41666666667,30,30,3.83768760827745,1025572.12337324,2020299N18277,1.25,2020,10,13117_2020-10-29 10:00:00
2020-10-29 11:00:00,13241,17206,14888.0,1397.45833333333,61,61,39.3054987216455,676290.411004632,2020299N18277,2.54166666666667,2020,10,13241_2020-10-29 11:00:00
2020-10-29 11:00:00,13195,31473,14847.0,1397.45833333333,26,26,0.838376694256389,26386.2296983313,2020299N18277,1.08333333333333,2020,10,13195_2020-10-29 11:00:00
2020-10-29 11:00:00,37113,38065,28331.0,1397.45833333333,37,37,3.97894309326965,151458.468845309,2020299N18277,1.54166666666667,2020,10,37113_2020-10-29 11:00:00
2020-10-29 11:00:00,13311,28806,33847.0,1397.45833333333,61,61,27.1447491094711,781931.642847424,2020299N18277,2.54166666666667,2020,10,13311_2020-10-29 11:00:00
2020-10-29 11:00:00,13223,178421,62113.0,1397.45833333333,53,53,8.92230908507525,1591927.30926821,2020299N18277,2.20833333333333,2020,10,13223_2020-10-29 11:00:00
2020-10-29 11:00:00,13257,26767,13917.0,1397.45833333333,55,55,9.8299920959977,263119.39843357,2020299N18277,2.29166666666667,2020,10,13257_2020-10-29 11:00:00
2020-10-29 12:00:00,45077,133462,75254.0,1397.5,60,60,12.5358928560444,1673065.3323534,2020299N18277,2.5,2020,10,45077_2020-10-29 12:00:00
2020-10-29 12:00:00,45073,80180,38699.0,1397.5,60,60,13.6433109975069,1093920.6757801,2020299N18277,2.5,2020,10,45073_2020-10-29 12:00:00
2020-10-29 12:00:00,45045,547950,249175.0,1397.5,55,55,7.92658396184609,4343371.68189356,2020299N18277,2.29166666666667,2020,10,45045_2020-10-29 12:00:00
2020-10-29 12:00:00,37089,118106,66001.0,1397.5,38,38,4.25934455538552,503054.148058363,2020299N18277,1.58333333333333,2020,10,37089_2020-10-29 12:00:00
2020-10-29 12:00:00,37175,33355,22886.0,1397.5,50,50,5.22609478510398,174316.391557143,2020299N18277,2.08333333333333,2020,10,37175_2020-10-29 12:00:00
2020-10-29 12:00:00,37039,29512,17116.0,1397.5,33,33,5.43327880345875,160346.924047675,2020299N18277,1.375,2020,10,37039_2020-10-29 12:00:00
2020-10-29 13:00:00,01015,115788,58817.0,1397.54166666667,59,59,20.5942252088293,2384564.14847993,2020299N18277,2.45833333333333,2020,10,01015_2020-10-29 13:00:00
2020-10-29 13:00:00,37003,36512,18832.0,1397.54166666667,59,59,14.1102378929482,515193.005947324,2020299N18277,2.45833333333333,2020,10,37003_2020-10-29 13:00:00
2020-10-29 13:00:00,37149,19986,17594.0,1397.54166666667,59,59,20.3451877221636,406618.921815161,2020299N18277,2.45833333333333,2020,10,37149_2020-10-29 13:00:00
2020-10-29 13:00:00,37023,87881,29976.0,1397.54166666667,59,59,10.1056421700551,888093.939546608,2020299N18277,2.45833333333333,2020,10,37023_2020-10-29 13:00:00
2020-10-29 13:00:00,01117,230115,105707.0,1397.54166666667,59,59,15.8278859156175,3642233.96747231,2020299N18277,2.45833333333333,2020,10,01117_2020-10-29 13:00:00
2020-10-29 13:00:00,01115,93932,49089.0,1397.54166666667,59,59,9.01829323099789,847106.319774094,2020299N18277,2.45833333333333,2020,10,01115_2020-10-29 13:00:00
2020-10-29 13:00:00,45083,345831,142690.0,1397.54166666667,32,32,3.14651050453105,1088160.87429248,2020299N18277,1.33333333333333,2020,10,45083_2020-10-29 13:00:00
2020-10-29 13:00:00,45007,209581,110850.0,1397.54166666667,30,30,2.47766350924673,519271.195931439,2020299N18277,1.25,2020,10,45007_2020-10-29 13:00:00
2020-10-29 13:00:00,37161,64963,38203.0,1397.54166666667,59,59,18.9816412677045,1233104.36167389,2020299N18277,2.45833333333333,2020,10,37161_2020-10-29 13:00:00
2020-10-29 14:00:00,37197,37463,20791.0,1397.58333333333,37,37,13.555868141061,507843.488168567,2020299N18277,1.54166666666667,2020,10,37197_2020-10-29 14:00:00
2020-10-29 14:00:00,01055,103088,53591.0,1397.58333333333,25,25,2.78406340851431,287003.528656923,2020299N18277,1.04166666666667,2020,10,01055_2020-10-29 14:00:00
2020-10-29 14:00:00,37035,163462,77885.0,1397.58333333333,58,58,8.72466881858916,1426151.81442422,2020299N18277,2.41666666666667,2020,10,37035_2020-10-29 14:00:00
2020-10-29 14:00:00,37059,44090,21852.0,1397.58333333333,33,33,3.77841845140033,166590.469522241,2020299N18277,1.375,2020,10,37059_2020-10-29 14:00:00
2020-10-29 14:00:00,01029,15346,9331.0,1397.58333333333,58,58,34.8061890203834,534135.776706803,2020299N18277,2.41666666666667,2020,10,01029_2020-10-29 14:00:00
2020-10-29 14:00:00,01111,22479,13651.0,1397.58333333333,58,58,25.6495272849958,576575.72383942,2020299N18277,2.41666666666667,2020,10,01111_2020-10-29 14:00:00
2020-10-29 14:00:00,37109,93095,37752.0,1397.58333333333,27,27,2.31638058910786,215643.450942996,2020299N18277,1.125,2020,10,37109_2020-10-29 14:00:00
2020-10-29 14:00:00,37097,195897,76320.0,1397.58333333333,47,47,7.6917321802935,1506787.25892296,2020299N18277,1.95833333333333,2020,10,37097_2020-10-29 14:00:00
2020-10-29 14:00:00,01017,34088,12345.0,1397.58333333333,50,50,5.47473500111506,186622.76671801,2020299N18277,2.08333333333333,2020,10,01017_2020-10-29 14:00:00
2020-10-29 15:00:00,37169,45175,24918.0,1397.625,57,57,19.4430603876306,878340.253011211,2020299N18277,2.375,2020,10,37169_2020-10-29 15:00:00
2020-10-29 15:00:00,37067,389157,185289.0,1397.625,57,57,8.35503024998052,3251418.50699167,2020299N18277,2.375,2020,10,37067_2020-10-29 15:00:00
2020-10-29 16:00:00,37157,91957,50138.0,1397.66666666667,52,52,7.73144122222665,710960.140472296,2020299N18277,2.16666666666667,2020,10,37157_2020-10-29 16:00:00
2020-10-29 16:00:00,37081,546101,219049.0,1397.66666666667,24,24,2.37719414377605,1298188.09911024,2020299N18277,1.0,2020,10,37081_2020-10-29 16:00:00
2020-10-29 16:00:00,37193,65784,37530.0,1397.66666666667,26,26,1.53818256516786,101187.801867002,2020299N18277,1.08333333333333,2020,10,37193_2020-10-29 16:00:00
2020-10-29 16:00:00,51143,59952,34320.0,1397.66666666667,24,24,2.29008152614347,137294.967655354,2020299N18277,1.0,2020,10,51143_2020-10-29 16:00:00
2020-10-30 10:00:00,13265,1600,1058.0,1398.41666666667,26,26,0.366664524616618,586.663239386588,2020299N18277,1.08333333333333,2020,10,13265_2020-10-30 10:00:00
2021-06-19 15:00:00,01035,11206,561.0,1630.58333333333,29,29,9.06773618538324,101613.051693405,2021169N23268,1.20833333333333,2021,6,01035_2021-06-19 15:00:00
2021-06-19 16:00:00,01131,10059,6640.0,1630.625,50,50,0.166718550432476,1677.02189880028,2021169N23268,2.08333333333333,2021,6,01131_2021-06-19 16:00:00
2021-06-20 07:00:00,13123,32407,17750.0,1631.25,54,54,1.39666410382752,45261.6936127383,2021169N23268,2.25,2021,6,13123_2021-06-20 07:00:00
2021-06-20 07:00:00,47139,17863,9582.0,1631.25,46,46,0.330003661450684,5894.85540449357,2021169N23268,1.91666666666667,2021,6,47139_2021-06-20 07:00:00
2021-06-22 09:00:00,01057,16118,10649.0,1633.33333333333,38,38,0.293258854765579,4726.7462211116,2021169N23268,1.58333333333333,2021,6,01057_2021-06-22 09:00:00
2021-07-04 07:00:00,12051,41339,15195.0,1645.25,39,39,0.370384995064166,15311.3453109576,2021182N09317,1.625,2021,7,12051_2021-07-04 07:00:00
2021-07-06 00:00:00,12029,17124,5439.0,1646.95833333333,46,46,1.3386311410773,22922.7196598077,2021182N09317,1.91666666666667,2021,7,12029_2021-07-06 00:00:00
2021-07-07 00:00:00,34037,146084,70139.0,1647.95833333333,52,52,4.59935078514243,671891.560096747,2021182N09317,2.16666666666667,2021,7,34037_2021-07-07 00:00:00
2021-07-07 00:00:00,34041,110926,52084.0,1647.95833333333,51,51,1.9732746484982,218887.463659312,2021182N09317,2.125,2021,7,34041_2021-07-07 00:00:00
2021-07-08 07:00:00,45029,38599,27418.0,1649.25,50,50,1.19478095754865,46117.3501804202,2021182N09317,2.08333333333333,2021,7,45029_2021-07-08 07:00:00
2021-07-09 02:00:00,51093,40151,14645.0,1650.04166666667,42,42,0.655113729640605,26303.4713587999,2021182N09317,1.75,2021,7,51093_2021-07-09 02:00:00
2021-07-09 20:00:00,37149,19986,18863.0,1650.79166666667,43,43,0.417961087843927,8353.37030164873,2021182N09317,1.79166666666667,2021,7,37149_2021-07-09 20:00:00
2021-07-09 23:00:00,13207,29427,16405.0,1650.91666666667,30,30,0.237549527583054,6990.36994818653,2021182N09317,1.25,2021,7,13207_2021-07-09 23:00:00
2021-08-15 06:00:00,13087,28982,14709.0,1687.20833333333,44,44,0.269160925101719,7800.82193129802,2021222N14301,1.83333333333333,2021,8,13087_2021-08-15 06:00:00
2021-08-15 14:00:00,21069,15288,4779.0,1687.54166666667,24,24,4.37413684871312,66871.8041431262,2021222N14301,1.0,2021,8,21069_2021-08-15 14:00:00
2021-08-16 14:00:00,39015,43680,20328.0,1688.54166666667,32,32,0.209169618260527,9136.52892561984,2021222N14301,1.33333333333333,2021,8,39015_2021-08-16 14:00:00
2021-08-16 16:00:00,13317,9599,1514.0,1688.625,30,30,0.560766182298547,5382.79458388375,2021222N14301,1.25,2021,8,13317_2021-08-16 16:00:00
2021-08-16 17:00:00,12037,12498,10595.0,1688.66666666667,25,25,3.61293062765455,45154.4069844266,2021222N14301,1.04166666666667,2021,8,12037_2021-08-16 17:00:00
2021-08-16 21:00:00,12013,13464,4675.0,1688.83333333333,44,44,16.6705882352941,224452.8,2021222N14301,1.83333333333333,2021,8,12013_2021-08-16 21:00:00
2021-08-17 01:00:00,54001,15414,6446.0,1689.0,25,25,5.1403971455166,79234.0816009929,2021222N14301,1.04166666666667,2021,8,54001_2021-08-17 01:00:00
2021-08-17 01:00:00,12077,7603,3349.0,1689.0,25,25,5.54673036727381,42171.7909823828,2021222N14301,1.04166666666667,2021,8,12077_2021-08-17 01:00:00
2021-08-17 17:00:00,39105,21969,12021.0,1689.66666666667,26,26,0.400898898364357,8807.34789816656,2021222N14301,1.08333333333333,2021,8,39105_2021-08-17 17:00:00
2021-08-18 00:00:00,37011,17571,1764.0,1689.95833333333,45,45,13.0759637188209,229757.758503401,2021222N14301,1.875,2021,8,37011_2021-08-18 00:00:00
2021-08-18 00:00:00,37121,15094,10885.0,1689.95833333333,26,26,3.21451538814883,48519.8952687184,2021222N14301,1.08333333333333,2021,8,37121_2021-08-18 00:00:00
2021-08-18 02:00:00,21159,11095,5552.0,1690.04166666667,53,53,0.369236311239193,4096.67687319885,2021222N14301,2.20833333333333,2021,8,21159_2021-08-18 02:00:00
2021-08-18 05:00:00,54005,20968,11514.3333333333,1690.16666666667,44,44,2.28221817235095,47853.5506378547,2021222N14301,1.83333333333333,2021,8,54005_2021-08-18 05:00:00
2021-08-18 11:00:00,54043,19901,11398.8,1690.41666666667,59,59,1.77250394806106,35274.6010703632,2021222N14301,2.45833333333333,2021,8,54043_2021-08-18 11:00:00
2021-08-18 12:00:00,54085,8207,6543.0,1690.45833333333,55,55,0.827778331460391,6793.57676629543,2021222N14301,2.29166666666667,2021,8,54085_2021-08-18 12:00:00
2021-08-19 23:00:00,54047,17850,10891.0,1691.91666666667,47,47,0.875309888899091,15624.2815168488,2021222N14301,1.95833333333333,2021,8,54047_2021-08-19 23:00:00
2021-08-21 00:00:00,54063,12296,7721.0,1692.95833333333,41,41,0.375858049475457,4621.55057635021,2021222N14301,1.70833333333333,2021,8,54063_2021-08-21 00:00:00
2021-08-22 16:00:00,44009,130330,72701.0,1694.625,58,58,20.6626043658271,2692957.22699825,2021222N14301,2.41666666666667,2021,8,44009_2021-08-22 16:00:00
2021-08-22 17:00:00,44003,171275,80817.0,1694.66666666667,28,28,2.78870782137422,477635.932105869,2021222N14301,1.16666666666667,2021,8,44003_2021-08-22 17:00:00
2021-08-22 16:00:00,44009,130330,72701.0,1694.625,58,58,20.6626043658271,2692957.22699825,2021227N36297,2.41666666666667,2021,8,44009_2021-08-22 16:00:00
2021-08-22 17:00:00,44003,171275,80817.0,1694.66666666667,28,28,2.78870782137422,477635.932105869,2021227N36297,1.16666666666667,2021,8,44003_2021-08-22 17:00:00
2021-08-27 07:00:00,51099,27856,11917.0,1699.25,57,57,0.716672514431599,19963.6295620066,2021239N17281,2.375,2021,8,51099_2021-08-27 07:00:00
2021-08-28 21:00:00,22105,137048,69113.0,1700.83333333333,477,477,228.13377548707,31265277.6629519,2021239N17281,19.875,2021,8,22105_2021-08-28 21:00:00
2021-08-28 22:00:00,28123,27707,14633.6666666667,1700.875,100,100,1.39680903598098,38701.3879599251,2021239N17281,4.16666666666667,2021,8,28123_2021-08-28 22:00:00
2021-08-29 13:00:00,22075,22516,12631.0,1701.5,418,418,233.901291842512,5266521.48712599,2021239N17281,17.4166666666667,2021,8,22075_2021-08-29 13:00:00
2021-08-29 14:00:00,47161,14035,7668.0,1701.54166666667,50,50,0.338810641627543,4755.20735524257,2021239N17281,2.08333333333333,2021,8,47161_2021-08-29 14:00:00
2021-08-29 15:00:00,22057,95870,44137.0,1701.58333333333,748,748,430.164167095451,41239838.6994409,2021239N17281,31.1666666666667,2021,8,22057_2021-08-29 15:00:00
2021-08-29 16:00:00,22051,425884,211981.0,1701.625,419,419,209.152646592013,89074765.7411927,2021239N17281,17.4583333333333,2021,8,22051_2021-08-29 16:00:00
2021-08-29 17:00:00,22095,39864,19744.0,1701.66666666667,602,602,361.236589837732,14400335.4172913,2021239N17281,25.0833333333333,2021,8,22095_2021-08-29 17:00:00
2021-08-29 17:00:00,22089,50998,22976.3333333333,1701.66666666667,630,630,375.677005875728,19158775.9456504,2021239N17281,26.25,2021,8,22089_2021-08-29 17:00:00
2021-08-29 17:00:00,22103,273263,132031.0,1701.66666666667,247,247,119.511605327292,32658099.8065517,2021239N17281,10.2916666666667,2021,8,22103_2021-08-29 17:00:00
2021-08-29 17:00:00,22071,369749,193765.0,1701.66666666667,269,269,164.335760546667,60762983.1263695,2021239N17281,11.2083333333333,2021,8,22071_2021-08-29 17:00:00
2021-08-29 17:00:00,22109,104786,27759.75,1701.66666666667,646,646,405.459650922278,42486494.9815418,2021239N17281,26.9166666666667,2021,8,22109_2021-08-29 17:00:00
2021-08-29 18:00:00,22087,44479,20654.0,1701.70833333333,220,220,128.706823049086,5724750.78240028,2021239N17281,9.16666666666667,2021,8,22087_2021-08-29 18:00:00
2021-08-29 19:00:00,22093,19423,9897.8,1701.75,582,582,295.64517869724,5742316.3058365,2021239N17281,24.25,2021,8,22093_2021-08-29 19:00:00
2021-08-29 19:00:00,28043,21088,11412.0,1701.75,26,26,0.384770417104802,8114.03855590606,2021239N17281,1.08333333333333,2021,8,28043_2021-08-29 19:00:00
2021-08-29 20:00:00,22005,130458,58300.6666666667,1701.79166666667,460,460,137.89162907597,17989066.1459929,2021239N17281,19.1666666666667,2021,8,22005_2021-08-29 20:00:00
2021-08-29 20:00:00,22047,29506,9090.42857142857,1701.79166666667,293,293,82.1606858419398,2424233.19645228,2021239N17281,12.2083333333333,2021,8,22047_2021-08-29 20:00:00
2021-08-29 20:00:00,28105,51427,7675.0,1701.79166666667,78,78,1.38812945805874,71387.3336395868,2021239N17281,3.25,2021,8,28105_2021-08-29 20:00:00
2021-08-29 20:00:00,01023,12439,2892.5,1701.79166666667,49,49,0.332871492899203,4140.58850017319,2021239N17281,2.04166666666667,2021,8,01023_2021-08-29 20:00:00
2021-08-29 21:00:00,22117,45025,24683.0,1701.83333333333,240,240,75.9969856330909,3421764.27812992,2021239N17281,10.0,2021,8,22117_2021-08-29 21:00:00
2021-08-29 21:00:00,22007,20604,10490.0,1701.83333333333,333,333,147.062724471805,3030080.37501707,2021239N17281,13.875,2021,8,22007_2021-08-29 21:00:00
2021-08-29 21:00:00,28147,13761,8688.0,1701.83333333333,143,143,43.0144665527784,591922.074232784,2021239N17281,5.95833333333333,2021,8,28147_2021-08-29 21:00:00
2021-08-29 22:00:00,22091,10822,6247.0,1701.875,437,437,232.111298999555,2511908.47777319,2021239N17281,18.2083333333333,2021,8,22091_2021-08-29 22:00:00
2021-08-29 22:00:00,28045,46094,26523.0,1701.875,38,38,4.99305215432822,230149.746001605,2021239N17281,1.58333333333333,2021,8,28045_2021-08-29 22:00:00
2021-08-29 22:00:00,22101,47789,18905.0,1701.875,28,28,7.60597725469453,363482.047024597,2021239N17281,1.16666666666667,2021,8,22101_2021-08-29 22:00:00
2021-08-30 00:00:00,22037,19135,10375.0,1701.95833333333,256,256,72.3699422730256,1384798.84539435,2021239N17281,10.6666666666667,2021,8,22037_2021-08-30 00:00:00
2021-08-30 00:00:00,22063,148425,68420.0,1701.95833333333,414,414,181.139002350392,26885556.4238569,2021239N17281,17.25,2021,8,22063_2021-08-30 00:00:00
2021-08-30 00:00:00,22033,450544,216086.0,1701.95833333333,171,171,67.333107984248,30336527.803655,2021239N17281,7.125,2021,8,22033_2021-08-30 00:00:00
2021-08-30 01:00:00,28157,8143,5922.0,1702.0,116,116,36.1890464295378,294687.405075727,2021239N17281,4.83333333333333,2021,8,28157_2021-08-30 01:00:00
2021-08-30 01:00:00,22125,15381,6354.0,1702.0,185,185,51.0154316969962,784668.354931498,2021239N17281,7.70833333333333,2021,8,22125_2021-08-30 01:00:00
2021-08-30 02:00:00,28109,57261,30236.0,1702.04166666667,75,75,20.1473715197765,1153658.64059393,2021239N17281,3.125,2021,8,28109_2021-08-30 02:00:00
2021-08-30 02:00:00,22121,28034,12840.0,1702.04166666667,45,45,7.32663551401869,205394.9,2021239N17281,1.875,2021,8,22121_2021-08-30 02:00:00
2021-08-30 03:00:00,28065,11088,7889.0,1702.08333333333,37,37,3.2018354291765,35501.9512387091,2021239N17281,1.54166666666667,2021,8,28065_2021-08-30 03:00:00
2021-08-30 03:00:00,28005,12619,11863.0,1702.08333333333,186,186,62.5058043459202,788760.745041168,2021239N17281,7.75,2021,8,28005_2021-08-30 03:00:00
2021-08-30 04:00:00,22077,20151,5091.0,1702.125,43,43,7.55411510508741,152222.973482616,2021239N17281,1.79166666666667,2021,8,22077_2021-08-30 04:00:00
2021-08-30 04:00:00,28113,39644,20043.0,1702.125,157,157,62.5628606414138,2480242.04726821,2021239N17281,6.54166666666667,2021,8,28113_2021-08-30 04:00:00
2021-08-30 05:00:00,28037,7642,6539.0,1702.16666666667,141,141,27.2254089099894,208056.574890139,2021239N17281,5.875,2021,8,28037_2021-08-30 05:00:00
2021-08-30 07:00:00,28031,18098,11527.0,1702.25,112,112,2.17670618131743,39394.0284694829,2021239N17281,4.66666666666667,2021,8,28031_2021-08-30 07:00:00
2021-08-30 07:00:00,28085,34717,18004.0,1702.25,115,115,17.6977797365377,614413.819113379,2021239N17281,4.79166666666667,2021,8,28085_2021-08-30 07:00:00
2021-08-30 08:00:00,28077,11713,8726.0,1702.29166666667,102,102,8.66021086408434,101437.04985102,2021239N17281,4.25,2021,8,28077_2021-08-30 08:00:00
2021-08-30 08:00:00,28021,8805,5287.0,1702.29166666667,100,100,11.9099938843548,104867.496151744,2021239N17281,4.16666666666667,2021,8,28021_2021-08-30 08:00:00
2021-08-30 08:00:00,28063,7087,4907.0,1702.29166666667,79,79,7.83058751971422,55495.3737522147,2021239N17281,3.29166666666667,2021,8,28063_2021-08-30 08:00:00
2021-08-30 08:00:00,28001,28408,17108.0,1702.29166666667,35,35,5.6640168342296,160903.390226794,2021239N17281,1.45833333333333,2021,8,28001_2021-08-30 08:00:00
2021-08-30 09:00:00,28029,27719,15730.0,1702.33333333333,55,55,11.3408443318532,314356.864034639,2021239N17281,2.29166666666667,2021,8,28029_2021-08-30 09:00:00
2021-08-30 10:00:00,28127,25587,15933.5,1702.375,36,36,4.12797338856461,105622.455093203,2021239N17281,1.5,2021,8,28127_2021-08-30 10:00:00
2021-08-30 12:00:00,28099,28673,11352.0,1702.45833333333,64,64,0.942245390984355,27017.0020956944,2021239N17281,2.66666666666667,2021,8,28099_2021-08-30 12:00:00
2021-08-30 16:00:00,28079,21135,11412.0,1702.625,58,58,0.685731481176857,14492.9348546729,2021239N17281,2.41666666666667,2021,8,28079_2021-08-30 16:00:00
2021-08-30 19:00:00,54015,7814,3865.0,1702.75,67,67,2.134136937837,16676.1460322583,2021239N17281,2.79166666666667,2021,8,54015_2021-08-30 19:00:00
2021-08-30 22:00:00,01065,14595,6932.0,1702.875,51,51,0.38199653779573,5575.23946912868,2021239N17281,2.125,2021,8,01065_2021-08-30 22:00:00
2021-08-30 23:00:00,28069,8654,5792.0,1702.91666666667,50,50,0.44240333878056,3828.55849380696,2021239N17281,2.08333333333333,2021,8,28069_2021-08-30 23:00:00
2021-08-30 23:00:00,13123,32407,17771.0,1702.91666666667,50,50,1.7326543244612,56150.1286928141,2021239N17281,2.08333333333333,2021,8,13123_2021-08-30 23:00:00
2021-08-31 13:00:00,51091,2301,2342.0,1703.5,28,28,0.273697694278395,629.778394534586,2021239N17281,1.16666666666667,2021,8,51091_2021-08-31 13:00:00
2021-08-31 14:00:00,51017,4049,3630.0,1703.54166666667,27,27,0.284573002754821,1152.23608815427,2021239N17281,1.125,2021,8,51017_2021-08-31 14:00:00
2021-08-31 16:00:00,28015,9731,1279.0,1703.625,31,31,0.788115715402658,7669.15402658327,2021239N17281,1.29166666666667,2021,8,28015_2021-08-31 16:00:00
2021-09-01 04:00:00,37075,7980,6294.0,1704.125,44,44,1.81744518589133,14503.2125834128,2021239N17281,1.83333333333333,2021,9,37075_2021-09-01 04:00:00
2021-09-01 23:00:00,28051,16121,4875.0,1704.91666666667,25,25,2.19794871794872,35433.1312820513,2021239N17281,1.04166666666667,2021,9,28051_2021-09-01 23:00:00
2021-09-01 23:00:00,28007,17509,7526.0,1704.91666666667,26,26,2.99747541854903,52482.797103375,2021239N17281,1.08333333333333,2021,9,28007_2021-09-01 23:00:00
2021-09-01 23:00:00,42091,864683,343466.0,1704.91666666667,29,29,2.45219387052329,2120370.35254569,2021239N17281,1.20833333333333,2021,9,42091_2021-09-01 23:00:00
2021-09-02 00:00:00,28163,25948,1330.0,1704.95833333333,25,25,2.79774436090226,72595.8706766917,2021239N17281,1.04166666666667,2021,9,28163_2021-09-02 00:00:00
2021-09-02 02:00:00,34019,129777,60593.0,1705.04166666667,32,32,2.93605351448259,381032.216949007,2021239N17281,1.33333333333333,2021,9,34019_2021-09-02 02:00:00
2021-09-09 07:00:00,12065,15042,8477.0,1712.25,25,25,1.3780319956516,20728.3572785914,2021252N28273,1.04166666666667,2021,9,12065_2021-09-09 07:00:00
2021-09-11 14:00:00,28005,12619,12143.0,1714.54166666667,26,26,2.36256042673779,29813.1500250042,2021256N21265,1.08333333333333,2021,9,28005_2021-09-11 14:00:00
2021-09-12 19:00:00,22081,7420,5101.0,1715.75,24,24,0.268967985949197,1995.74245574304,2021256N21265,1.0,2021,9,22081_2021-09-12 19:00:00
2021-09-14 01:00:00,48321,36125,16388.0,1717.0,118,118,32.6997349297311,1181277.92433653,2021256N21265,4.91666666666667,2021,9,48321_2021-09-14 01:00:00
2021-09-14 04:00:00,48481,41824,22973.0,1717.125,114,114,26.4402645368377,1105837.6239887,2021256N21265,4.75,2021,9,48481_2021-09-14 04:00:00
2021-09-14 04:00:00,48039,388181,145867.0,1717.125,70,70,16.1811282720587,6281206.55377601,2021256N21265,2.91666666666667,2021,9,48039_2021-09-14 04:00:00
2021-09-14 04:00:00,48015,31097,17426.0,1717.125,101,101,25.1007865660255,780559.159843694,2021256N21265,4.20833333333333,2021,9,48015_2021-09-14 04:00:00
2021-09-14 06:00:00,48473,61894,29531.0,1717.20833333333,66,66,14.4228106132476,892685.440096348,2021256N21265,2.75,2021,9,48473_2021-09-14 06:00:00
2021-09-14 06:00:00,48167,357117,131851.0,1717.20833333333,48,48,7.97641821137103,2848514.54239019,2021256N21265,2.0,2021,9,48167_2021-09-14 06:00:00
2021-09-14 07:00:00,48071,51288,22850.0,1717.25,68,68,9.84896758519855,505133.849509663,2021256N21265,2.83333333333333,2021,9,48071_2021-09-14 07:00:00
2021-09-14 07:00:00,48089,20754,15251.0,1717.25,36,36,6.02654708640153,125074.958231177,2021256N21265,1.5,2021,9,48089_2021-09-14 07:00:00
2021-09-16 00:00:00,22077,20151,5091.0,1718.95833333333,49,49,0.526812021213907,10615.7890394814,2021256N21265,2.04166666666667,2021,9,22077_2021-09-16 00:00:00
2021-10-27 05:00:00,25023,533069,206642.0,1760.16666666667,91,91,42.2444169266957,22519189.0866968,2021299N33284,3.79166666666667,2021,10,25023_2021-10-27 05:00:00
2021-10-27 07:00:00,25001,232457,185552.0,1760.25,71,71,32.1024295076313,7462434.45605545,2021299N33284,2.95833333333333,2021,10,25001_2021-10-27 07:00:00
2021-10-27 10:00:00,25021,725531,269037.0,1760.375,55,55,8.06570977088696,5851922.47578139,2021299N33284,2.29166666666667,2021,10,25021_2021-10-27 10:00:00
2021-10-27 10:00:00,25007,20868,20273.0,1760.375,63,63,12.8542396290633,268242.272579293,2021299N33284,2.625,2021,10,25007_2021-10-27 10:00:00
2021-10-27 11:00:00,44003,171275,80823.0,1760.41666666667,31,31,4.53511395498979,776751.642640877,2021299N33284,1.29166666666667,2021,10,44003_2021-10-27 11:00:00
2021-10-27 11:00:00,25005,580068,202065.0,1760.41666666667,42,42,7.03828289692341,4082682.68345257,2021299N33284,1.75,2021,10,25005_2021-10-27 11:00:00
2021-10-27 12:00:00,44009,130330,72700.0,1760.45833333333,34,34,6.86209137184542,894336.368492613,2021299N33284,1.41666666666667,2021,10,44009_2021-10-27 12:00:00
2022-09-27 17:00:00,12051,41339,15770.0,2095.66666666667,196,196,52.2607511035892,2160407.18987127,2022263N10313,8.16666666666667,2022,9,12051_2022-09-27 17:00:00
2022-09-28 13:00:00,12021,397994,266091.0,2096.5,165,165,60.2103428481238,23963355.1914962,2022263N10313,6.875,2022,9,12021_2022-09-28 13:00:00
2022-09-28 14:00:00,12027,35312,15719.0,2096.54166666667,224,224,107.25274725795,3787309.01117275,2022263N10313,9.33333333333333,2022,9,12027_2022-09-28 14:00:00
2022-09-28 14:00:00,12071,822453,474231.0,2096.54166666667,263,263,129.068807614851,106153028.029257,2022263N10313,10.9583333333333,2022,9,12071_2022-09-28 14:00:00
2022-09-28 15:00:00,12115,462286,289988.0,2096.58333333333,204,204,74.3586167520388,34374947.503833,2022263N10313,8.5,2022,9,12115_2022-09-28 15:00:00
2022-09-28 15:00:00,12081,429125,237346.0,2096.58333333333,152,152,47.6588885921035,20451620.5670864,2022263N10313,6.33333333333333,2022,9,12081_2022-09-28 15:00:00
2022-09-28 16:00:00,12015,202661,125746.0,2096.625,228,228,131.884606780839,26727866.2948116,2022263N10313,9.5,2022,9,12015_2022-09-28 16:00:00
2022-09-28 22:00:00,12043,12454,6799.0,2096.875,123,123,38.8406365122899,483721.287124058,2022263N10313,5.125,2022,9,12043_2022-09-28 22:00:00
2022-09-28 23:00:00,12055,105618,65335.0,2096.91666666667,118,118,62.6931510373638,6621525.22626429,2022263N10313,4.91666666666667,2022,9,12055_2022-09-28 23:00:00
2022-09-28 23:00:00,12105,787404,355057.0,2096.91666666667,96,96,26.2357114515537,20658104.1397992,2022263N10313,4.0,2022,9,12105_2022-09-28 23:00:00
2022-09-29 00:00:00,12127,579192,310300.0,2096.95833333333,119,119,42.9121489069536,24854373.3497163,2022263N10313,4.95833333333333,2022,9,12127_2022-09-29 00:00:00
2022-09-29 04:00:00,12095,1452726,631967.0,2097.125,70,70,12.8982912827745,18737683.1020598,2022263N10313,2.91666666666667,2022,9,12095_2022-09-29 04:00:00
2022-09-29 04:00:00,12093,40412,22938.0,2097.125,68,68,25.8958496817508,1046503.07733891,2022263N10313,2.83333333333333,2022,9,12093_2022-09-29 04:00:00
2022-09-29 04:00:00,12097,422545,198813.0,2097.125,39,39,3.37672332547404,1426817.55756243,2022263N10313,1.625,2022,9,12097_2022-09-29 04:00:00
2022-09-29 05:00:00,12111,358704,173837.0,2097.16666666667,39,39,4.78086943516052,1714916.98986982,2022263N10313,1.625,2022,9,12111_2022-09-29 05:00:00
2022-09-29 05:00:00,12061,167352,99474.0,2097.16666666667,48,48,7.55761154064953,1264781.40655078,2022263N10313,2.0,2022,9,12061_2022-09-29 05:00:00
2022-09-29 06:00:00,12069,410139,169649.0,2097.20833333333,42,42,5.29934800236066,2173469.2903402,2022263N10313,1.75,2022,9,12069_2022-09-29 06:00:00
2022-09-29 07:00:00,12009,630693,330448.0,2097.25,62,62,9.3894470536968,5921858.5306372,2022263N10313,2.58333333333333,2022,9,12009_2022-09-29 07:00:00
2022-09-29 08:00:00,12109,306841,132884.0,2097.29166666667,38,38,3.1958422791015,980615.440761784,2022263N10313,1.58333333333333,2022,9,12109_2022-09-29 08:00:00
2022-09-29 10:00:00,12107,74731,42472.0,2097.375,35,35,5.25023680894843,392355.446969525,2022263N10313,1.45833333333333,2022,9,12107_2022-09-29 10:00:00
2022-09-29 15:00:00,51073,39493,20570.2,2097.58333333333,47,47,1.08251081830116,42751.5997471678,2022263N10313,1.95833333333333,2022,9,51073_2022-09-29 15:00:00
2022-09-29 20:00:00,45025,43683,20027.0,2097.79166666667,43,43,1.61088345332123,70368.2218914313,2022263N10313,1.79166666666667,2022,9,45025_2022-09-29 20:00:00
2022-09-29 21:00:00,51147,21927,11461.0,2097.83333333333,42,42,0.902152431959481,19781.4963755755,2022263N10313,1.75,2022,9,51147_2022-09-29 21:00:00
2022-09-29 21:00:00,51049,9746,5560.0,2097.83333333333,43,43,1.35323741007194,13188.6517985612,2022263N10313,1.79166666666667,2022,9,51049_2022-09-29 21:00:00
2022-09-30 15:00:00,45043,64722,37525.0,2098.58333333333,33,33,5.26731275063883,340911.015846847,2022263N10313,1.375,2022,9,45043_2022-09-30 15:00:00
2022-09-30 15:00:00,45089,30058,20725.0,2098.58333333333,30,30,4.49652977679973,135156.692031046,2022263N10313,1.25,2022,9,45089_2022-09-30 15:00:00
2022-09-30 16:00:00,37017,29446,22125.0,2098.625,27,27,1.86385309663237,54883.0182834366,2022263N10313,1.125,2022,9,37017_2022-09-30 16:00:00
2022-09-30 17:00:00,37047,49885,30095.0,2098.66666666667,27,27,4.57080138250759,228014.426966391,2022263N10313,1.125,2022,9,37047_2022-09-30 17:00:00
2022-09-30 17:00:00,45019,419279,241137.0,2098.66666666667,24,24,3.10255195219565,1300834.87996464,2022263N10313,1.0,2022,9,45019_2022-09-30 17:00:00
2022-09-30 17:00:00,45033,27738,13413.0,2098.66666666667,24,24,2.86083405615524,79353.815049634,2022263N10313,1.0,2022,9,45033_2022-09-30 17:00:00
2022-09-30 18:00:00,45067,28450,17647.0,2098.70833333333,27,27,3.47034506261033,98731.317031264,2022263N10313,1.125,2022,9,45067_2022-09-30 18:00:00
2022-09-30 18:00:00,37155,116663,48305.0,2098.70833333333,29,29,5.40243709136318,630264.518389703,2022263N10313,1.20833333333333,2022,9,37155_2022-09-30 18:00:00
2022-09-30 20:00:00,37125,105531,63474.0,2098.79166666667,27,27,3.83896515247143,405129.831505462,2022263N10313,1.125,2022,9,37125_2022-09-30 20:00:00
2022-09-30 21:00:00,37165,34162,14183.0,2098.83333333333,43,43,2.9677085825054,101382.86059555,2022263N10313,1.79166666666667,2022,9,37165_2022-09-30 21:00:00
2022-09-30 21:00:00,37085,138832,65206.0,2098.83333333333,24,24,2.55284789743275,354416.979296384,2022263N10313,1.0,2022,9,37085_2022-09-30 21:00:00
2022-09-30 22:00:00,37105,65476,36020.0,2098.875,24,24,2.63603553581344,172597.062742921,2022263N10313,1.0,2022,9,37105_2022-09-30 22:00:00
2022-09-30 22:00:00,37019,153064,112249.0,2098.875,38,38,0.670178946572994,102580.270278249,2022263N10313,1.58333333333333,2022,9,37019_2022-09-30 22:00:00
2022-09-30 22:00:00,37001,176353,88974.0,2098.875,25,25,2.87589455523984,507172.632500212,2022263N10313,1.04166666666667,2022,9,37001_2022-09-30 22:00:00
2022-09-30 22:00:00,37151,146043,73787.0,2098.875,24,24,2.47929163975633,362083.188944933,2022263N10313,1.0,2022,9,37151_2022-09-30 22:00:00
2022-09-30 23:00:00,37135,150477,89129.0,2098.91666666667,33,33,4.03922689908379,607810.746093431,2022263N10313,1.375,2022,9,37135_2022-09-30 23:00:00
2022-10-01 00:00:00,37169,45175,25632.0,2098.95833333333,43,43,5.94742585201643,268674.962864842,2022263N10313,1.79166666666667,2022,9,37169_2022-10-01 00:00:00
2022-10-01 00:00:00,51141,17643,12368.0,2098.95833333333,45,45,10.2776520051746,181328.614327296,2022263N10313,1.875,2022,9,51141_2022-10-01 00:00:00
2022-10-01 00:00:00,37081,546101,226272.0,2098.95833333333,29,29,4.46648872203628,2439153.95759274,2022263N10313,1.20833333333333,2022,9,37081_2022-10-01 00:00:00
2022-10-01 02:00:00,51590,42229,18524.0,2099.04166666667,57,57,9.3054955733103,392961.772565321,2022263N10313,2.375,2022,10,51590_2022-10-01 02:00:00
