event_id,storm,CountyFIPS,county,event_start,duration_hours,county_pop,pre_outage_tracked_customers,days_since_data_start,n_periods,integral,pop_hours_supply_lost,duration_days,year,month,max_gust,mean_gust_7d,total_precip_7d,pressure_min_7d,weather_hours_available,weather_hours_used
54001_2017-06-21 16:00:00,2017171N24271,54001,Barbour,2017-06-21 16:00:00,47,15414,6599.0,171.625,47,0.38930140930444,6000.69192301864,1.95833333333333,2017,6,16.67140968682254,8.706824923676294,34.77047231896775,1006.2998476357984,71,71
54059_2017-06-24 04:00:00,2017171N24271,54059,Mingo,2017-06-24 04:00:00,62,22573,13970.0,174.125,62,4.77878915456688,107871.607586038,2.58333333333333,2017,6,20.08078265085094,6.98082268656967,18.274363243156458,1004.6533843268172,86,86
12075_2017-07-30 21:00:00,2017212N28275,12075,Levy,2017-07-30 21:00:00,86,45260,2942.7,210.833333333333,86,4.00755020910171,181381.722463943,3.58333333333333,2017,7,12.601286841367076,7.421799059871172,67.4139983218805,1009.864246350036,110,110
21055_2017-08-24 22:00:00,2017228N14314,21055,Crittenden,2017-08-24 22:00:00,52,8981,3092.0,235.875,52,0.500270916654669,4492.93310247559,2.16666666666667,2017,8,8.907759101481377,5.471674931962676,2.7939677238464355e-06,1016.4005300632912,76,76
48355_2017-08-25 21:00:00,2017228N14314,48355,Nueces,2017-08-25 21:00:00,241,351674,143346.0,236.833333333333,241,59.3811952795346,20882822.468735,10.0416666666667,2017,8,23.61434429538961,12.115826871934669,131.43496739886243,994.0946907001336,265,168
48391_2017-08-25 22:00:00,2017228N14314,48391,Refugio,2017-08-25 22:00:00,409,6632,4527.0,236.875,409,253.371423550923,1680359.28098972,17.0416666666667,2017,8,27.200504788745206,11.924649178212846,176.83670550501074,991.719007880774,433,168
48409_2017-08-25 22:00:00,2017228N14314,48409,San Patricio,2017-08-25 22:00:00,291,69954,30060.0,236.875,291,112.724403564193,7885522.92692956,12.125,2017,8,24.878361208976116,12.038954027522218,148.0696087179154,993.9478722155744,315,168
48239_2017-08-26 00:00:00,2017228N14314,48239,Jackson,2017-08-26 00:00:00,172,15142,4458.0,236.958333333333,172,94.3516086477872,1428672.05814479,7.16666666666667,2017,8,31.236187964894288,12.635323802736629,291.14989669864985,995.4064719847156,196,168
48321_2017-08-26 00:00:00,2017228N14314,48321,Matagorda,2017-08-26 00:00:00,168,36125,15562.0,236.958333333333,168,39.9672009706017,1443815.13506299,7.0,2017,8,30.64475657613145,13.732302218688222,338.40556524169216,999.0008193210664,192,168
48007_2017-08-26 01:00:00,2017228N14314,48007,Aransas,2017-08-26 01:00:00,451,24944,19431.0,237.0,451,325.38767319175,8116470.120095,18.7916666666667,2017,8,28.396930522544714,12.760304590389064,167.82543028102202,988.2812334558824,475,168
48175_2017-08-26 01:00:00,2017228N14314,48175,Goliad,2017-08-26 01:00:00,330,7131,2933.0,237.0,330,111.260386574965,793397.816666073,13.75,2017,8,28.58893541959704,11.392843913765764,143.93400748066946,992.184988066826,354,168
48167_2017-08-26 03:00:00,2017228N14314,48167,Galveston,2017-08-26 03:00:00,97,357117,66317.0,237.083333333333,97,4.19982809837598,1499830.01100774,4.04166666666667,2017,8,20.917519315380915,15.647432125626619,480.3237989811426,1001.1324723459404,121,121
48057_2017-08-26 03:00:00,2017228N14314,48057,Calhoun,2017-08-26 03:00:00,271,19706,7499.0,237.083333333333,271,173.098546472863,3411079.95679424,11.2916666666667,2017,8,28.85185513006369,13.237592305887807,236.14912069073176,992.1379642724804,295,168
48025_2017-08-26 06:00:00,2017228N14314,48025,Bee,2017-08-26 06:00:00,114,30394,8880.0,237.208333333333,114,36.1777192679203,1099585.59942917,4.75,2017,8,25.04966492073558,13.264975769093862,161.26480024736634,995.9792024131132,138,138
48469_2017-08-26 07:00:00,2017228N14314,48469,Victoria,2017-08-26 07:00:00,302,91065,30106.0,237.25,302,109.140866431263,9938913.00156295,12.5833333333333,2017,8,28.32871808851564,11.359259610396075,186.593675718688,991.586521362587,326,168
48473_2017-08-26 09:00:00,2017228N14314,48473,Waller,2017-08-26 09:00:00,67,61894,8829.0,237.333333333333,67,3.00017811721859,185693.024387127,2.79166666666667,2017,8,20.62695864509134,15.531500248106566,349.89605981162657,1003.1372558210784,91,91
48481_2017-08-26 11:00:00,2017228N14314,48481,Wharton,2017-08-26 11:00:00,34,41824,17297.0,237.416666666667,34,0.498121061455744,20833.415274325,1.41666666666667,2017,8,26.750426501285663,17.30994362341054,293.1793447699353,1000.9736719478096,58,58
48089_2017-08-26 17:00:00,2017228N14314,48089,Colorado,2017-08-26 17:00:00,81,20754,5500.0,237.666666666667,81,8.17485316441942,169660.902574361,3.375,2017,8,26.10550927966053,16.069669310832023,424.75207025399783,1002.0078712369112,105,105
48015_2017-08-27 01:00:00,2017228N14314,48015,Austin,2017-08-27 01:00:00,67,31097,8714.0,238.0,67,0.336153008673439,10453.3501107179,2.79166666666667,2017,8,24.38652527405441,16.152830242749,395.26720547425833,1002.733656777224,91,91
22069_2017-08-27 18:00:00,2017228N14314,22069,Natchitoches,2017-08-27 18:00:00,98,36663,11875.0,238.708333333333,98,3.56310068599263,130633.960450548,4.08333333333333,2017,8,14.850915004101749,9.633588960249964,247.228250812054,1000.1631986350576,122,122
22043_2017-08-27 19:00:00,2017228N14314,22043,Grant,2017-08-27 19:00:00,76,22000,1317.0,238.75,76,0.988881550941879,21755.3941207213,3.16666666666667,2017,8,13.514632806376552,9.213847274925607,195.50683639446177,999.0475560141508,100,100
48311_2017-08-27 20:00:00,2017228N14314,48311,McMullen,2017-08-27 20:00:00,28,576,62.0,238.791666666667,28,2.5,1440.0,1.16666666666667,2017,8,18.38512880949847,13.542342416780834,18.00513285113317,1003.914038716814,52,52
48339_2017-08-27 22:00:00,2017228N14314,48339,Montgomery,2017-08-27 22:00:00,66,678490,60396.0,238.875,66,4.80374695735911,3259294.27309859,2.75,2017,8,16.327800306765056,13.431607526277473,253.6608264922244,1004.9739065450896,90,90
22085_2017-08-28 19:00:00,2017228N14314,22085,Sabine,2017-08-28 19:00:00,76,21985,8290.0,239.75,76,5.27999589806098,116080.709818871,3.16666666666667,2017,8,15.836761553922967,10.522152108056753,225.14467113996614,1001.9545973196392,100,100
22013_2017-08-29 04:00:00,2017228N14314,22013,Bienville,2017-08-29 04:00:00,55,12641,1371.0,240.125,55,2.29835129884304,29053.4587686748,2.29166666666667,2017,8,15.959284190831768,10.226317147170908,118.93191874678165,1002.0639398805924,79,79
48245_2017-08-30 05:00:00,2017228N14314,48245,Jefferson,2017-08-30 05:00:00,114,250830,117068.0,241.166666666667,114,11.7596406039316,2949670.65268417,4.75,2017,8,21.109897215364192,7.094368470758807,183.60845393347554,997.4314398644028,138,138
48071_2017-08-30 05:00:00,2017228N14314,48071,Chambers,2017-08-30 05:00:00,92,51288,12430.125,241.166666666667,92,9.12678646490122,468094.624211854,3.83333333333333,2017,8,21.663463869290887,7.569809119635674,143.31855044104472,1001.337966860641,116,116
48361_2017-08-30 10:00:00,2017228N14314,48361,Orange,2017-08-30 10:00:00,199,84934,41233.0,241.375,199,79.0355627325453,6712806.485126,8.29166666666667,2017,8,17.159171994034327,5.668355200333805,180.06250455744507,994.7800989179584,223,168
48419_2017-08-30 20:00:00,2017228N14314,48419,Shelby,2017-08-30 20:00:00,33,24008,3995.0,241.791666666667,33,1.07909887359199,25907.0057571965,1.375,2017,8,14.318107627050884,9.165878236840204,64.8714513852557,1004.750668487363,57,57
22081_2017-08-30 23:00:00,2017228N14314,22081,Red River,2017-08-30 23:00:00,24,7420,3236.0,241.916666666667,24,5.85012360939431,43407.9171817058,1.0,2017,8,16.451302454678178,10.431119280155519,93.86201878787134,1001.9641763026932,48,48
28083_2017-08-31 10:00:00,2017228N14314,28083,Leflore,2017-08-31 10:00:00,36,26570,1374.0,242.375,36,1.5334788937409,40744.5342066958,1.5,2017,8,13.984911404298934,8.658740760911401,48.20459936693143,1001.7437686847916,60,60
28053_2017-09-01 00:00:00,2017228N14314,28053,Humphreys,2017-09-01 00:00:00,24,7333,2644.0,242.958333333333,24,2.49697428139183,18310.3124054463,1.0,2017,8,14.985363532609467,7.4683779284291205,36.83440003757086,1003.0026462654148,48,48
47161_2017-09-01 06:00:00,2017228N14314,47161,Stewart,2017-09-01 06:00:00,48,14035,7491.0,243.208333333333,48,3.24669603524229,45567.3788546256,2.0,2017,9,19.02641545286273,9.377548663791913,116.92619098553266,1003.5570801361388,72,72
48167_2017-09-02 00:00:00,2017228N14314,48167,Galveston,2017-09-02 00:00:00,25,357117,66395.2153846154,243.958333333333,25,1.78848038774339,638696.750629758,1.04166666666667,2017,9,5.014192561122859,2.889360068750682,0.8557061914998644,1014.2404610835276,49,49
13299_2017-08-26 21:00:00,2017240N31279,13299,Ware,2017-08-26 21:00:00,42,35614,14060.0,237.833333333333,42,0.11835583358159,4215.12465717475,1.75,2017,8,13.700621003598238,9.779166905817316,6.5347584092214825,1009.927323440957,66,66
12037_2017-09-09 19:00:00,2017242N16333,12037,Franklin,2017-09-09 19:00:00,122,12498,9491.0,251.75,122,13.3911488345658,167362.578134403,5.08333333333333,2017,9,27.279316418163774,12.005696650264223,92.75071839806628,995.318711524024,146,146
01087_2017-09-09 20:00:00,2017242N16333,01087,Macon,2017-09-09 20:00:00,70,18516,1812.0,251.791666666667,70,1.96661826325916,36413.9037625065,2.91666666666667,2017,9,19.95963056150725,10.95297394831735,74.9758411207572,997.5746146158348,94,94
12059_2017-09-09 20:00:00,2017242N16333,12059,Holmes,2017-09-09 20:00:00,43,19651,4003.0,251.791666666667,43,1.54301855753869,30321.8576741929,1.79166666666667,2017,9,21.989180979777853,14.199580847914357,58.31288363515716,998.4770797358246,67,67
12067_2017-09-09 20:00:00,2017242N16333,12067,Lafayette,2017-09-09 20:00:00,191,7786,786.0,251.791666666667,191,89.8808888826583,699812.600840377,7.95833333333333,2017,9,33.24103419673335,9.33372824364903,153.91627978281795,982.8335295608108,215,168
12013_2017-09-09 21:00:00,2017242N16333,12013,Calhoun,2017-09-09 21:00:00,54,13464,976.0,251.833333333333,54,8.9500948356099,120504.076866652,2.25,2017,9,25.291777432175497,14.104932238401753,89.23010366751612,996.0105648189046,78,78
12075_2017-09-09 22:00:00,2017242N16333,12075,Levy,2017-09-09 22:00:00,190,45260,5563.0,251.875,190,64.4138282251013,2915369.86546809,7.91666666666667,2017,9,33.16905834937835,9.553963984025225,145.73360884242518,976.9195070858868,214,168
13193_2017-09-09 22:00:00,2017242N16333,13193,Macon,2017-09-09 22:00:00,118,11765,3712.0,251.875,118,32.7853128644046,385719.20584972,4.91666666666667,2017,9,33.13878472414039,10.140381344398833,119.4398227066182,992.0352254409976,142,142
13183_2017-09-09 23:00:00,2017242N16333,13183,Long,2017-09-09 23:00:00,101,18348,2442.0,251.916666666667,101,26.4625248625249,485534.406177606,4.20833333333333,2017,9,37.283030738359614,11.632547388505346,167.87112111593652,994.9004571759258,125,125
01037_2017-09-10 00:00:00,2017242N16333,01037,Coosa,2017-09-10 00:00:00,37,10166,4664.0,251.958333333333,37,0.224485420240137,2282.11878216124,1.54166666666667,2017,9,20.031293399384374,11.374896585188544,46.95668855254339,1001.5497539416542,61,61
12079_2017-09-10 02:00:00,2017242N16333,12079,Madison,2017-09-10 02:00:00,124,18198,3749.0,252.041666666667,124,53.5771571473622,974997.105767696,5.16666666666667,2017,9,34.06154558214091,9.72362998221226,136.38472335484133,985.0380013020834,148,148
12011_2017-09-10 06:00:00,2017242N16333,12011,Broward,2017-09-10 06:00:00,178,1947026,939274.0,252.208333333333,178,50.9309517657027,99163887.2925691,7.41666666666667,2017,9,40.3859262631634,10.2815714867722,150.30149385171725,984.8973236343504,202,168
12086_2017-09-10 06:00:00,2017242N16333,12086,Miami-Dade,2017-09-10 06:00:00,210,2673837,1124137.0,252.208333333333,210,62.6986500102262,167645970.247393,8.75,2017,9,44.31942065412536,11.152698144575902,182.87326527942236,985.2187494258,234,168
12125_2017-09-10 11:00:00,2017242N16333,12125,Union,2017-09-10 11:00:00,133,15460,5345.0,252.416666666667,133,54.993459561233,850198.884816662,5.54166666666667,2017,9,33.14872428403801,8.893727335460145,191.48056313253375,980.9217052585342,157,157
13305_2017-09-10 12:00:00,2017242N16333,13305,Wayne,2017-09-10 12:00:00,85,30896,6807.0,252.458333333333,85,28.5438055348416,881889.415804467,3.54166666666667,2017,9,37.52360531152117,11.900419767230284,174.5111590677646,992.4911123511904,109,109
13273_2017-09-10 14:00:00,2017242N16333,13273,Terrell,2017-09-10 14:00:00,83,8754,3418.0,252.541666666667,83,16.4010762905038,143575.02184707,3.45833333333333,2017,9,36.16776949294069,10.922489118553022,118.69068722322717,989.9135051766716,107,107
12111_2017-09-10 14:00:00,2017242N16333,12111,St. Lucie,2017-09-10 14:00:00,131,358704,127029.0,252.541666666667,131,39.8613853891109,14298438.3846156,5.45833333333333,2017,9,37.70381251511965,9.968194197102939,81.53300602866567,987.67180043693,155,155
12099_2017-09-10 14:00:00,2017242N16333,12099,Palm Beach,2017-09-10 14:00:00,147,1518477,742679.0,252.541666666667,147,48.3090383845822,73356163.6791051,6.125,2017,9,38.76315124119104,9.680660974300334,111.91816701818986,984.6623378897737,171,168
12021_2017-09-10 14:00:00,2017242N16333,12021,Collier,2017-09-10 14:00:00,263,397994,212167.0,252.541666666667,263,118.692897564778,47239061.0733962,10.9583333333333,2017,9,47.97644738424183,9.8269038396845,212.19024908584794,965.3838709223444,287,168
12133_2017-09-10 16:00:00,2017242N16333,12133,Washington,2017-09-10 16:00:00,30,25414,6511.0,252.625,30,1.83348350978775,46596.1499177459,1.25,2017,9,22.336509834006065,15.792515234524089,60.84474458122965,998.0321299474958,54,54
13231_2017-09-10 16:00:00,2017242N16333,13231,Pike,2017-09-10 16:00:00,95,19990,4756.0,252.625,95,21.8057808994904,435897.560180814,3.95833333333333,2017,9,25.59872404298826,9.89696865774144,91.67751167437326,996.2179437785388,119,119
13227_2017-09-10 16:00:00,2017242N16333,13227,Pickens,2017-09-10 16:00:00,102,34826,4417.2,252.625,102,28.0350371294082,976348.203068769,4.25,2017,9,26.167712688446045,9.417265297358515,62.580829507417306,1001.1059410511364,126,126
13253_2017-09-10 16:00:00,2017242N16333,13253,Seminole,2017-09-10 16:00:00,32,9127,1750.0,252.625,32,1.04457142857143,9533.80342857143,1.33333333333333,2017,9,29.48005443322854,16.454734816693588,120.31138338698227,992.9501197489752,56,56
12093_2017-09-10 16:00:00,2017242N16333,12093,Okeechobee,2017-09-10 16:00:00,175,40412,20093.0,252.625,175,79.3521562543671,3206779.33855148,7.29166666666667,2017,9,43.15726875418012,9.170118304016828,118.35535903131765,980.6558183127136,199,168
12051_2017-09-10 16:00:00,2017242N16333,12051,Hendry,2017-09-10 16:00:00,300,41339,9738.0,252.625,300,135.441962739839,5599035.2977022,12.5,2017,9,44.06321571915961,9.31983176902979,205.88198718309195,970.1731393861892,324,168
13199_2017-09-10 16:00:00,2017242N16333,13199,Meriwether,2017-09-10 16:00:00,95,20845,1333.0,252.625,95,22.0495713210697,459623.314187697,3.95833333333333,2017,9,24.26494678081852,9.825846279336945,90.76817028390445,996.4657708849012,119,119
13061_2017-09-10 17:00:00,2017242N16333,13061,Clay,2017-09-10 17:00:00,76,2845,1564.0,252.666666666667,76,22.095019901636,62860.3316201544,3.16666666666667,2017,9,28.30719434033643,10.973769951382199,114.13815428779736,993.1623838682432,100,100
13171_2017-09-10 17:00:00,2017242N16333,13171,Lamar,2017-09-10 17:00:00,138,19467,2542.0,252.666666666667,138,38.8380165630381,756059.668432663,5.75,2017,9,26.75697667638683,8.130219668928973,99.14800080122146,995.7977884951116,162,162
12129_2017-09-10 18:00:00,2017242N16333,12129,Wakulla,2017-09-10 18:00:00,107,35178,15461.0,252.708333333333,107,23.0348909932965,810321.395362186,4.45833333333333,2017,9,31.210941680908203,10.147348884320442,107.18215435122453,991.8288584375,131,131
12107_2017-09-10 18:00:00,2017242N16333,12107,Putnam,2017-09-10 18:00:00,207,74731,20133.0,252.708333333333,207,79.228861602759,5920852.05643578,8.625,2017,9,35.622321998268546,8.356245735016893,158.56333189626775,981.5370082438648,231,168
12041_2017-09-10 19:00:00,2017242N16333,12041,Gilchrist,2017-09-10 19:00:00,173,18992,4797.0,252.75,173,64.3622175053202,1222367.23486104,7.20833333333333,2017,9,32.68536102737205,7.910275415291532,174.3184216617458,980.031367527174,197,168
12049_2017-09-10 21:00:00,2017242N16333,12049,Hardee,2017-09-10 21:00:00,175,25645,2812.0,252.833333333333,175,87.4002236755517,2241378.73615952,7.29166666666667,2017,9,42.6029511779785,8.305069200760977,195.72771546840667,971.01893225,199,168
12055_2017-09-10 22:00:00,2017242N16333,12055,Highlands,2017-09-10 22:00:00,219,105618,54806.0,252.875,219,142.440173938316,15044246.291017,9.125,2017,9,44.645656787773056,8.699503809994438,172.2967806856449,973.4384547078296,243,168
12029_2017-09-10 22:00:00,2017242N16333,12029,Dixie,2017-09-10 22:00:00,167,17124,1806.0,252.875,167,73.5574367956428,1259597.54768859,6.95833333333333,2017,9,32.14372665221432,8.300142144972199,138.7223802765001,981.744273814006,191,168
12105_2017-09-10 23:00:00,2017242N16333,12105,Polk,2017-09-10 23:00:00,192,787404,106169.0,252.916666666667,192,43.4272046678154,34194754.6642565,8.0,2017,9,42.59030972886636,8.350609184174264,170.2714692691411,974.7197781544812,216,168
12035_2017-09-11 00:00:00,2017242N16333,12035,Flagler,2017-09-11 00:00:00,190,126705,58355.0,252.958333333333,190,67.5772757488715,8562378.72376077,7.91666666666667,2017,9,38.3003936577522,8.937893636548665,127.8353928028211,983.7977379893237,214,168
12015_2017-09-11 00:00:00,2017242N16333,12015,Charlotte,2017-09-11 00:00:00,188,202661,114552.0,252.958333333333,188,47.885063010151,9704434.75470022,7.83333333333333,2017,9,40.51598401081837,8.577106524930775,167.92629374241181,970.2506089154408,212,168
12103_2017-09-11 00:00:00,2017242N16333,12103,Pinellas,2017-09-11 00:00:00,168,961739,541750.0,252.958333333333,168,68.8142949131587,66181391.1754863,7.0,2017,9,43.06226785026151,9.404027970930587,151.04290168704134,975.1239532830944,192,168
12071_2017-09-11 00:00:00,2017242N16333,12071,Lee,2017-09-11 00:00:00,240,822453,260826.0,252.958333333333,240,97.1921323929368,79935960.862968,10.0,2017,9,39.95001785627758,8.662563909163712,154.57914812147516,967.6371055317004,264,168
12085_2017-09-11 00:00:00,2017242N16333,12085,Martin,2017-09-11 00:00:00,116,162006,94195.0,252.958333333333,116,48.1410629919414,7799141.05107246,4.83333333333333,2017,9,37.03185366634624,9.850267564114263,74.38884041130352,986.8561755423184,140,140
12117_2017-09-11 00:00:00,2017242N16333,12117,Seminole,2017-09-11 00:00:00,191,478772,211093.0,252.958333333333,191,69.9670086461089,33498244.6635148,7.95833333333333,2017,9,39.111801124271295,8.3751292106539,105.16330691784802,982.7114677526596,215,168
13025_2017-09-11 01:00:00,2017242N16333,13025,Brantley,2017-09-11 01:00:00,92,18183,1766.0,253.0,92,33.0695602116786,601303.813328953,3.83333333333333,2017,9,39.92872256000748,10.513872206902306,191.5469495517374,989.5152037513922,116,116
12121_2017-09-11 01:00:00,2017242N16333,12121,Suwannee,2017-09-11 01:00:00,161,45411,6348.0,253.0,161,73.9047928518712,3356090.54819632,6.70833333333333,2017,9,33.1387630368388,7.779667440071654,179.90478663637606,982.2636305414244,185,168
12095_2017-09-11 01:00:00,2017242N16333,12095,Orange,2017-09-11 01:00:00,173,1452726,382514.0,253.0,173,52.8478404184892,76773431.8197902,7.20833333333333,2017,9,42.50166494858325,8.438115913173633,110.70856601280633,981.2734645100504,197,168
12023_2017-09-11 01:00:00,2017242N16333,12023,Columbia,2017-09-11 01:00:00,168,71908,31282.0,253.0,168,55.834276090648,4014931.12512632,7.0,2017,9,32.87210430150099,7.9906483990071635,205.68063264035155,981.6870075847592,192,168
12097_2017-09-11 01:00:00,2017242N16333,12097,Osceola,2017-09-11 01:00:00,160,422545,50236.0,253.0,160,31.2744575033316,13214865.6457453,6.66666666666667,2017,9,43.1111639458869,8.59143024477589,108.4173563652284,981.3335810396212,184,168
13101_2017-09-11 01:00:00,2017242N16333,13101,Echols,2017-09-11 01:00:00,109,3686,639.0,253.0,109,67.830985915493,250025.014084507,4.54166666666667,2017,9,33.81960398908974,9.275524319116707,174.11051694740166,983.88158325785,133,133
13229_2017-09-11 01:00:00,2017242N16333,13229,Pierce,2017-09-11 01:00:00,72,20168,4101.0,253.0,72,26.3660083105748,531749.655607673,3.0,2017,9,36.90234494698712,11.79347376363718,180.85125008395866,989.5404572947214,96,96
12127_2017-09-11 01:00:00,2017242N16333,12127,Volusia,2017-09-11 01:00:00,187,579192,261351.0,253.0,187,65.9369437972425,38190150.3518125,7.79166666666667,2017,9,36.8481420062967,8.836308807389246,107.73642242868151,984.5824931312546,211,168
12101_2017-09-11 01:00:00,2017242N16333,12101,Pasco,2017-09-11 01:00:00,136,608794,250797.0,253.0,136,41.7020677359474,25387968.6252383,5.66666666666667,2017,9,41.70996387439667,8.468801712012205,150.1088411087852,972.7591256119948,160,160
12083_2017-09-11 01:00:00,2017242N16333,12083,Marion,2017-09-11 01:00:00,197,396415,138863.0,253.0,197,70.672581490682,28015671.3916287,8.20833333333333,2017,9,34.11790983244758,7.880155841033531,145.78067060587546,977.174596322056,221,168
12123_2017-09-11 02:00:00,2017242N16333,12123,Taylor,2017-09-11 02:00:00,135,21283,1604.0,253.041666666667,135,45.961315901204,978194.686325324,5.625,2017,9,34.09334099879031,8.81434055505948,121.74696566147702,985.838708247951,159,159
12069_2017-09-11 03:00:00,2017242N16333,12069,Lake,2017-09-11 03:00:00,207,410139,149938.0,253.083333333333,207,60.752518202616,24916977.0631027,8.625,2017,9,39.14408603661508,7.949885876345948,128.8648486204498,978.0561218969684,231,168
12047_2017-09-11 03:00:00,2017242N16333,12047,Hamilton,2017-09-11 03:00:00,145,13217,3302.0,253.083333333333,145,60.7836148143837,803377.03700171,6.04166666666667,2017,9,33.59822485511869,7.873274622635862,182.04551506860014,983.0063405885217,169,168
12017_2017-09-11 03:00:00,2017242N16333,12017,Citrus,2017-09-11 03:00:00,168,162529,87665.0,253.083333333333,168,59.5509419809906,9678755.04922842,7.0,2017,9,39.45761649679736,8.194532689005072,129.4141633414341,973.7942397251946,192,168
12109_2017-09-11 03:00:00,2017242N16333,12109,St. Johns,2017-09-11 03:00:00,163,306841,106680.0,253.083333333333,163,48.7164072609951,14948191.120371,6.79166666666667,2017,9,37.59778542093711,9.298829412956328,146.92156460645637,985.1818936610456,187,168
12001_2017-09-11 03:00:00,2017242N16333,12001,Alachua,2017-09-11 03:00:00,134,284030,120032.0,253.083333333333,134,29.2629568023201,8311557.62056297,5.58333333333333,2017,9,33.57631889163939,7.989727200386677,160.72545707390972,979.3423797242256,158,158
12019_2017-09-11 04:00:00,2017242N16333,12019,Clay,2017-09-11 04:00:00,133,226589,83949.0,253.125,133,38.1403132085061,8642175.42960219,5.54166666666667,2017,9,36.437456351060135,8.488040478473275,161.36228999955793,982.6076364683494,157,157
13039_2017-09-11 04:00:00,2017242N16333,13039,Camden,2017-09-11 04:00:00,119,57013,15790.0,253.125,119,53.2059394225794,3033430.22429952,4.95833333333333,2017,9,41.00648326289897,9.566831165881338,189.52672059258103,989.5053730867348,143,143
12119_2017-09-11 04:00:00,2017242N16333,12119,Sumter,2017-09-11 04:00:00,154,144970,71787.0,253.125,154,25.9524392164142,3762325.11320357,6.41666666666667,2017,9,40.881807798342784,7.699343727179897,137.41894770696732,975.0032136496112,178,168
12053_2017-09-11 04:00:00,2017242N16333,12053,Hernando,2017-09-11 04:00:00,161,206896,94931.0,253.125,161,35.6024426210731,7366002.96852954,6.70833333333333,2017,9,42.611528844179226,8.067403815211515,137.18096618221176,973.0785060356496,185,168
12007_2017-09-11 05:00:00,2017242N16333,12007,Bradford,2017-09-11 05:00:00,165,27313,9842.0,253.166666666667,165,67.3680106754015,1840022.47557724,6.875,2017,9,34.51330017339989,7.986167158120132,168.18907788237104,981.182261782787,189,168
12031_2017-09-11 05:00:00,2017242N16333,12031,Duval,2017-09-11 05:00:00,114,1016536,441262.0,253.166666666667,114,29.6208022314269,30110611.8171258,4.75,2017,9,38.96708894794376,9.520305193062653,163.18256871189274,985.4359378422782,138,138
13049_2017-09-11 06:00:00,2017242N16333,13049,Charlton,2017-09-11 06:00:00,110,12781,2565.0,253.208333333333,110,53.2384569068619,680440.717726602,4.58333333333333,2017,9,37.6609181171872,9.1057058085275,191.62268950386755,985.8237703408356,134,134
13275_2017-09-11 06:00:00,2017242N16333,13275,Thomas,2017-09-11 06:00:00,63,45561,2814.0,253.208333333333,63,20.5906301737732,938129.701347279,2.625,2017,9,35.35114134329337,11.54050399456292,120.6567946838698,986.8051508969908,87,87
12003_2017-09-11 07:00:00,2017242N16333,12003,Baker,2017-09-11 07:00:00,162,27803,9130.0,253.25,162,63.8119362130248,1774163.26253073,6.75,2017,9,35.97570651915015,7.96013189377784,185.94073117970254,982.5883370535714,186,168
12073_2017-09-11 07:00:00,2017242N16333,12073,Leon,2017-09-11 07:00:00,60,297369,24516.0,253.25,60,17.2734090825562,5136576.38547066,2.5,2017,9,34.726072603974,11.588798806546425,104.82173908850763,990.4068481517328,84,84
13005_2017-09-11 07:00:00,2017242N16333,13005,Bacon,2017-09-11 07:00:00,65,11191,2215.0,253.25,65,18.2074324532662,203759.376584502,2.70833333333333,2017,9,35.322288775362104,11.896122190159597,159.82067742292156,989.9253806915808,89,89
13161_2017-09-11 08:00:00,2017242N16333,13161,Jeff Davis,2017-09-11 08:00:00,101,14889,2638.0,253.291666666667,101,42.1348036304982,627345.091254488,4.20833333333333,2017,9,38.42120212261493,9.61053464245136,145.34690328945334,991.1691115384616,125,125
13001_2017-09-11 08:00:00,2017242N16333,13001,Appling,2017-09-11 08:00:00,100,18428,3816.0,253.291666666667,100,39.0010910025397,718712.104994802,4.16666666666667,2017,9,33.31855879107725,9.451013057507433,155.47538987876283,992.1618683252428,124,124
12039_2017-09-11 08:00:00,2017242N16333,12039,Gadsden,2017-09-11 08:00:00,60,43403,14999.0,253.291666666667,60,21.3854902216648,928194.432090917,2.5,2017,9,32.98252074949204,11.534230127021786,109.34344185622273,992.2154982507116,84,84
13027_2017-09-11 09:00:00,2017242N16333,13027,Brooks,2017-09-11 09:00:00,89,16253,922.0,253.333333333333,89,55.4066484354277,900524.257021007,3.70833333333333,2017,9,35.37717121802956,9.475435699579421,128.83633091200167,985.7041339148772,113,113
13003_2017-09-11 09:00:00,2017242N16333,13003,Atkinson,2017-09-11 09:00:00,109,8183,2563.0,253.333333333333,109,49.0591194378219,401450.774359696,4.54166666666667,2017,9,35.803226067038146,9.000308972657756,164.51967652366662,986.8276978400736,133,133
13069_2017-09-11 09:00:00,2017242N16333,13069,Coffee,2017-09-11 09:00:00,109,43172,3424.0,253.333333333333,109,56.1052968465539,2422177.87545943,4.54166666666667,2017,9,38.2803254961574,9.117195003899235,154.37269377101077,989.022817914604,133,133
13293_2017-09-11 10:00:00,2017242N16333,13293,Upson,2017-09-11 10:00:00,68,28086,9585.0,253.375,68,14.3618570150057,403367.116123451,2.83333333333333,2017,9,26.574654504527214,10.08090263019963,92.95623746390143,995.2205602355072,92,92
13243_2017-09-11 10:00:00,2017242N16333,13243,Randolph,2017-09-11 10:00:00,43,6116,2937.0,253.375,43,8.14499003709964,49814.7590669014,1.79166666666667,2017,9,33.11846857137613,11.901216071777533,104.25326513617117,991.7555286640444,67,67
13079_2017-09-11 10:00:00,2017242N16333,13079,Crawford,2017-09-11 10:00:00,100,12140,1141.0,253.375,100,41.0396485173797,498221.33300099,4.16666666666667,2017,9,31.008852010891765,8.30682255219103,104.8752231793593,993.8441396604936,124,124
13201_2017-09-11 10:00:00,2017242N16333,13201,Miller,2017-09-11 10:00:00,54,5807,1177.0,253.375,54,3.62786745964316,21067.0263381478,2.25,2017,9,30.49778451781341,11.852591315107865,114.74299947798683,991.585408740942,78,78
12077_2017-09-11 10:00:00,2017242N16333,12077,Liberty,2017-09-11 10:00:00,30,7603,3302.0,253.375,30,10.2101756511205,77627.9654754694,1.25,2017,9,26.868268276545155,14.143106500690294,92.55515400645272,994.847556718384,54,54
13159_2017-09-11 10:00:00,2017242N16333,13159,Jasper,2017-09-11 10:00:00,112,15951,1043.5,253.375,112,52.8694380304858,843320.406024279,4.66666666666667,2017,9,33.62081876225496,7.923460690891481,91.92658671914204,996.2521584587696,136,136
13255_2017-09-11 10:00:00,2017242N16333,13255,Spalding,2017-09-11 10:00:00,82,68919,3464.0,253.375,82,27.5837205013971,1901042.43323579,3.41666666666667,2017,9,29.822113663259177,9.353666514107129,85.97657522845147,996.7029087752522,106,106
13173_2017-09-11 11:00:00,2017242N16333,13173,Lanier,2017-09-11 11:00:00,91,10171,1737.0,253.416666666667,91,29.4289004029937,299321.345998849,3.79166666666667,2017,9,37.66825499831205,9.474508713098679,148.50204642059987,985.2308590011962,115,115
13307_2017-09-11 11:00:00,2017242N16333,13307,Webster,2017-09-11 11:00:00,58,2328,469.0,253.416666666667,58,25.0767643314275,58378.7073635632,2.41666666666667,2017,9,36.27986445624707,10.647251074965569,95.05427806865647,991.2289177707372,82,82
13309_2017-09-11 11:00:00,2017242N16333,13309,Wheeler,2017-09-11 11:00:00,101,7314,840.0,253.416666666667,101,26.6416666666667,194857.15,4.20833333333333,2017,9,36.71190328630133,9.134910596237441,134.74864569125756,992.260914614899,125,125
13131_2017-09-11 11:00:00,2017242N16333,13131,Grady,2017-09-11 11:00:00,39,26008,9045.0,253.416666666667,39,12.6201496091413,328224.851034548,1.625,2017,9,36.37555649653237,13.238228925010826,105.81858813906251,988.4553337459852,63,63
13065_2017-09-11 11:00:00,2017242N16333,13065,Clinch,2017-09-11 11:00:00,87,6662,1715.0,253.416666666667,87,48.5580174927114,323493.512536443,3.625,2017,9,35.36689650473868,9.618698153172527,157.78163889188764,985.1695153197496,111,111
13019_2017-09-11 11:00:00,2017242N16333,13019,Berrien,2017-09-11 11:00:00,62,18214,3864.0,253.416666666667,62,23.1322463768116,421330.735507246,2.58333333333333,2017,9,35.735052228508515,11.869565300429773,144.22116735991875,986.6789199131168,86,86
13259_2017-09-11 11:00:00,2017242N16333,13259,Stewart,2017-09-11 11:00:00,94,4648,1350.0,253.416666666667,94,11.672291179458,54252.8094021209,3.91666666666667,2017,9,31.106795401900943,8.092020263612381,92.82876098086592,993.02083183204,118,118
13087_2017-09-11 11:00:00,2017242N16333,13087,Decatur,2017-09-11 11:00:00,60,28982,13485.0,253.416666666667,60,8.24739629354091,239026.039379403,2.5,2017,9,33.487156671238694,11.308361783991336,116.40262148438357,991.1499614911417,84,84
13249_2017-09-11 12:00:00,2017242N16333,13249,Schley,2017-09-11 12:00:00,82,4496,608.0,253.458333333333,82,34.760491920782,156283.171675836,3.41666666666667,2017,9,34.82988479219634,9.360941128522914,98.05098212399017,991.96236170977,106,106
13075_2017-09-11 12:00:00,2017242N16333,13075,Cook,2017-09-11 12:00:00,87,17404,1566.0,253.458333333333,87,36.360153256705,632812.107279693,3.625,2017,9,37.81839556398644,9.711016305219252,135.66958127889487,986.2146411780974,111,111
13169_2017-09-11 12:00:00,2017242N16333,13169,Jones,2017-09-11 12:00:00,125,28472,7129.0,253.458333333333,125,59.3482694928787,1689763.92900124,5.20833333333333,2017,9,33.35734192062827,7.404285005761349,107.42728191647022,995.380678998162,149,149
13177_2017-09-11 12:00:00,2017242N16333,13177,Lee,2017-09-11 12:00:00,59,33642,7435.0,253.458333333333,59,9.53065028382018,320630.136848279,2.45833333333333,2017,9,38.567479067070536,11.23865892116213,112.44354414385418,989.2165704487644,83,83
13037_2017-09-11 12:00:00,2017242N16333,13037,Calhoun,2017-09-11 12:00:00,32,5469,2020.0,253.458333333333,32,6.38903291259191,34941.6209989652,1.33333333333333,2017,9,31.62450153717367,13.841890273266296,107.1069865550488,990.5130788478648,56,56
13271_2017-09-11 13:00:00,2017242N16333,13271,Telfair,2017-09-11 13:00:00,101,12354,3511.0,253.5,101,40.4107091996582,499233.901452578,4.20833333333333,2017,9,37.18168151484126,9.075167603923154,136.29854233642888,990.8127250414822,125,125
13167_2017-09-11 13:00:00,2017242N16333,13167,Johnson,2017-09-11 13:00:00,80,9242,1848.0,253.5,80,25.6700277457932,237242.396426621,3.33333333333333,2017,9,38.774337061193606,9.678395453910714,124.43332114744169,995.1417536734272,104,104
13107_2017-09-11 13:00:00,2017242N16333,13107,Emanuel,2017-09-11 13:00:00,61,22929,6240.0,253.5,61,25.2327190451133,578561.014985402,2.54166666666667,2017,9,36.20812741192905,11.299157853464393,114.27939467830586,995.5779843971948,85,85
13207_2017-09-11 13:00:00,2017242N16333,13207,Monroe,2017-09-11 13:00:00,99,29427,3392.0,253.5,99,43.7438699235042,1287250.86023896,4.125,2017,9,29.480379734039307,8.238866622932559,100.9561154153198,995.426446875,123,123
13209_2017-09-11 13:00:00,2017242N16333,13209,Montgomery,2017-09-11 13:00:00,60,8655,1657.0,253.5,60,22.0947495473748,191230.057332529,2.5,2017,9,35.98203472974824,11.701958750644675,127.46241402895592,993.3329909806912,84,84
13197_2017-09-11 13:00:00,2017242N16333,13197,Marion,2017-09-11 13:00:00,74,7449,1541.0,253.5,74,30.2395860276609,225254.676320046,3.08333333333333,2017,9,30.88838048184172,9.351461972379704,88.0120486897872,992.9163831865028,98,98
13315_2017-09-11 14:00:00,2017242N16333,13315,Wilcox,2017-09-11 14:00:00,80,8761,2195.0,253.541666666667,80,37.1172120544672,325183.894809187,3.33333333333333,2017,9,33.83114709659499,9.795265515754512,139.4437918943182,989.8010849808674,104,104
13141_2017-09-11 14:00:00,2017242N16333,13141,Hancock,2017-09-11 14:00:00,106,8387,3195.0,253.541666666667,106,63.7327849415353,534526.867304657,4.41666666666667,2017,9,38.0556853612264,8.086755854319303,99.40694776693515,996.6515774739584,130,130
13091_2017-09-11 14:00:00,2017242N16333,13091,Dodge,2017-09-11 14:00:00,58,19802,3706.0,253.541666666667,58,19.1011872638964,378241.710199676,2.41666666666667,2017,9,34.85247349033694,11.26244656777103,136.50752341878072,991.330972170858,82,82
13269_2017-09-11 14:00:00,2017242N16333,13269,Taylor,2017-09-11 14:00:00,78,7737,3209.0,253.541666666667,78,14.8489660660602,114886.450453108,3.25,2017,9,28.33845868637752,9.09738727009845,97.42048776117188,993.3763164765422,102,102
13239_2017-09-11 14:00:00,2017242N16333,13239,Quitman,2017-09-11 14:00:00,54,2249,777.0,253.541666666667,54,10.3603515224864,23300.430574072,2.25,2017,9,26.191751698779456,10.135557942465983,93.69059737510742,993.5410136345542,78,78
13023_2017-09-11 15:00:00,2017242N16333,13023,Bleckley,2017-09-11 15:00:00,74,12257,2888.0,253.583333333333,74,31.0976454293629,381163.840027701,3.08333333333333,2017,9,31.870247006950887,9.57714679551668,134.80696286337928,992.581447589686,98,98
13287_2017-09-11 15:00:00,2017242N16333,13287,Turner,2017-09-11 15:00:00,60,8842,2656.0,253.583333333333,60,28.5436328373291,252382.801547663,2.5,2017,9,36.08459035770313,11.407056273257256,136.4519625990274,988.6280064928208,84,84
01067_2017-09-11 15:00:00,2017242N16333,01067,Henry,2017-09-11 15:00:00,37,17655,7494.33333333333,253.583333333333,37,6.40239520958084,113034.28742515,1.54166666666667,2017,9,24.996319426430595,12.155398324267678,82.04540319436799,994.806258816189,61,61
13035_2017-09-11 15:00:00,2017242N16333,13035,Butts,2017-09-11 15:00:00,84,26649,1809.0,253.583333333333,84,36.0209569911867,959922.482858135,3.5,2017,9,32.10608925617916,8.867611130099363,90.32814903403391,996.2748177083332,108,108
13321_2017-09-11 15:00:00,2017242N16333,13321,Worth,2017-09-11 15:00:00,56,20424,1375.0,253.583333333333,56,21.7869090909091,444975.831272727,2.33333333333333,2017,9,38.55809860094698,11.575987852925548,122.9917257135675,988.0570124779156,80,80
13289_2017-09-11 15:00:00,2017242N16333,13289,Twiggs,2017-09-11 15:00:00,122,7680,1498.0,253.583333333333,122,47.2951437354567,363226.703888307,5.08333333333333,2017,9,31.65527272681667,7.369134085539425,127.25565927996213,993.3935971746574,146,146
13279_2017-09-11 15:00:00,2017242N16333,13279,Toombs,2017-09-11 15:00:00,84,26837,7802.0,253.583333333333,84,5.06921302230197,136042.469879518,3.5,2017,9,34.6171894125176,9.635762768649416,123.07154386857054,993.8143438770325,108,108
13319_2017-09-11 16:00:00,2017242N16333,13319,Wilkinson,2017-09-11 16:00:00,90,8681,2167.0,253.625,90,37.3834058502188,324525.346185749,3.75,2017,9,36.33453676859538,8.595489264426872,125.46741955189239,994.4286423611112,114,114
01005_2017-09-11 16:00:00,2017242N16333,01005,Barbour,2017-09-11 16:00:00,30,24706,10897.0,253.625,30,3.95953014591172,97824.1517848949,1.25,2017,9,22.971888467167204,12.149543377463143,76.56962920995325,995.844002633427,54,54
13283_2017-09-11 16:00:00,2017242N16333,13283,Treutlen,2017-09-11 16:00:00,34,6365,1385.0,253.625,34,6.49819494584838,41361.0108303249,1.41666666666667,2017,9,35.94466737173136,13.300121853652511,122.70857621599168,994.147999089806,58,58
13277_2017-09-11 16:00:00,2017242N16333,13277,Tift,2017-09-11 16:00:00,51,41412,12586.0,253.625,51,15.005800095344,621420.193548387,2.125,2017,9,39.72522893695325,12.321155352477644,131.08720942205636,987.5428769605512,75,75
13093_2017-09-11 17:00:00,2017242N16333,13093,Dooly,2017-09-11 17:00:00,63,10572,3171.0,253.666666666667,63,22.2828302621694,235574.081531655,2.625,2017,9,33.03132171925052,10.552814319159612,121.73559180051473,990.746381748072,87,87
13235_2017-09-11 17:00:00,2017242N16333,13235,Pulaski,2017-09-11 17:00:00,74,9984,4445.0,253.666666666667,74,30.8072087314479,307579.171974775,3.08333333333333,2017,9,33.300279449462884,9.698253971878362,134.37329566851258,991.3100703125,98,98
13211_2017-09-11 17:00:00,2017242N16333,13211,Morgan,2017-09-11 17:00:00,102,21031,3956.0,253.666666666667,102,21.820364514571,458904.086105942,4.25,2017,9,35.43378505077991,8.027748286859248,80.96225180658051,997.3438590315932,126,126
13303_2017-09-11 17:00:00,2017242N16333,13303,Washington,2017-09-11 17:00:00,84,19738,1758.0,253.666666666667,84,35.8201894535901,707018.899434961,3.5,2017,9,38.26982209899209,9.02374965006404,116.97051883146,996.0831619540128,108,108
01011_2017-09-11 17:00:00,2017242N16333,01011,Bullock,2017-09-11 17:00:00,29,10202,3520.0,253.666666666667,29,3.33210227272727,33994.1073863636,1.20833333333333,2017,9,19.63354765850565,11.324050029299952,68.00819115170343,997.6846872483898,53,53
01041_2017-09-11 18:00:00,2017242N16333,01041,Crenshaw,2017-09-11 18:00:00,30,13025,730.0,253.708333333333,30,0.646511888320705,8420.81734537718,1.25,2017,9,19.451454890970272,11.003590004200932,49.7605567926113,1000.5314503691344,54,54
13297_2017-09-11 18:00:00,2017242N16333,13297,Walton,2017-09-11 18:00:00,80,103065,26362.0,253.708333333333,80,11.9699640899613,1233684.34893186,3.33333333333333,2017,9,34.1184470994132,9.183317857456732,74.10439325030893,998.13276343936,104,104
13225_2017-09-11 18:00:00,2017242N16333,13225,Peach,2017-09-11 18:00:00,79,28562,3475.0,253.708333333333,79,42.3328219687982,1209110.06107282,3.29166666666667,2017,9,30.75644104250016,8.755299150626414,113.88442174741819,992.654777217742,103,103
13263_2017-09-11 19:00:00,2017242N16333,13263,Talbot,2017-09-11 19:00:00,69,5747,2815.0,253.75,69,19.52654575143,112219.058433468,2.875,2017,9,26.84097373030568,9.130141140064394,86.61279642158225,994.4600590410306,93,93
13237_2017-09-11 19:00:00,2017242N16333,13237,Putnam,2017-09-11 19:00:00,105,22984,6793.0,253.75,105,56.850433919704,1306650.37321048,4.375,2017,9,35.7916229627409,7.657573912096634,93.76245455878133,996.356896149862,129,129
13113_2017-09-11 19:00:00,2017242N16333,13113,Fayette,2017-09-11 19:00:00,49,122030,37369.0,253.75,49,9.98110391005421,1217994.11014392,2.04166666666667,2017,9,25.870968031651767,10.982647698330492,86.50547730311463,997.5352882281552,73,73
13009_2017-09-11 19:00:00,2017242N16333,13009,Baldwin,2017-09-11 19:00:00,99,43635,2633.0,253.75,99,36.5717309717038,1595807.4809503,4.125,2017,9,35.66950347517554,7.741783886170905,111.49035345288962,995.6492377912186,123,123
01081_2017-09-11 19:00:00,2017242N16333,01081,Lee,2017-09-11 19:00:00,25,180773,59069.0,253.75,25,3.17127427246102,573280.764055596,1.04166666666667,2017,9,21.908383886275757,11.680439531120367,80.4722270034554,996.5717512600806,49,49
01113_2017-09-11 19:00:00,2017242N16333,01113,Russell,2017-09-11 19:00:00,33,58555,22249.0,253.75,33,7.26225897793159,425241.574452784,1.375,2017,9,24.64399058202345,10.607356369583346,83.61935842204896,995.1406155081776,57,57
01111_2017-09-11 20:00:00,2017242N16333,01111,Randolph,2017-09-11 20:00:00,25,22479,13371.0,253.791666666667,25,3.10470421060504,69790.6459501907,1.04166666666667,2017,9,21.502060288276127,11.003221993180091,88.79087686047123,997.7448849860888,49,49
13135_2017-09-11 20:00:00,2017242N16333,13135,Gwinnett,2017-09-11 20:00:00,44,975353,69402.0,253.791666666667,44,6.9532834224715,6781905.84595784,1.83333333333333,2017,9,31.137978984943214,12.310831326606248,69.28650451044163,999.2071841940424,68,68
13077_2017-09-11 20:00:00,2017242N16333,13077,Coweta,2017-09-11 20:00:00,50,152882,39115.0,253.791666666667,50,7.12862317083628,1089838.16760379,2.08333333333333,2017,9,24.707962748768573,10.238617141798409,97.77875924687629,997.5493104395604,74,74
13149_2017-09-11 21:00:00,2017242N16333,13149,Heard,2017-09-11 21:00:00,30,11725,1083.0,253.833333333333,30,4.52709430852349,53080.180767438,1.25,2017,9,23.37828700549971,11.056407916488764,99.10278557432514,997.6912280658516,54,54
13185_2017-09-11 21:00:00,2017242N16333,13185,Lowndes,2017-09-11 21:00:00,53,119739,30376.0,253.833333333333,53,12.7282393995259,1524066.65745984,2.20833333333333,2017,9,36.93947075386725,9.980667310152032,103.500084286552,984.7116691321498,77,77
12043_2017-09-11 22:00:00,2017242N16333,12043,Glades,2017-09-11 22:00:00,238,12454,3354.0,253.875,238,25.0147391039648,311533.560800778,9.91666666666667,2017,9,18.356985316069228,5.251853221839999,14.969862513142917,997.4126565047554,262,168
13083_2017-09-12 03:00:00,2017242N16333,13083,Dade,2017-09-12 03:00:00,32,16081,7727.0,254.083333333333,32,0.714378154523101,11487.915102886,1.33333333333333,2017,9,23.53653138182884,11.199754034561968,58.69971355423331,1001.6188735465116,56,56
12063_2017-09-15 17:00:00,2017242N16333,12063,Jackson,2017-09-15 17:00:00,35,48211,2624.71428571429,257.666666666667,35,0.161714106975289,7796.39881138567,1.45833333333333,2017,9,5.790965497244352,3.2713319363724924,19.004068585311426,1014.8270802007064,59,59
01025_2017-10-06 15:00:00,2017277N11279,01025,Clarke,2017-10-06 15:00:00,52,22515,7753.0,278.583333333333,52,1.63562491938604,36826.0950599768,2.16666666666667,2017,10,16.750017088670457,8.408848707113432,47.88108007124499,997.3726847151022,76,76
39135_2017-10-07 18:00:00,2017277N11279,39135,Preble,2017-10-07 18:00:00,51,40596,2560.77777777778,279.708333333333,51,0.465493651797016,18897.1802883517,2.125,2017,10,17.40170393092658,6.935772044875715,22.02007992253188,1005.1489914314516,75,75
28111_2017-10-07 22:00:00,2017277N11279,28111,Perry,2017-10-07 22:00:00,31,11368,3038.0,279.875,31,0.936714615085585,10648.5717442929,1.29166666666667,2017,10,15.498179058898184,8.178286335579628,29.1076411328938,996.4485152688068,55,55
18175_2017-10-08 00:00:00,2017277N11279,18175,Washington,2017-10-08 00:00:00,28,28224,5838.0,279.958333333333,28,0.602432339842412,17003.0503597122,1.16666666666667,2017,10,16.765622984433005,7.5880346379511625,35.96488823651845,1004.8619474457004,52,52
28059_2017-10-08 03:00:00,2017277N11279,28059,Jackson,2017-10-08 03:00:00,35,144975,20333.0,280.083333333333,35,10.5121578658611,1524000.08660321,1.45833333333333,2017,10,20.550869709590696,9.910752546806323,67.34543064793677,996.5257104952832,59,59
28039_2017-10-08 05:00:00,2017277N11279,28039,George,2017-10-08 05:00:00,25,25206,2508.0,280.166666666667,25,10.0136181858062,252403.259991431,1.04166666666667,2017,10,17.50846648951459,8.70434849071254,49.290246372254735,995.5859393928964,49,49
01097_2017-10-08 08:00:00,2017277N11279,01097,Mobile,2017-10-08 08:00:00,24,411411,205829.0,280.291666666667,24,3.10252685481638,1276413.67586686,1.0,2017,10,20.33012152843164,10.193306548986303,73.45922934499903,997.5723946045072,48,48
50023_2017-10-08 18:00:00,2017277N11279,50023,Washington,2017-10-08 18:00:00,42,60048,3099.0,280.708333333333,42,0.795819322026791,47787.3586490647,1.75,2017,10,21.98381827152137,8.670674456604257,36.78044487806884,1006.626696685606,66,66
50011_2017-10-09 15:00:00,2017277N11279,50011,Franklin,2017-10-09 15:00:00,30,50731,2788.0,281.583333333333,30,1.06563845050215,54060.9042324247,1.25,2017,10,11.05230217324682,6.063595334667544,31.109704883454967,1005.9408916603912,54,54
21159_2017-10-11 06:00:00,2017277N11279,21159,Martin,2017-10-11 06:00:00,39,11095,4763.0,283.208333333333,39,0.330673944992652,3668.82741969347,1.625,2017,10,12.30671009264494,4.79453925468661,2.5153172085521662,1014.5461674468622,63,63
21219_2018-05-25 23:00:00,2018146N19273,21219,Todd,2018-05-25 23:00:00,191,12404,680.0,509.916666666667,191,5.575,69152.3,7.95833333333333,2018,5,16.72705066110205,6.687822625154615,92.75401644702032,1001.90663488353,215,168
26035_2018-05-27 08:00:00,2018146N19273,26035,Clare,2018-05-27 08:00:00,36,31352,22649.0,511.291666666667,36,1.26689920084772,39719.8237449777,1.5,2018,5,10.737370804195772,4.6751991267012984,1.2439928968252962,1006.2361005989972,60,60
21039_2018-05-27 13:00:00,2018146N19273,21039,Carlisle,2018-05-27 13:00:00,34,4720,1967.0,511.5,34,0.378240976105745,1785.29740721912,1.41666666666667,2018,5,10.880936189977136,4.474122100602288,7.673132928406319,1009.638411585366,58,58
39037_2018-05-27 20:00:00,2018146N19273,39037,Darke,2018-05-27 20:00:00,50,51529,10093.0,511.791666666667,50,0.299902777881377,15453.6902414495,2.08333333333333,2018,5,12.912436271316055,5.14404233678422,0.0909754264695679,1008.8396772845472,74,74
26011_2018-05-27 22:00:00,2018146N19273,26011,Arenac,2018-05-27 22:00:00,29,15089,10532.0,511.875,29,2.30772882643373,34821.3202620585,1.20833333333333,2018,5,9.687241935238395,5.28233955797345,0.1719384226160708,1008.8827131322486,53,53
26069_2018-05-27 22:00:00,2018146N19273,26069,Iosco,2018-05-27 22:00:00,26,25521,20923.0,511.875,26,0.971849161210152,24802.5624432443,1.08333333333333,2018,5,8.148289908013815,4.526670195204717,0.786516554036651,1009.1308116047444,50,50
26125_2018-05-28 21:00:00,2018146N19273,26125,Oakland,2018-05-28 21:00:00,69,1269431,70106.0,512.833333333333,69,1.72577240179157,2190748.98577868,2.875,2018,5,15.541294265659548,8.099159993638914,5.008766202373612,1001.6040501762668,93,93
26161_2018-05-28 22:00:00,2018146N19273,26161,Washtenaw,2018-05-28 22:00:00,68,366376,21898.0,512.875,68,3.17453648735044,1163073.98008951,2.83333333333333,2018,5,15.336912779933227,7.936548316863435,8.893418446992275,1001.9194040871124,92,92
26029_2018-05-29 01:00:00,2018146N19273,26029,Charlevoix,2018-05-29 01:00:00,28,26293,7367.0,513.0,28,0.531423917469798,13972.7290620334,1.16666666666667,2018,5,10.613428579140288,6.956450171268959,0.12366719251312805,1008.9880600453174,52,52
01077_2018-05-29 07:00:00,2018146N19273,01077,Lauderdale,2018-05-29 07:00:00,45,95878,8429.0,513.25,45,1.30276426622375,124906.432317001,1.875,2018,5,11.765962436054291,7.824219655814971,60.28358757338944,1000.4448845390192,69,69
01043_2018-05-29 15:00:00,2018146N19273,01043,Cullman,2018-05-29 15:00:00,34,90665,5613.0,513.583333333333,34,2.3399107662114,212148.009618556,1.41666666666667,2018,5,13.550635798431433,8.480531973730361,26.987183987060828,1002.355182849937,58,58
47117_2018-05-30 03:00:00,2018146N19273,47117,Marshall,2018-05-30 03:00:00,39,35878,4638.0,514.083333333333,39,0.354894351013368,12732.8995256576,1.625,2018,5,16.079383130120757,9.283165642699222,56.383383931767305,1001.666012917698,63,63
18061_2018-05-30 11:00:00,2018146N19273,18061,Harrison,2018-05-30 11:00:00,58,39851,13606.0,514.416666666667,58,0.29347044875806,11695.0908534574,2.41666666666667,2018,5,15.982695904106302,7.973186636573705,53.94136559495962,1004.7588587476102,82,82
18173_2018-05-30 13:00:00,2018146N19273,18173,Warrick,2018-05-30 13:00:00,32,65185,7293.0,514.5,32,0.84213417792394,54894.516387972,1.33333333333333,2018,5,13.566201165281695,8.385582109775914,32.644661739008654,1001.0872353395062,56,56
21091_2018-05-30 14:00:00,2018146N19273,21091,Hancock,2018-05-30 14:00:00,34,9021,744.0,514.541666666667,34,1.47715053763441,13325.375,1.41666666666667,2018,5,16.913890918838646,9.259226363588063,51.41309362392281,1002.220093092874,58,58
21101_2018-05-30 15:00:00,2018146N19273,21101,Henderson,2018-05-30 15:00:00,32,44046,3881.0,514.583333333333,32,0.712702911620716,31391.7124452461,1.33333333333333,2018,5,13.801241699017975,8.095337976741956,28.73914353436364,999.5186220584516,56,56
01059_2018-05-30 23:00:00,2018146N19273,01059,Franklin,2018-05-30 23:00:00,40,31932,4764.0,514.916666666667,40,0.218694246724516,6983.34468640724,1.66666666666667,2018,5,11.190510982028556,7.399574377429978,14.786902221795422,1008.9573846669218,64,64
47053_2018-05-31 07:00:00,2018146N19273,47053,Gibson,2018-05-31 07:00:00,25,50837,9943.0,515.25,25,0.417886060398249,21244.0736524658,1.04166666666667,2018,5,11.65832535548276,7.569590739568695,17.00120471928768,1005.913833662365,49,49
18125_2018-05-31 19:00:00,2018146N19273,18125,Pike,2018-05-31 19:00:00,26,12168,3424.2,515.75,26,2.51099820694802,30553.8261821436,1.08333333333333,2018,5,11.46844793739119,5.817445344575413,19.50934528816901,1007.2301566590312,50,50
18117_2018-05-31 20:00:00,2018146N19273,18117,Orange,2018-05-31 20:00:00,31,19623,3639.0,515.791666666667,31,5.3643858202803,105265.34295136,1.29166666666667,2018,5,12.762020517896106,6.314461717769286,30.24574662374206,1007.717457204254,55,55
18175_2018-05-31 20:00:00,2018146N19273,18175,Washington,2018-05-31 20:00:00,24,28224,14018.0,515.791666666667,24,8.00805634854883,226019.382381442,1.0,2018,5,12.988868730288026,6.616120928286379,37.33531556402643,1007.9089074966756,48,48
18093_2018-05-31 20:00:00,2018146N19273,18093,Lawrence,2018-05-31 20:00:00,25,45222,21390.0,515.791666666667,25,3.79111278495945,171441.702361436,1.04166666666667,2018,5,12.63930239827614,6.367064268742653,32.03077224361908,1007.3521198326772,49,49
18079_2018-05-31 20:00:00,2018146N19273,18079,Jennings,2018-05-31 20:00:00,48,27536,13684.0,515.791666666667,48,4.05328349680857,111611.214368121,2.0,2018,5,12.209129856992734,5.645452366650373,44.261185210064795,1007.7379202714798,72,72
18147_2018-06-01 08:00:00,2018146N19273,18147,Spencer,2018-06-01 08:00:00,26,19967,2462.0,516.291666666667,26,1.32430409760832,26442.3799169454,1.08333333333333,2018,6,9.180292906110452,4.936893716423836,19.870222898270992,1008.8039380592844,50,50
17151_2018-06-01 18:00:00,2018146N19273,17151,Pope,2018-06-01 18:00:00,54,3770,583.0,516.708333333333,54,1.6541095890411,6235.99315068493,2.25,2018,6,12.523900831588591,5.486015893362618,4.59948365548343,1009.0459177714644,78,78
47023_2018-06-01 23:00:00,2018146N19273,47023,Chester,2018-06-01 23:00:00,38,17609,4588.0,516.916666666667,38,0.297733217088056,5242.78421970357,1.58333333333333,2018,6,10.676201042619724,5.282732021237406,5.9388410752114735,1009.5412548038028,62,62
12063_2018-06-02 20:00:00,2018146N19273,12063,Jackson,2018-06-02 20:00:00,28,48211,3174.0,517.791666666667,28,0.105545053560176,5088.43257718967,1.16666666666667,2018,6,9.453840882209557,5.692799530460554,16.746003610845733,1011.4741635067992,52,52
37079_2018-09-11 18:00:00,2018242N13343,37079,Greene,2018-09-11 18:00:00,144,20211,2562.75,618.708333333333,144,30.8608275029179,623728.184661473,6.0,2018,9,31.625014625252767,12.606473783060258,215.93592143140395,1000.5703889686396,168,168
37013_2018-09-13 14:00:00,2018242N13343,37013,Beaufort,2018-09-13 14:00:00,175,44272,10869.0,620.541666666667,175,52.3093163187351,2315838.05206304,7.29166666666667,2018,9,30.365516178782396,12.488895194655097,187.86289950014978,1002.8182771341465,199,168
37031_2018-09-13 15:00:00,2018242N13343,37031,Carteret,2018-09-13 15:00:00,244,69380,26658.0,620.583333333333,244,146.307037552765,10150782.2654109,10.1666666666667,2018,9,42.63888337354543,17.14924267358084,378.92243330974054,992.3614027941444,268,168
37049_2018-09-13 17:00:00,2018242N13343,37049,Craven,2018-09-13 17:00:00,264,100874,21161.0,620.666666666667,264,122.794384055905,12386760.6972553,11.0,2018,9,35.04263461288528,13.94834095954867,331.3120826522806,996.0350804570894,288,168
37177_2018-09-13 18:00:00,2018242N13343,37177,Tyrrell,2018-09-13 18:00:00,24,3365,2368.0,620.708333333333,24,0.482685810810811,1624.23775337838,1.0,2018,9,24.40991616960223,17.56259985611989,49.7938226440591,1008.862380175628,48,48
37103_2018-09-13 20:00:00,2018242N13343,37103,Jones,2018-09-13 20:00:00,217,9233,5204.0,620.791666666667,217,116.457785084556,1075254.72968571,9.04166666666667,2018,9,36.59244880368632,14.075229889076608,412.1986417599293,992.0276360887096,241,168
37061_2018-09-13 21:00:00,2018242N13343,37061,Duplin,2018-09-13 21:00:00,197,48990,21096.0,620.833333333333,197,107.138247566613,5248702.74828838,8.20833333333333,2018,9,36.6750158709149,14.575064040253462,446.1144814549317,990.8791691497094,221,168
37137_2018-09-13 21:00:00,2018242N13343,37137,Pamlico,2018-09-13 21:00:00,173,12381,6112.0,620.833333333333,173,121.146669753044,1499916.91821243,7.20833333333333,2018,9,37.76792053824632,14.527009620148888,283.93749436315653,998.5785311695968,197,168
37095_2018-09-14 01:00:00,2018242N13343,37095,Hyde,2018-09-14 01:00:00,68,4576,2969.0,621.0,68,17.5348602222971,80239.5203772314,2.83333333333333,2018,9,32.488981751391755,17.70728860201497,157.48542215166563,1004.6083981805097,92,92
37163_2018-09-14 01:00:00,2018242N13343,37163,Sampson,2018-09-14 01:00:00,145,59120,22395.0,621.0,145,56.9490698589246,3366829.01005962,6.04166666666667,2018,9,35.535829744125344,14.438918997922098,396.8320620287013,995.4956947715124,169,168
37133_2018-09-14 01:00:00,2018242N13343,37133,Onslow,2018-09-14 01:00:00,188,207298,86872.0,621.0,188,82.3355718072146,17067999.364492,7.83333333333333,2018,9,36.08838374876241,14.64719996911057,510.3912570105154,984.2200419329076,212,168
45033_2018-09-14 01:00:00,2018242N13343,45033,Dillon,2018-09-14 01:00:00,116,27738,10388.0,621.0,116,50.0096958931316,1387168.94468369,4.83333333333333,2018,9,31.15340310405613,15.189177160881451,305.7715287288963,992.5843753693852,140,140
37187_2018-09-14 02:00:00,2018242N13343,37187,Washington,2018-09-14 02:00:00,24,10828,6017.0,621.041666666667,24,1.31078610603291,14193.1919561243,1.0,2018,9,24.599522367816107,17.036493459919534,77.96935700141242,1006.9706711813668,48,48
37107_2018-09-14 02:00:00,2018242N13343,37107,Lenoir,2018-09-14 02:00:00,119,54633,12215.0,621.041666666667,119,47.8333963634366,2613281.94352363,4.95833333333333,2018,9,35.642413662030144,14.91180218202315,303.911492838569,996.1851853590744,143,143
37141_2018-09-14 04:00:00,2018242N13343,37141,Pender,2018-09-14 04:00:00,202,65737,33733.0,621.125,202,106.653733824859,7011096.50044473,8.41666666666667,2018,9,32.374337549269065,13.94555262095526,474.30224909898277,982.8795059933732,226,168
45089_2018-09-14 07:00:00,2018242N13343,45089,Williamsburg,2018-09-14 07:00:00,56,30058,6509.66666666667,621.25,56,8.42289689821994,253175.434966695,2.33333333333333,2018,9,25.576664582327684,15.568436582912051,173.43737269970066,992.7246189380186,80,80
37101_2018-09-14 07:00:00,2018242N13343,37101,Johnston,2018-09-14 07:00:00,82,234778,72361.0,621.25,82,13.6430894668224,3203097.25884164,3.41666666666667,2018,9,29.243621401809616,17.041458860431174,214.1862060065921,1002.8929776278408,106,106
45027_2018-09-14 07:00:00,2018242N13343,45027,Clarendon,2018-09-14 07:00:00,36,30913,8317.0,621.25,36,3.69107613592333,114102.236589798,1.5,2018,9,24.82517448905465,16.66402161260307,93.48301541164412,996.6593749999998,60,60
37191_2018-09-14 08:00:00,2018242N13343,37191,Wayne,2018-09-14 08:00:00,92,117286,42519.0,621.291666666667,92,23.5877505010242,2766512.90526313,3.83333333333333,2018,9,34.11928071096895,16.716572390046558,251.00517732253363,999.1367818099404,116,116
45061_2018-09-14 08:00:00,2018242N13343,45061,Lee,2018-09-14 08:00:00,90,16153,6202.0,621.291666666667,90,6.91162369219769,111643.457500069,3.75,2018,9,25.34765721945616,14.808646744029613,244.9303893713681,998.5809615100472,114,114
37153_2018-09-14 08:00:00,2018242N13343,37153,Richmond,2018-09-14 08:00:00,128,42778,16444.0,621.291666666667,128,34.8206417453306,1489557.41258175,5.33333333333333,2018,9,26.94999189758301,13.413122644022891,306.0555008780211,1003.4310990625004,152,152
37017_2018-09-14 09:00:00,2018242N13343,37017,Bladen,2018-09-14 09:00:00,149,29446,20012.0,621.333333333333,149,76.9039819684644,2264514.6530434,6.20833333333333,2018,9,33.180293596707855,13.464758729304647,438.0078657356264,990.0353167925824,173,168
37047_2018-09-14 09:00:00,2018242N13343,37047,Columbus,2018-09-14 09:00:00,181,49885,29742.0,621.333333333333,181,78.5022726137205,3916085.86933545,7.54166666666667,2018,9,30.92608972965093,12.780402425327214,310.11167105359397,985.856297575102,205,168
37019_2018-09-14 09:00:00,2018242N13343,37019,Brunswick,2018-09-14 09:00:00,185,153064,97925.0,621.333333333333,185,64.7276060871203,9907466.29811898,7.70833333333333,2018,9,32.23862681235037,13.413810583915737,333.0303165769797,983.8014853830643,209,168
45067_2018-09-14 10:00:00,2018242N13343,45067,Marion,2018-09-14 10:00:00,88,28450,12785.0,621.375,88,29.2251936314206,831456.758813915,3.66666666666667,2018,9,30.25193251888972,15.917357961899976,277.19075945599377,990.3072241834482,112,112
45025_2018-09-14 10:00:00,2018242N13343,45025,Chesterfield,2018-09-14 10:00:00,85,43683,10718.0,621.375,85,28.4638026927674,1243384.29302816,3.54166666666667,2018,9,25.58516828993741,16.102761229554442,265.164501402442,1001.562513819946,109,109
37129_2018-09-14 10:00:00,2018242N13343,37129,New Hanover,2018-09-14 10:00:00,184,234921,127363.0,621.375,184,94.4828632980405,22196008.728839,7.66666666666667,2018,9,33.88922833405899,13.799308354813821,424.4622061642588,979.1644329562316,208,168
37155_2018-09-14 11:00:00,2018242N13343,37155,Robeson,2018-09-14 11:00:00,160,116663,45365.0,621.416666666667,160,73.838650137601,8614238.44100294,6.66666666666667,2018,9,34.57014523171509,13.286771554751386,353.9767825520743,993.5092310313134,184,168
37051_2018-09-14 12:00:00,2018242N13343,37051,Cumberland,2018-09-14 12:00:00,118,336699,52611.0,621.458333333333,118,28.8647465630458,9718731.30303094,4.91666666666667,2018,9,33.9487675863599,15.212125251945547,365.2759861055906,998.7625474612194,142,142
37125_2018-09-14 12:00:00,2018242N13343,37125,Moore,2018-09-14 12:00:00,109,105531,49399.0,621.458333333333,109,31.51993254151,3326330.00103809,4.54166666666667,2018,9,25.056410066459488,14.480105845990158,276.74907193843114,1004.9139812967052,133,133
37085_2018-09-14 12:00:00,2018242N13343,37085,Harnett,2018-09-14 12:00:00,107,138832,40213.0,621.458333333333,107,27.5148054224233,3819935.46640587,4.45833333333333,2018,9,27.83400842196526,14.987311004182354,263.8172338704989,1003.2136495535716,131,131
37007_2018-09-14 13:00:00,2018242N13343,37007,Anson,2018-09-14 13:00:00,87,22202,10537.0,621.5,87,21.9067292268028,486373.202293476,3.625,2018,9,27.13187945597881,15.711624211114042,271.666793068787,1004.2253362894146,111,111
45051_2018-09-14 13:00:00,2018242N13343,45051,Horry,2018-09-14 13:00:00,53,383101,159734.0,621.5,53,12.2892074488787,4708007.66287289,2.20833333333333,2018,9,30.511465072631847,18.665116967407567,254.23102581227673,985.7111513157896,77,77
37105_2018-09-14 13:00:00,2018242N13343,37105,Lee,2018-09-14 13:00:00,65,65476,25934.0,621.5,65,11.9267092270897,780913.213352923,2.70833333333333,2018,9,24.67114115805521,17.811432694133444,228.85469475720268,1005.2036005930656,89,89
37165_2018-09-14 14:00:00,2018242N13343,37165,Scotland,2018-09-14 14:00:00,147,34162,9467.0,621.541666666667,147,61.0573194051841,2085840.1455199,6.125,2018,9,28.484156913067924,12.606098426034654,328.609642586727,999.8636650508284,171,168
37037_2018-09-14 14:00:00,2018242N13343,37037,Chatham,2018-09-14 14:00:00,59,79864,36159.0,621.541666666667,59,5.1972999692485,415077.164744062,2.45833333333333,2018,9,23.692598199524337,17.373433552496245,180.4572819532114,1007.198777999161,83,83
45069_2018-09-14 15:00:00,2018242N13343,45069,Marlboro,2018-09-14 15:00:00,103,26039,4448.0,621.583333333333,103,39.0369360572148,1016482.77799382,4.29166666666667,2018,9,28.722570336546887,14.875321665464682,302.4752804057955,998.4497129252958,127,127
37183_2018-09-14 17:00:00,2018242N13343,37183,Wake,2018-09-14 17:00:00,25,1175021,467392.0,621.666666666667,25,1.79867720520953,2113483.4883425,1.04166666666667,2018,9,24.71587255524426,18.744897987277344,82.54051030078645,1006.7877360206486,49,49
37123_2018-09-14 19:00:00,2018242N13343,37123,Montgomery,2018-09-14 19:00:00,99,25894,14532.0,621.75,99,22.3982444407426,579980.14154859,4.125,2018,9,26.215729228104696,14.3692688792337,256.00211061537266,1006.54305677599,123,123
45041_2018-09-14 19:00:00,2018242N13343,45041,Florence,2018-09-14 19:00:00,48,136721,53697.0,621.75,48,8.02590531684703,1097309.80082464,2.0,2018,9,28.984484536307203,18.208645628089187,247.29972098543703,993.7116670730792,72,72
45031_2018-09-14 22:00:00,2018242N13343,45031,Darlington,2018-09-14 22:00:00,67,62398,21422.0,621.875,67,10.902465682517,680292.053657695,2.79166666666667,2018,9,27.421420533778303,17.0915259955071,286.8791943715917,997.6154736493644,91,91
37093_2018-09-14 23:00:00,2018242N13343,37093,Hoke,2018-09-14 23:00:00,116,53787,22023.0,621.916666666667,116,37.8761615651504,2037245.10210474,4.83333333333333,2018,9,29.63275657634877,13.524619301275681,352.8066827642914,1000.7906825759924,140,140
37167_2018-09-15 00:00:00,2018242N13343,37167,Stanly,2018-09-15 00:00:00,35,64153,17296.0,621.958333333333,35,1.45105619392909,93089.6080091332,1.45833333333333,2018,9,26.02415484344987,19.705206943636842,207.21819082024032,1007.129155215721,59,59
37179_2018-09-15 01:00:00,2018242N13343,37179,Union,2018-09-15 01:00:00,45,249070,66534.0,622.0,45,1.47328213474649,366950.381301307,1.875,2018,9,25.505082616480117,18.464019213417547,210.15722377925982,1005.8109153278232,69,69
45055_2018-09-15 02:00:00,2018242N13343,45055,Kershaw,2018-09-15 02:00:00,40,67751,6996.0,622.041666666667,40,4.42087674098195,299518.820078268,1.66666666666667,2018,9,24.020653475940158,17.636193923251817,181.7370381811695,1002.0754237999674,64,64
45057_2018-09-15 14:00:00,2018242N13343,45057,Lancaster,2018-09-15 14:00:00,35,104577,39719.0,622.541666666667,35,2.61996047838184,273987.606947738,1.45833333333333,2018,9,23.80458073866995,16.631480072383333,169.03984250843916,1004.4317147752196,59,59
39163_2018-09-16 01:00:00,2018242N13343,39163,Vinton,2018-09-16 01:00:00,40,12565,6208.0,623.0,40,0.617831907814905,7763.05792169428,1.66666666666667,2018,9,11.85441063466188,7.586582638635805,36.80923781162396,1008.8454320157288,64,64
51077_2018-09-17 02:00:00,2018242N13343,51077,Grayson,2018-09-17 02:00:00,25,15343,10385.0,624.041666666667,25,2.02111414916159,31009.9543905863,1.04166666666667,2018,9,22.53937561978999,12.775122187088947,110.13557289429393,1010.584675257732,49,49
54017_2018-09-17 14:00:00,2018242N13343,54017,Doddridge,2018-09-17 14:00:00,28,7698,3637.0,624.541666666667,28,0.633764091284025,4878.71597470443,1.16666666666667,2018,9,10.716014666503735,6.220325590158806,56.95817120807517,1008.31295799684,52,52
36039_2018-09-19 23:00:00,2018242N13343,36039,Greene,2018-09-19 23:00:00,49,48061,32200.5,626.916666666667,49,0.111763244518974,5371.45329482641,2.04166666666667,2018,9,16.891554177976122,8.693235539711198,7.010586562207321,1011.669055249183,73,73
28061_2018-09-04 03:00:00,2018246N22283,28061,Jasper,2018-09-04 03:00:00,36,16167,8077.0,611.083333333333,36,0.878011659441652,14194.8144981932,1.5,2018,9,19.408435086526808,9.843918136755626,76.80801277533836,1008.936938909948,60,60
28129_2018-09-04 04:00:00,2018246N22283,28129,Smith,2018-09-04 04:00:00,35,14092,4358.0,611.125,35,0.283386874713171,3993.48783845801,1.45833333333333,2018,9,16.365744808396524,9.351449236310991,53.78764158442452,1010.3238070770605,59,59
28025_2018-09-07 17:00:00,2018246N22283,28025,Clay,2018-09-07 17:00:00,27,18380,1025.0,614.666666666667,27,0.437073170731707,8033.40487804878,1.125,2018,9,8.607668968305434,4.674579267124846,0.6330721165550102,1009.165048090675,51,51
12049_2018-09-09 01:00:00,2018246N22283,12049,Hardee,2018-09-09 01:00:00,26,25645,9256.0,616.0,26,0.147363872082973,3779.14649956785,1.08333333333333,2018,9,6.093432745361329,3.065437450500488,22.139226595312348,1010.940405875,50,50
12063_2018-10-09 00:00:00,2018280N18273,12063,Jackson,2018-10-09 00:00:00,553,48211,3999.0,645.958333333333,553,343.401171354844,16555713.8721884,23.0416666666667,2018,10,22.274640911293822,8.129007238681679,56.87959723722065,986.1032854177564,577,168
45089_2018-10-09 19:00:00,2018280N18273,45089,Williamsburg,2018-10-09 19:00:00,56,30058,8296.0,646.75,56,2.02242044358727,60789.9136933462,2.33333333333333,2018,10,22.453394163693627,10.74124954915393,27.41018362648599,998.0573614983144,80,80
45027_2018-10-09 23:00:00,2018280N18273,45027,Clarendon,2018-10-09 23:00:00,45,30913,9688.0,646.916666666667,45,1.21531791907514,37569.1228323699,1.875,2018,10,25.64172314197033,11.864199575967577,38.80934711493604,996.101364291958,69,69
13153_2018-10-10 01:00:00,2018280N18273,13153,Houston,2018-10-10 01:00:00,65,169631,27380.0,647.0,65,10.4804236669102,1777804.74704164,2.70833333333333,2018,10,22.95168615180208,11.117335415629155,71.67819861556066,986.7561710757672,89,89
37049_2018-10-10 05:00:00,2018280N18273,37049,Craven,2018-10-10 05:00:00,58,100874,28158.0,647.166666666667,58,1.5869735066411,160084.365508914,2.41666666666667,2018,10,22.263882364206648,9.977117558906212,7.312514884073044,994.5966885300062,82,82
37013_2018-10-10 06:00:00,2018280N18273,37013,Beaufort,2018-10-10 06:00:00,61,44272,13427.0,647.208333333333,61,3.66679079466746,162336.162061518,2.54166666666667,2018,10,22.967637807334345,9.276952046759671,9.346736719513808,992.9225862042686,85,85
12129_2018-10-10 13:00:00,2018280N18273,12129,Wakulla,2018-10-10 13:00:00,156,35178,15752.0,647.5,156,68.5806566441014,2412530.3394262,6.5,2018,10,30.008693422953293,7.543487354286134,71.00103186815977,993.613506875,180,168
12077_2018-10-10 13:00:00,2018280N18273,12077,Liberty,2018-10-10 13:00:00,388,7603,3310.0,647.5,388,206.088592348317,1566891.56762425,16.1666666666667,2018,10,29.221366813087915,7.125129236257156,72.76766639872426,988.212079186183,412,168
13095_2018-10-10 14:00:00,2018280N18273,13095,Dougherty,2018-10-10 14:00:00,268,82966,4842.0,647.541666666667,268,107.414232391497,8911729.20459292,11.1666666666667,2018,10,29.787201089942904,7.192398429349753,82.64104175160138,985.4629020802786,292,168
12045_2018-10-10 15:00:00,2018280N18273,12045,Gulf,2018-10-10 15:00:00,514,15314,13645.0,647.583333333333,514,208.094036632377,3186752.07698822,21.4166666666667,2018,10,30.97727404729901,8.19732583506004,93.41737167056245,986.8047144846796,538,168
12059_2018-10-10 16:00:00,2018280N18273,12059,Holmes,2018-10-10 16:00:00,221,19651,5106.0,647.625,221,105.123950960912,2065790.76033288,9.20833333333333,2018,10,22.92962301195282,6.307741255437152,57.784989087352734,990.665231636598,245,168
12037_2018-10-10 16:00:00,2018280N18273,12037,Franklin,2018-10-10 16:00:00,151,12498,10332.0,647.625,151,109.19524696696,1364722.19659307,6.29166666666667,2018,10,32.092459918261774,8.287282677395476,98.85104808134136,992.7133151901902,175,168
12039_2018-10-10 16:00:00,2018280N18273,12039,Gadsden,2018-10-10 16:00:00,345,43403,15094.0,647.625,345,192.617146222732,8360161.99750523,14.375,2018,10,27.61054343019084,6.891530957811837,68.95904313239218,987.9014940109108,369,168
12131_2018-10-10 17:00:00,2018280N18273,12131,Walton,2018-10-10 17:00:00,56,83304,25365.0,647.666666666667,56,21.5488762338243,1795107.5857825,2.33333333333333,2018,10,22.91248107051621,9.594885515624394,67.7371313141366,992.2612630935754,80,80
12005_2018-10-10 17:00:00,2018280N18273,12005,Bay,2018-10-10 17:00:00,504,185134,115953.0,647.666666666667,504,189.113881077374,35011409.2593786,21.0,2018,10,27.984699722350115,7.456459336661648,67.58988947345412,985.9625283741386,528,168
13087_2018-10-10 17:00:00,2018280N18273,13087,Decatur,2018-10-10 17:00:00,249,28982,13350.0,647.666666666667,249,126.343380030166,3661683.84003428,10.375,2018,10,28.79388489610567,6.8770955986238205,72.23954866896933,984.6164664124016,273,168
12013_2018-10-10 18:00:00,2018280N18273,12013,Calhoun,2018-10-10 18:00:00,511,13464,8461.0,647.708333333333,511,380.447239474646,5122341.63228664,21.2916666666667,2018,10,28.26059994849216,6.611275201391015,62.12432835705237,985.6756187886484,535,168
12073_2018-10-10 18:00:00,2018280N18273,12073,Leon,2018-10-10 18:00:00,146,297369,137723.0,647.708333333333,146,62.9065948548324,18706471.2053867,6.08333333333333,2018,10,28.78086651039685,6.87614252830526,52.50939945099671,991.5406596838126,170,168
12133_2018-10-10 18:00:00,2018280N18273,12133,Washington,2018-10-10 18:00:00,413,25414,9886.0,647.708333333333,413,150.650666290381,3828636.03310375,17.2083333333333,2018,10,24.16638381107558,6.379249108581416,51.598771674609665,987.7447127423262,437,168
13131_2018-10-10 19:00:00,2018280N18273,13131,Grady,2018-10-10 19:00:00,247,26008,9073.0,647.75,247,129.357738947609,3364336.07454941,10.2916666666667,2018,10,30.102382582311204,7.101702166999093,60.62635129150123,987.9350299451283,271,168
13275_2018-10-10 19:00:00,2018280N18273,13275,Thomas,2018-10-10 19:00:00,144,45561,8914.0,647.75,144,51.8602025288176,2362802.68741546,6.0,2018,10,29.478503156591348,7.152482000829051,44.58040781405375,991.294648148148,168,168
12065_2018-10-10 19:00:00,2018280N18273,12065,Jefferson,2018-10-10 19:00:00,53,15042,8167.0,647.75,53,23.8644545120607,358969.124770417,2.20833333333333,2018,10,26.891825943850403,10.207109474215848,39.167733178332,994.7990300210674,77,77
13259_2018-10-10 19:00:00,2018280N18273,13259,Stewart,2018-10-10 19:00:00,106,4648,1816.0,647.75,106,51.3909220855797,238865.005853775,4.41666666666667,2018,10,22.49237419179168,7.545448577987565,90.9841704211237,988.3361197339248,130,130
01069_2018-10-10 20:00:00,2018280N18273,01069,Houston,2018-10-10 20:00:00,151,108079,28005.0,647.791666666667,151,53.9730501971308,5833353.2922557,6.29166666666667,2018,10,23.03112852452165,6.395429772316592,57.096510807494234,985.6874469014832,175,168
12079_2018-10-10 20:00:00,2018280N18273,12079,Madison,2018-10-10 20:00:00,26,18198,9285.0,647.791666666667,26,2.83004846526656,51501.2219709208,1.08333333333333,2018,10,24.640469462184583,12.382357874186026,21.372192828011,997.9494468352756,50,50
13253_2018-10-10 20:00:00,2018280N18273,13253,Seminole,2018-10-10 20:00:00,196,9127,1729.0,647.791666666667,196,142.795835743204,1303297.59282822,8.16666666666667,2018,10,25.64082348932985,6.4588058724894735,68.04234380490283,983.1117257940572,220,168
13037_2018-10-10 21:00:00,2018280N18273,13037,Calhoun,2018-10-10 21:00:00,195,5469,2436.0,647.833333333333,195,111.722014833577,611007.699124832,8.125,2018,10,26.117301900191663,6.5831527806726315,98.77809690265153,983.1277991548044,219,168
13201_2018-10-10 21:00:00,2018280N18273,13201,Miller,2018-10-10 21:00:00,193,5807,1181.0,647.833333333333,193,124.098465667905,720639.790133522,8.04166666666667,2018,10,25.62284266430398,6.520851367810745,82.12071944001143,983.1053866621376,217,168
13243_2018-10-10 21:00:00,2018280N18273,13243,Randolph,2018-10-10 21:00:00,143,6116,3421.0,647.833333333333,143,88.8843710471687,543616.813324484,5.95833333333333,2018,10,23.960138423181636,6.658487019293215,104.61743004372589,984.5767708333332,167,167
01061_2018-10-10 21:00:00,2018280N18273,01061,Geneva,2018-10-10 21:00:00,78,26783,15326.0,647.833333333333,78,23.9522455827024,641512.993441519,3.25,2018,10,22.279770131447947,7.591313240991943,63.15503644559629,991.3307667286244,102,102
13071_2018-10-10 21:00:00,2018280N18273,13071,Colquitt,2018-10-10 21:00:00,77,45762,2440.0,647.833333333333,77,47.1029680063458,2155526.0219064,3.20833333333333,2018,10,28.27881879022676,9.253697276131584,46.312176719728896,990.80505270762,101,101
13239_2018-10-10 21:00:00,2018280N18273,13239,Quitman,2018-10-10 21:00:00,123,2249,1180.0,647.833333333333,123,49.4955174658241,111315.418780638,5.125,2018,10,21.05312968211569,6.884852411346258,86.33801150343317,987.2288893312102,147,147
01067_2018-10-10 21:00:00,2018280N18273,01067,Henry,2018-10-10 21:00:00,79,17655,7563.0,647.833333333333,79,33.547458541466,592280.380549583,3.29166666666667,2018,10,22.07333413759867,7.961260494789132,68.11807141396761,987.4758969455296,103,103
01045_2018-10-10 22:00:00,2018280N18273,01045,Dale,2018-10-10 22:00:00,44,49544,18575.0,647.875,44,7.53244547026282,373187.478378701,1.83333333333333,2018,10,22.404614435301884,9.90333074652681,58.22884741549691,990.3027983940972,68,68
13141_2018-10-10 22:00:00,2018280N18273,13141,Hancock,2018-10-10 22:00:00,46,8387,5497.0,647.875,46,9.85753613958554,82675.1556027039,1.91666666666667,2018,10,20.675220847129825,10.258879519218489,44.24866392315986,988.9400052083332,70,70
13205_2018-10-10 22:00:00,2018280N18273,13205,Mitchell,2018-10-10 22:00:00,309,21116,2905.0,647.875,309,154.841529879081,3269633.74492667,12.875,2018,10,29.431692420459186,7.006849580042349,73.4295099992763,986.6233998783298,333,168
13079_2018-10-10 22:00:00,2018280N18273,13079,Crawford,2018-10-10 22:00:00,28,12140,5069.0,647.875,28,5.4963503649635,66725.6934306569,1.16666666666667,2018,10,22.00438116214893,12.381393148065861,74.31343258904684,989.568103298611,52,52
13177_2018-10-10 22:00:00,2018280N18273,13177,Lee,2018-10-10 22:00:00,141,33642,9059.0,647.875,141,69.7389402968171,2346157.42946552,5.875,2018,10,27.887769410776546,6.927194419152472,85.06974518477784,985.2889273710028,165,165
13061_2018-10-10 22:00:00,2018280N18273,13061,Clay,2018-10-10 22:00:00,144,2845,2189.0,647.875,144,94.4003370248225,268568.95883562,6.0,2018,10,22.10261717787734,6.462583033018794,90.5540160969034,985.0835902308556,168,168
13321_2018-10-10 23:00:00,2018280N18273,13321,Worth,2018-10-10 23:00:00,217,20424,1416.0,647.916666666667,217,115.905684858295,2367257.70754581,9.04166666666667,2018,10,28.40245377638315,7.163017512942412,68.0161458152172,987.9960690426236,241,168
13273_2018-10-10 23:00:00,2018280N18273,13273,Terrell,2018-10-10 23:00:00,146,8754,4839.0,647.916666666667,146,95.4386834015122,835470.234496837,6.08333333333333,2018,10,28.47338528618624,6.598386795963525,100.5628869633861,983.944223261778,170,168
13007_2018-10-10 23:00:00,2018280N18273,13007,Baker,2018-10-10 23:00:00,367,2788,371.0,647.916666666667,367,236.555199987713,659515.897565745,15.2916666666667,2018,10,28.77902747547559,6.629565382664454,86.71516025475735,984.3181759798728,391,168
13261_2018-10-10 23:00:00,2018280N18273,13261,Sumter,2018-10-10 23:00:00,96,28877,14768.0,647.916666666667,96,41.1144424358009,1187261.75421862,4.0,2018,10,26.202407711029053,7.9668057653745015,90.82972383312881,986.073220625,120,120
01005_2018-10-10 23:00:00,2018280N18273,01005,Barbour,2018-10-10 23:00:00,42,24706,10892.0,647.916666666667,42,10.6726353860847,263678.129848607,1.75,2018,10,20.606757757636935,9.953236017058323,69.17783021822237,992.0148828125,66,66
13249_2018-10-10 23:00:00,2018280N18273,13249,Schley,2018-10-10 23:00:00,63,4496,1444.0,647.916666666667,63,20.0340059356446,90072.8906866579,2.625,2018,10,26.226974377686947,9.299267505966293,95.61930942060106,987.6600139188216,87,87
13075_2018-10-11 00:00:00,2018280N18273,13075,Cook,2018-10-11 00:00:00,39,17404,1578.0,647.958333333333,39,7.83079847908746,136287.216730038,1.625,2018,10,25.72332664084645,12.009655822644596,28.2090353013008,994.3450235066372,63,63
13307_2018-10-11 00:00:00,2018280N18273,13307,Webster,2018-10-11 00:00:00,122,2328,1333.0,647.958333333333,122,63.1538408019407,147022.141386918,5.08333333333333,2018,10,25.62367631762808,7.066190151981342,107.31234683436318,985.7783852966588,146,146
13027_2018-10-11 00:00:00,2018280N18273,13027,Brooks,2018-10-11 00:00:00,28,16253,902.0,647.958333333333,28,13.3381374722838,216784.748337029,1.16666666666667,2018,10,27.0333661311487,12.769014229691216,27.87589471394878,994.3063434624232,52,52
13287_2018-10-11 00:00:00,2018280N18273,13287,Turner,2018-10-11 00:00:00,151,8842,5135.0,647.958333333333,151,51.9504658288324,459346.018858536,6.29166666666667,2018,10,27.115748630987632,7.206438412805935,65.38600961495241,988.4437782411316,175,168
13003_2018-10-11 00:00:00,2018280N18273,13003,Atkinson,2018-10-11 00:00:00,40,8183,4549.0,647.958333333333,40,6.82215871620136,55825.7247746757,1.66666666666667,2018,10,23.57714719772339,11.668859830367214,22.63245414942503,997.1296335018384,64,64
13193_2018-10-11 01:00:00,2018280N18273,13193,Macon,2018-10-11 01:00:00,49,11765,6145.0,648.0,49,28.4966639544345,335263.251423922,2.04166666666667,2018,10,25.796105892988887,10.25615331790719,82.96403294619526,987.3311340480534,73,73
13019_2018-10-11 01:00:00,2018280N18273,13019,Berrien,2018-10-11 01:00:00,47,18214,4422.0,648.0,47,19.8997068891876,362453.261279663,1.95833333333333,2018,10,26.97775459717208,11.057973043093261,29.340948985739207,995.0827042460762,71,71
13315_2018-10-11 01:00:00,2018280N18273,13315,Wilcox,2018-10-11 01:00:00,115,8761,4912.0,648.0,115,62.6893943013266,549221.783473923,4.79166666666667,2018,10,25.210254163158183,7.574640468535244,67.39798869120376,987.8816111288266,139,139
13069_2018-10-11 01:00:00,2018280N18273,13069,Coffee,2018-10-11 01:00:00,44,43172,13869.0,648.0,44,12.5984714770518,543901.210607282,1.83333333333333,2018,10,25.298078568461705,11.228048584711619,38.07540285391825,994.8773471018976,68,68
13017_2018-10-11 01:00:00,2018280N18273,13017,Ben Hill,2018-10-11 01:00:00,97,17069,3299.0,648.0,97,51.9421229136294,886600.096012741,4.04166666666667,2018,10,25.772144998257588,8.328192472400655,59.747971748910004,990.8365035010372,121,121
13155_2018-10-11 01:00:00,2018280N18273,13155,Irwin,2018-10-11 01:00:00,68,9126,6013.0,648.0,68,22.3363841003872,203841.841300134,2.83333333333333,2018,10,26.300891215208345,9.571271359221205,50.9382185178794,992.0461840691136,92,92
13277_2018-10-11 01:00:00,2018280N18273,13277,Tift,2018-10-11 01:00:00,69,41412,12826.0,648.0,69,22.6022408232445,936003.9969722,2.875,2018,10,28.52156296066459,9.591334824531076,47.56230096591233,991.205473502852,93,93
13197_2018-10-11 01:00:00,2018280N18273,13197,Marion,2018-10-11 01:00:00,42,7449,3006.0,648.0,42,13.0319806605484,97075.2239404253,1.75,2018,10,23.535244850402183,10.512430961442563,98.18010969939543,989.6229593999336,66,66
13161_2018-10-11 02:00:00,2018280N18273,13161,Jeff Davis,2018-10-11 02:00:00,40,14889,7743.0,648.041666666667,40,13.0835593439235,194801.115071678,1.66666666666667,2018,10,27.13120736929086,11.753354909282464,42.760755501400965,994.6045112980768,64,64
13269_2018-10-11 02:00:00,2018280N18273,13269,Taylor,2018-10-11 02:00:00,44,7737,4219.0,648.041666666667,44,5.67138577306864,43879.511726232,1.83333333333333,2018,10,22.81956077418781,10.418424321504432,86.7347361000403,990.0602771529562,68,68
13093_2018-10-11 02:00:00,2018280N18273,13093,Dooly,2018-10-11 02:00:00,92,10572,6397.0,648.041666666667,92,41.0656557761451,434146.112865406,3.83333333333333,2018,10,26.49721654092745,8.055781083478541,73.89016441191646,986.0175112467866,116,116
13167_2018-10-11 04:00:00,2018280N18273,13167,Johnson,2018-10-11 04:00:00,66,9242,4055.0,648.125,66,35.0714721359959,324130.545480874,2.75,2018,10,24.86555307906196,9.075369138135205,53.37861021178843,988.7109305153148,90,90
13267_2018-10-11 04:00:00,2018280N18273,13267,Tattnall,2018-10-11 04:00:00,24,24064,8625.0,648.125,24,7.23118071803862,174011.132798881,1.0,2018,10,26.12171081941291,13.469295226506281,24.655362945536233,995.8209873870484,48,48
13235_2018-10-11 04:00:00,2018280N18273,13235,Pulaski,2018-10-11 04:00:00,112,9984,4489.0,648.125,112,51.4617955001114,513794.566273112,4.66666666666667,2018,10,23.54116304016113,7.387362793529734,67.62478317692876,986.5836871875,136,136
13023_2018-10-11 04:00:00,2018280N18273,13023,Bleckley,2018-10-11 04:00:00,64,12257,2902.0,648.125,64,31.9827705031013,392012.818056513,2.66666666666667,2018,10,22.049967453618752,9.015860647898618,65.27877107028736,987.1952130044842,88,88
13225_2018-10-11 04:00:00,2018280N18273,13225,Peach,2018-10-11 04:00:00,38,28562,6976.0,648.125,38,8.05705275229358,230125.540711009,1.58333333333333,2018,10,23.110011980610512,11.161895076342851,69.99897323248368,987.3977716733872,62,62
13289_2018-10-11 05:00:00,2018280N18273,13289,Twiggs,2018-10-11 05:00:00,42,7680,1531.0,648.166666666667,42,10.0235140431091,76980.5878510777,1.75,2018,10,21.941322723806724,10.680848504340021,60.32108874506738,987.160968535959,66,66
13175_2018-10-11 05:00:00,2018280N18273,13175,Laurens,2018-10-11 05:00:00,64,49660,12185.0,648.166666666667,64,29.0008027573167,1440179.86492835,2.66666666666667,2018,10,24.60781797691373,9.146829141828192,62.62879922176867,988.7556267862516,88,88
13271_2018-10-11 05:00:00,2018280N18273,13271,Telfair,2018-10-11 05:00:00,66,12354,3483.0,648.166666666667,66,34.8136663795579,430088.034453058,2.75,2018,10,26.609213550533863,9.139221083098102,59.783147766452636,991.6258932522122,90,90
13319_2018-10-11 05:00:00,2018280N18273,13319,Wilkinson,2018-10-11 05:00:00,37,8681,2405.0,648.166666666667,37,7.0004158004158,60770.6095634096,1.54166666666667,2018,10,21.34766841888428,11.20138769973171,52.749773785471916,987.6152833333332,61,61
13091_2018-10-11 05:00:00,2018280N18273,13091,Dodge,2018-10-11 05:00:00,65,19802,3709.0,648.166666666667,65,35.6983014289566,706897.764896199,2.70833333333333,2018,10,24.1370213901738,9.059109279181211,67.45367698349366,988.6749261895956,89,89
13169_2018-10-11 05:00:00,2018280N18273,13169,Jones,2018-10-11 05:00:00,38,28472,12937.0,648.166666666667,38,6.58769421040427,187564.82955863,1.58333333333333,2018,10,19.888473104028144,11.138801808563839,60.249386050546654,989.6371472886032,62,62
13043_2018-10-11 06:00:00,2018280N18273,13043,Candler,2018-10-11 06:00:00,34,11000,5484.0,648.208333333333,34,9.233169257776,101564.861835536,1.41666666666667,2018,10,28.609066161501456,11.866248668755027,34.73575906160165,993.2505854706176,58,58
13107_2018-10-11 06:00:00,2018280N18273,13107,Emanuel,2018-10-11 06:00:00,45,22929,7891.0,648.208333333333,45,16.1160076354961,369523.939074291,1.875,2018,10,27.444282350215047,10.763086416622397,47.11029346138028,990.9750959916548,69,69
13303_2018-10-11 06:00:00,2018280N18273,13303,Washington,2018-10-11 06:00:00,57,19738,6586.0,648.208333333333,57,22.9078348010932,452154.843303978,2.375,2018,10,24.34471312436191,9.369991464463014,46.808340025150265,988.0851003196022,81,81
13309_2018-10-11 06:00:00,2018280N18273,13309,Wheeler,2018-10-11 06:00:00,60,7314,823.0,648.208333333333,60,30.6123936816525,223899.047387606,2.5,2018,10,27.28174673266684,9.44506638016058,58.67745162705932,991.4761026936028,84,84
13209_2018-10-11 06:00:00,2018280N18273,13209,Montgomery,2018-10-11 06:00:00,41,8655,1649.0,648.208333333333,41,26.5166767738023,229501.837477259,1.70833333333333,2018,10,27.692793202594046,11.079249957205729,48.58330712933851,992.7165507494918,65,65
13283_2018-10-11 07:00:00,2018280N18273,13283,Treutlen,2018-10-11 07:00:00,36,6365,1373.0,648.25,36,5.18572469045885,33007.1376547706,1.5,2018,10,26.269438030650317,11.502384868486027,54.15667462822738,990.5140632584952,60,60
13301_2018-10-11 08:00:00,2018280N18273,13301,Warren,2018-10-11 08:00:00,41,5155,3118.0,648.291666666667,41,6.13758819756254,31639.2671584349,1.70833333333333,2018,10,22.087881350435342,9.599489603287136,42.603422874821625,989.1311420747426,65,65
13163_2018-10-11 08:00:00,2018280N18273,13163,Jefferson,2018-10-11 08:00:00,33,15314,7803.0,648.291666666667,33,7.23571974009622,110807.812099833,1.375,2018,10,24.58161439930821,10.914423194943781,49.14703940443448,988.8432145122232,57,57
13033_2018-10-11 09:00:00,2018280N18273,13033,Burke,2018-10-11 09:00:00,31,24388,6169.0,648.333333333333,31,6.95745671781808,169678.454434147,1.29166666666667,2018,10,27.008654186983065,10.93955287927244,46.73740252668799,990.3174164649356,55,55
45009_2018-10-11 11:00:00,2018280N18273,45009,Bamberg,2018-10-11 11:00:00,24,12908,7151.0,648.416666666667,24,3.51852887708013,45417.1707453503,1.0,2018,10,28.573109811811296,11.583193884807239,34.78317497302754,994.1216948460818,48,48
45085_2018-10-11 13:00:00,2018280N18273,45085,Sumter,2018-10-11 13:00:00,25,104012,37360.0,648.5,25,2.76107143970473,287184.562586569,1.04166666666667,2018,10,26.7322608504439,10.853474950747122,36.981861155822216,994.5116902797704,49,49
37167_2018-10-11 16:00:00,2018280N18273,37167,Stanly,2018-10-11 16:00:00,36,64153,17317.0,648.625,36,3.19732055205867,205117.70537622,1.5,2018,10,20.89742447242105,8.49220803612513,59.169949043374814,991.7236572842788,60,60
37123_2018-10-11 16:00:00,2018280N18273,37123,Montgomery,2018-10-11 16:00:00,53,25894,14541.0,648.625,53,10.1949546204058,263988.154940788,2.20833333333333,2018,10,21.897683810243517,7.952455765149183,55.53090353081427,991.257072710396,77,77
51590_2018-10-11 17:00:00,2018280N18273,51590,Danville,2018-10-11 17:00:00,154,42229,2873.0,648.666666666667,154,46.4116849980159,1959919.04578121,6.41666666666667,2018,10,20.37038062600529,6.248947814955654,105.13934987944133,992.7608700980392,178,168
37007_2018-10-11 18:00:00,2018280N18273,37007,Anson,2018-10-11 18:00:00,34,22202,10549.0,648.708333333333,34,4.32221063607925,95961.7205422315,1.41666666666667,2018,10,22.681436188156542,8.84821984959745,53.721263553309555,991.3335433558558,58,58
37109_2018-10-11 19:00:00,2018280N18273,37109,Lincoln,2018-10-11 19:00:00,26,93095,34558.0,648.75,26,3.26448289831587,303907.035418716,1.08333333333333,2018,10,19.376168483163603,8.16045010412893,50.56713956006723,994.4420924211876,50,50
37059_2018-10-11 19:00:00,2018280N18273,37059,Davie,2018-10-11 19:00:00,46,44090,21372.0,648.75,46,6.68870484746397,294904.996724687,1.91666666666667,2018,10,20.69095699402065,7.464903664202684,74.69928351669378,994.5022497852236,70,70
51019_2018-10-11 20:00:00,2018280N18273,51019,Bedford,2018-10-11 20:00:00,26,80848,35228.0,648.791666666667,26,1.87975474054729,151974.411263767,1.08333333333333,2018,10,16.867181622810914,9.553797770345039,61.603046180546706,998.2910944041566,50,50
51089_2018-10-11 20:00:00,2018280N18273,51089,Henry,2018-10-11 20:00:00,70,49906,27349.0,648.791666666667,70,12.3872400665008,618197.602758789,2.91666666666667,2018,10,20.358133805336124,7.101498120260159,83.35316710112143,995.3150612381232,94,94
37119_2018-10-11 20:00:00,2018280N18273,37119,Mecklenburg,2018-10-11 20:00:00,27,1145392,491293.0,648.791666666667,27,2.05388027103989,2352498.03140692,1.125,2018,10,19.771237652642387,8.206323040132762,56.95936627120577,992.1026948939732,51,51
51141_2018-10-11 20:00:00,2018280N18273,51141,Patrick,2018-10-11 20:00:00,53,17643,12006.0,648.791666666667,53,15.812946380097,278987.812984052,2.20833333333333,2018,10,21.304583717158703,9.019683532985496,58.810281151789454,996.8830589851136,77,77
37159_2018-10-11 20:00:00,2018280N18273,37159,Rowan,2018-10-11 20:00:00,73,149645,67617.0,648.791666666667,73,12.1438815420014,1817271.1533528,3.04166666666667,2018,10,21.121646597393948,6.3464294485289425,71.89017517482161,993.194332437276,97,97
37057_2018-10-11 20:00:00,2018280N18273,37057,Davidson,2018-10-11 20:00:00,74,172586,60390.0,648.791666666667,74,14.5677797453457,2514194.83513023,3.08333333333333,2018,10,21.67843029658,6.409734601374388,78.07223635570458,992.8074540364584,98,98
37067_2018-10-11 20:00:00,2018280N18273,37067,Forsyth,2018-10-11 20:00:00,51,389157,181247.0,648.791666666667,51,6.50090154781759,2529871.34364405,2.125,2018,10,20.79068278344933,7.250702346488473,83.09673827933372,994.0851173762078,75,75
51035_2018-10-11 20:00:00,2018280N18273,51035,Carroll,2018-10-11 20:00:00,24,29147,18404.0,648.791666666667,24,3.08998043903499,90063.6598565529,1.0,2018,10,19.953931882267906,11.800074358702338,34.86498047797275,999.1407641989088,48,48
37169_2018-10-11 20:00:00,2018280N18273,37169,Stokes,2018-10-11 20:00:00,52,45175,24877.0,648.791666666667,52,10.6184433268995,479688.177292683,2.16666666666667,2018,10,21.370449548886143,7.723698336478564,75.35193781579228,995.2556105324074,76,76
37157_2018-10-11 20:00:00,2018280N18273,37157,Rockingham,2018-10-11 20:00:00,104,91957,49385.0,648.791666666667,104,35.879099546963,3299334.35704007,4.33333333333333,2018,10,20.247304142955244,6.44384004814467,93.44237100867447,993.3764540378008,128,128
51143_2018-10-11 21:00:00,2018280N18273,51143,Pittsylvania,2018-10-11 21:00:00,130,59952,15782.0,648.833333333333,130,33.3824933131545,2001347.23911024,5.41666666666667,2018,10,19.52036614059608,6.642760469687016,101.69551606430937,994.4784279109184,154,154
51083_2018-10-11 21:00:00,2018280N18273,51083,Halifax,2018-10-11 21:00:00,133,33644,15549.0,648.833333333333,133,36.1448549830778,1216057.50105067,5.54166666666667,2018,10,20.054775130073978,6.5710356168945765,110.17816017932786,991.9467165822696,157,157
37151_2018-10-11 21:00:00,2018280N18273,37151,Randolph,2018-10-11 21:00:00,71,146043,63127.0,648.833333333333,71,13.2995295669258,1942303.19654255,2.95833333333333,2018,10,21.90632285030994,6.860427020627208,63.60199787319238,991.075643534994,95,95
37081_2018-10-11 21:00:00,2018280N18273,37081,Guilford,2018-10-11 21:00:00,93,546101,213865.0,648.833333333333,93,24.1582954335849,13192869.2945761,3.875,2018,10,20.90037885037336,6.447565084165534,84.60387756349517,992.0442934348366,117,117
37185_2018-10-11 21:00:00,2018280N18273,37185,Warren,2018-10-11 21:00:00,72,18713,5887.0,648.833333333333,72,16.2252968607181,303623.980154618,3.0,2018,10,24.11757175640964,7.461919570752401,58.08911818641763,990.7160615604122,96,96
37137_2018-10-11 21:00:00,2018280N18273,37137,Pamlico,2018-10-11 21:00:00,24,12381,8584.0,648.833333333333,24,6.32945013979497,78364.9221808015,1.0,2018,10,23.921030898445878,11.84744631811303,3.3488921840286974,995.083114949614,48,48
51067_2018-10-11 21:00:00,2018280N18273,51067,Franklin,2018-10-11 21:00:00,42,55074,32147.0,648.833333333333,42,2.82005578347693,155311.752219209,1.75,2018,10,18.62586333259704,9.702385255345094,62.89989632559279,997.4680294105488,66,66
51111_2018-10-11 22:00:00,2018280N18273,51111,Lunenburg,2018-10-11 22:00:00,123,12031,3803.0,648.875,123,47.8775243470058,576014.495418827,5.125,2018,10,22.306361136498392,6.554333399493397,138.9050949264108,992.5450970643942,147,147
51049_2018-10-11 22:00:00,2018280N18273,51049,Cumberland,2018-10-11 22:00:00,111,9746,4983.0,648.875,111,36.3803951210826,354563.330850071,4.625,2018,10,19.562650949603707,6.427155329377533,110.62696792599874,996.2837291829936,135,135
51149_2018-10-11 22:00:00,2018280N18273,51149,Prince George,2018-10-11 22:00:00,43,43134,5918.0,648.875,43,10.7284555593106,462761.202095302,1.79166666666667,2018,10,22.35912043128917,8.18067378935471,80.20127787607802,989.6410191993464,67,67
51147_2018-10-11 22:00:00,2018280N18273,51147,Prince Edward,2018-10-11 22:00:00,122,21927,9674.0,648.875,122,52.6747831800911,1154999.97078986,5.08333333333333,2018,10,21.025073934670807,6.414563045514807,140.06606628749725,994.4231212895778,146,146
37135_2018-10-11 22:00:00,2018280N18273,37135,Orange,2018-10-11 22:00:00,67,150477,56268.0,648.875,67,13.7643121968949,2071212.40645215,2.79166666666667,2018,10,23.66982068230124,7.214073867280019,70.93266664401574,990.3245545955884,91,91
51670_2018-10-11 22:00:00,2018280N18273,51670,Hopewell,2018-10-11 22:00:00,41,22962,10714.0,648.875,41,5.94101176031361,136417.512040321,1.70833333333333,2018,10,22.225128173828125,8.374172606834998,91.32033679634333,990.06,65,65
51011_2018-10-11 22:00:00,2018280N18273,51011,Appomattox,2018-10-11 22:00:00,53,16748,8336.0,648.875,53,8.51595212459619,142625.166182737,2.20833333333333,2018,10,19.202804035910805,6.615160606549604,80.7552341142242,996.0486720963172,77,77
51025_2018-10-11 22:00:00,2018280N18273,51025,Brunswick,2018-10-11 22:00:00,75,15921,5989.0,648.875,75,25.1533048253736,400465.766124774,3.125,2018,10,23.24193633422852,6.821564019590435,86.42080168575046,990.7436873749998,99,99
51037_2018-10-11 22:00:00,2018280N18273,51037,Charlotte,2018-10-11 22:00:00,123,11475,5685.0,648.875,123,50.9732623448633,584918.185407306,5.125,2018,10,20.653986292590428,6.4550916332530734,127.11991176302709,992.985305964251,147,147
51031_2018-10-11 22:00:00,2018280N18273,51031,Campbell,2018-10-11 22:00:00,25,55141,28097.0,648.875,25,1.93002816907149,106423.683270771,1.04166666666667,2018,10,18.40055736779293,8.653849805248884,78.19367646011135,995.6030115327384,49,49
51029_2018-10-11 22:00:00,2018280N18273,51029,Buckingham,2018-10-11 22:00:00,69,16982,8297.0,648.875,69,23.1501665095401,393136.12766501,2.875,2018,10,17.978119208708385,5.630677211189281,81.03194056649359,997.1726790417342,93,93
37037_2018-10-11 22:00:00,2018280N18273,37037,Chatham,2018-10-11 22:00:00,76,79864,36225.0,648.875,76,17.8335828237683,1424261.25863743,3.16666666666667,2018,10,23.299033184179525,6.9622654911527695,56.813389311025816,990.3053592701342,100,100
37033_2018-10-11 22:00:00,2018280N18273,37033,Caswell,2018-10-11 22:00:00,116,22614,12161.0,648.875,116,48.9114741438536,1106084.0762891,4.83333333333333,2018,10,21.20164309607612,6.333735060754908,95.05202186604342,991.8449641927084,140,140
37145_2018-10-11 23:00:00,2018280N18273,37145,Person,2018-10-11 23:00:00,52,39386,16524.0,648.916666666667,52,18.5389498869922,730175.080249074,2.16666666666667,2018,10,22.630698868722632,8.048074463211053,89.2836089796302,990.246970288826,76,76
51117_2018-10-11 23:00:00,2018280N18273,51117,Mecklenburg,2018-10-11 23:00:00,93,30508,12357.0,648.916666666667,93,30.2708210093179,923502.20735227,3.875,2018,10,21.36849035100733,7.147696507000926,99.34814994909523,991.0723447888962,117,117
51135_2018-10-11 23:00:00,2018280N18273,51135,Nottoway,2018-10-11 23:00:00,137,15559,3380.0,648.916666666667,137,64.1314529505015,997821.276456853,5.70833333333333,2018,10,23.22342609714817,6.71277386474282,153.70681048888298,992.8990385698196,161,161
37001_2018-10-11 23:00:00,2018280N18273,37001,Alamance,2018-10-11 23:00:00,77,176353,78812.0,648.916666666667,77,15.1152649922457,2665622.32717751,3.20833333333333,2018,10,22.005562270358524,6.65985500275524,72.22696353411261,990.8718027935606,101,101
37181_2018-10-12 00:00:00,2018280N18273,37181,Vance,2018-10-12 00:00:00,70,42138,23793.0,648.958333333333,70,16.1338580213581,679848.509303987,2.91666666666667,2018,10,23.47616528773653,7.344904806523493,70.74696057563835,990.071758378623,94,94
51145_2018-10-12 00:00:00,2018280N18273,51145,Powhatan,2018-10-12 00:00:00,97,31489,11366.0,648.958333333333,97,30.8170496554713,970398.076601137,4.04166666666667,2018,10,21.908134733880317,6.9661942425335255,132.74867900067588,994.9140898164336,121,121
51075_2018-10-12 00:00:00,2018280N18273,51075,Goochland,2018-10-12 00:00:00,48,26109,12112.0,648.958333333333,48,9.97414170988322,260414.865903341,2.0,2018,10,20.162593962654235,7.256979650795143,103.69755436060211,996.8673345734126,72,72
37077_2018-10-12 00:00:00,2018280N18273,37077,Granville,2018-10-12 00:00:00,69,61903,27452.0,648.958333333333,69,14.1219801815671,874192.939179547,2.875,2018,10,22.443036122057645,7.341522941495431,77.05652178556713,989.7819268504024,93,93
37063_2018-10-12 00:00:00,2018280N18273,37063,Durham,2018-10-12 00:00:00,24,332680,147372.0,648.958333333333,24,3.3035040577586,1099009.72993513,1.0,2018,10,24.518476230267897,9.653798491048356,66.2601578953905,989.5297825978436,48,48
51007_2018-10-12 00:00:00,2018280N18273,51007,Amelia,2018-10-12 00:00:00,143,13455,3777.0,648.958333333333,143,60.3323767462166,811772.129120344,5.95833333333333,2018,10,22.2400336277822,6.621045648072675,151.99752199130756,993.6425710957584,167,167
51053_2018-10-12 00:00:00,2018280N18273,51053,Dinwiddie,2018-10-12 00:00:00,72,28161,8944.0,648.958333333333,72,17.9540587548898,505604.248596452,3.0,2018,10,23.38096193769085,6.544330835676017,108.59045992890344,990.4656225221548,96,96
51087_2018-10-12 01:00:00,2018280N18273,51087,Henrico,2018-10-12 01:00:00,47,333962,149782.0,649.0,47,5.26686117156935,1758931.49057964,1.95833333333333,2018,10,21.84528537896964,7.797504337327326,113.87031205320875,993.0862662259616,71,71
51073_2018-10-12 01:00:00,2018280N18273,51073,Gloucester,2018-10-12 01:00:00,96,39493,19617.0,649.0,96,34.8906970502861,1377938.29860695,4.0,2018,10,24.89821201523924,8.623895874885692,71.28216545827979,988.7771310763892,120,120
51085_2018-10-12 01:00:00,2018280N18273,51085,Hanover,2018-10-12 01:00:00,51,112938,49273.0,649.0,51,8.26046977888833,932920.93588809,2.125,2018,10,20.633079776268996,7.36566777765473,106.00746295483646,995.3230145958084,75,75
51550_2018-10-12 01:00:00,2018280N18273,51550,Chesapeake,2018-10-12 01:00:00,30,252488,102543.0,649.0,30,3.51172678778659,886668.87319466,1.25,2018,10,23.38225102015904,9.384415371405382,16.766308801514757,989.1576459821428,54,54
37069_2018-10-12 01:00:00,2018280N18273,37069,Franklin,2018-10-12 01:00:00,50,74539,39569.0,649.0,50,8.22759729796841,613276.874993268,2.08333333333333,2018,10,23.560133636226144,8.546877279209525,45.42474022359941,990.1429398647032,74,74
37103_2018-10-12 01:00:00,2018280N18273,37103,Jones,2018-10-12 01:00:00,24,9233,5483.0,649.0,24,5.1285792449389,47352.1721685209,1.0,2018,10,21.952491514144405,10.312224198052638,3.1308080182380733,994.5095465284778,48,48
37127_2018-10-12 02:00:00,2018280N18273,37127,Nash,2018-10-12 02:00:00,30,95789,25632.0,649.041666666667,30,5.49145646574051,526021.123396818,1.25,2018,10,24.250935637288624,9.81052006440766,26.124851774107405,990.8981037055122,54,54
51101_2018-10-12 02:00:00,2018280N18273,51101,King William,2018-10-12 02:00:00,88,18492,8560.0,649.041666666667,88,13.0464978934287,241255.839045283,3.66666666666667,2018,10,20.877990360811975,7.438872816916393,96.85583741305294,993.2396608721864,112,112
51097_2018-10-12 02:00:00,2018280N18273,51097,King and Queen,2018-10-12 02:00:00,89,6718,4227.0,649.041666666667,89,34.6204623870771,232580.266316384,3.70833333333333,2018,10,21.36658475603376,7.61454558556963,92.36725498656077,992.7457104910712,113,113
51183_2018-10-12 02:00:00,2018280N18273,51183,Sussex,2018-10-12 02:00:00,40,10680,3554.0,649.041666666667,40,4.6381541924592,49535.4867754643,1.66666666666667,2018,10,22.757316491449743,8.284494423820947,53.614566871938884,989.0099799489072,64,64
37065_2018-10-12 02:00:00,2018280N18273,37065,Edgecombe,2018-10-12 02:00:00,28,48301,5234.0,649.041666666667,28,2.05413916180276,99216.975654235,1.16666666666667,2018,10,22.12924351178405,9.751700043556943,15.784207863525431,990.7393919836956,52,52
51760_2018-10-12 02:00:00,2018280N18273,51760,Richmond,2018-10-12 02:00:00,45,229395,109804.0,649.041666666667,45,5.9975501803213,1375808.0236148,1.875,2018,10,22.74723052978516,7.917555850485097,124.18472860008478,993.09015625,69,69
51081_2018-10-12 02:00:00,2018280N18273,51081,Greensville,2018-10-12 02:00:00,41,11226,2514.0,649.041666666667,41,11.3750994431185,127696.866348449,1.70833333333333,2018,10,23.41052727657574,8.306752411456728,49.072234294005284,989.7480771683672,65,65
51041_2018-10-12 02:00:00,2018280N18273,51041,Chesterfield,2018-10-12 02:00:00,46,378408,148658.0,649.041666666667,46,7.69406960943912,2911497.49276864,1.91666666666667,2018,10,22.70193112228361,7.739775814868582,125.84546423363611,992.2589582775696,70,70
51057_2018-10-12 03:00:00,2018280N18273,51057,Essex,2018-10-12 03:00:00,48,10630,7122.0,649.083333333333,48,16.7629009573122,178189.637176229,2.0,2018,10,20.65199358035357,7.949748826417489,77.9695018591622,994.5967360276442,72,72
51036_2018-10-12 03:00:00,2018280N18273,51036,Charles City,2018-10-12 03:00:00,72,6605,3970.0,649.083333333333,72,46.2851385390428,305713.340050378,3.0,2018,10,22.045548094270377,6.692562502501342,83.95265959238223,989.91488189554,96,96
51570_2018-10-12 03:00:00,2018280N18273,51570,Colonial Heights,2018-10-12 03:00:00,41,18294,8908.0,649.083333333333,41,4.1722047597665,76326.3138751684,1.70833333333333,2018,10,23.365724563598636,7.993008422851562,118.09342727065086,990.772578125,65,65
51193_2018-10-12 03:00:00,2018280N18273,51193,Westmoreland,2018-10-12 03:00:00,66,18712,8061.0,649.083333333333,66,11.2430116664891,210379.234303345,2.75,2018,10,19.94807225353313,7.595586101284068,71.02849830187998,995.2797314268868,90,90
51127_2018-10-12 03:00:00,2018280N18273,51127,New Kent,2018-10-12 03:00:00,71,24986,10426.0,649.083333333333,71,37.7991559562632,944449.710723192,2.95833333333333,2018,10,21.99292670184301,7.049016851152459,97.8814855270721,990.797669534413,95,95
51133_2018-10-12 03:00:00,2018280N18273,51133,Northumberland,2018-10-12 03:00:00,90,12302,9383.0,649.083333333333,90,42.6051899307615,524129.046528228,3.75,2018,10,24.388875882587733,9.174226814589769,100.72372148020399,991.444737847222,114,114
51095_2018-10-12 04:00:00,2018280N18273,51095,James City,2018-10-12 04:00:00,48,81199,38124.0,649.125,48,14.9209684188438,1211567.7146417,2.0,2018,10,23.254301071167,8.133092846995906,63.68001019091983,988.9109950657896,72,72
51159_2018-10-12 04:00:00,2018280N18273,51159,Richmond,2018-10-12 04:00:00,88,9080,3417.0,649.125,88,48.9086912176064,444090.916255867,3.66666666666667,2018,10,20.9946180351814,7.80435518422498,87.68483660435663,993.9914810219958,112,112
51119_2018-10-12 04:00:00,2018280N18273,51119,Middlesex,2018-10-12 04:00:00,87,10943,10173.0,649.125,87,24.5920426160591,269110.722347535,3.625,2018,10,23.562366811638203,8.454524070953878,85.20303739823846,990.0863848824788,111,111
51103_2018-10-12 05:00:00,2018280N18273,51103,Lancaster,2018-10-12 05:00:00,66,10750,8599.0,649.166666666667,66,36.731567446211,394864.350046768,2.75,2018,10,24.0459469511918,8.34870495324022,96.38324802328354,990.7277990978037,90,90
51830_2018-10-12 05:00:00,2018280N18273,51830,Williamsburg,2018-10-12 05:00:00,35,15909,6690.0,649.166666666667,35,8.92765321375187,142030.034977578,1.45833333333333,2018,10,23.29308319091797,8.886034044168763,52.23734164610505,988.40171875,59,59
51700_2018-10-12 05:00:00,2018280N18273,51700,Newport News,2018-10-12 05:00:00,44,184306,82904.0,649.166666666667,44,9.11687011483161,1680293.86338415,1.83333333333333,2018,10,24.602880958497053,8.217656411082173,33.4153161200834,988.4526334891732,68,68
51199_2018-10-12 05:00:00,2018280N18273,51199,York,2018-10-12 05:00:00,57,71341,30455.0,649.166666666667,57,15.7814152027582,1125861.94197997,2.375,2018,10,26.01249830028679,8.731502921194897,43.3283773376626,988.2305511603377,81,81
51650_2018-10-12 06:00:00,2018280N18273,51650,Hampton,2018-10-12 06:00:00,44,138037,64443.0,649.208333333333,44,9.45392051890818,1304990.82666853,1.83333333333333,2018,10,25.28748450373972,8.459086083511364,22.42676902636392,988.5326107201988,68,68
51740_2018-10-12 06:00:00,2018280N18273,51740,Portsmouth,2018-10-12 06:00:00,40,97029,44519.0,649.208333333333,40,6.50528987623262,631201.771400975,1.66666666666667,2018,10,23.95956977532835,8.399531011982841,19.745130928195252,988.8572847576532,64,64
51115_2018-10-12 06:00:00,2018280N18273,51115,Mathews,2018-10-12 06:00:00,93,8490,6705.0,649.208333333333,93,42.3401426870124,359467.811412735,3.875,2018,10,25.85138010708791,9.679397844580024,65.56920168991638,988.4415106132074,117,117
51810_2018-10-12 07:00:00,2018280N18273,51810,Virginia Beach,2018-10-12 07:00:00,36,455618,199885.0,649.25,36,5.13333666858444,2338840.5862671,1.5,2018,10,24.67302969484311,10.265505465133048,11.940798152965893,988.9175028711314,60,60
48183_2019-07-10 00:00:00,2019192N29274,48183,Gregg,2019-07-10 00:00:00,33,125443,82023.0,919.958333333333,33,0.697169255394024,87455.0029043926,1.375,2019,7,8.70987412181214,4.76544255950201,1.5219748020172115,1011.6951297331208,57,57
40089_2019-07-10 14:00:00,2019192N29274,40089,McCurtain,2019-07-10 14:00:00,25,30931,10185.0,920.541666666667,25,0.436033382425135,13486.9485517918,1.04166666666667,2019,7,9.002145903800791,4.3910481506954,8.088640041087105,1011.2983722086756,49,49
05133_2019-07-11 01:00:00,2019192N29274,05133,Sevier,2019-07-11 01:00:00,46,15686,8330.0,921.0,46,0.884923639521796,13880.9122095389,1.91666666666667,2019,7,8.202594795807968,5.575754040313971,5.897678253626964,1009.5643814773688,70,70
22077_2019-07-12 00:00:00,2019192N29274,22077,Pointe Coupee,2019-07-12 00:00:00,92,20151,5069.0,921.958333333333,92,5.84814165930833,117845.902576722,3.83333333333333,2019,7,26.74155283627445,13.712535748292547,157.0094798839881,1002.3495596104452,116,116
22099_2019-07-12 02:00:00,2019192N29274,22099,St. Martin,2019-07-12 02:00:00,134,51236,24147.0,922.041666666667,134,9.3598152232639,479559.492779149,5.58333333333333,2019,7,26.17300651866219,11.924228710710496,177.81453079179073,999.3297503669654,158,158
22085_2019-07-12 17:00:00,2019192N29274,22085,Sabine,2019-07-12 17:00:00,31,21985,14912.0,922.666666666667,31,0.29386125381124,6460.53966504011,1.29166666666667,2019,7,17.59437167620611,10.497171974981347,4.163716861862456,1005.2181696987724,55,55
22109_2019-07-12 22:00:00,2019192N29274,22109,Terrebonne,2019-07-12 22:00:00,94,104786,27781.0,922.875,94,28.3731903068141,2973113.11948983,3.91666666666667,2019,7,31.51712492303121,13.509358991794413,133.60564510935242,998.3772190187346,118,118
22057_2019-07-12 23:00:00,2019192N29274,22057,Lafourche,2019-07-12 23:00:00,94,95870,43756.0,922.916666666667,94,8.39397112548158,804730.01179992,3.91666666666667,2019,7,27.267388933427107,12.591752932813206,84.16050317295328,1000.1475333895228,118,118
22101_2019-07-13 04:00:00,2019192N29274,22101,St. Mary,2019-07-13 04:00:00,92,47789,18981.0,923.125,92,42.8861493072019,2049486.18924187,3.83333333333333,2019,7,31.902842821962388,14.430839626300736,186.28958782380593,997.2964682821006,116,116
22093_2019-07-13 04:00:00,2019192N29274,22093,St. James,2019-07-13 04:00:00,63,19423,9905.0,923.125,63,2.15651368738068,41885.965349995,2.625,2019,7,25.06801554912657,14.24639015627593,82.57499476894736,1002.0434494955708,87,87
22001_2019-07-13 05:00:00,2019192N29274,22001,Acadia,2019-07-13 05:00:00,35,56744,27178.0,923.166666666667,35,0.631418700671124,35829.2227508823,1.45833333333333,2019,7,22.231233694458005,15.412241792168054,107.52519317939878,997.86757275,59,59
22007_2019-07-13 05:00:00,2019192N29274,22007,Assumption,2019-07-13 05:00:00,84,20604,10503.0,923.166666666667,84,29.7261144772049,612476.86268833,3.5,2019,7,28.56064509544052,13.256082380964418,116.37264209035108,1000.2007637429977,108,108
22047_2019-07-13 12:00:00,2019192N29274,22047,Iberville,2019-07-13 12:00:00,81,29506,9008.0,923.458333333333,81,10.4290282443036,307718.907376421,3.375,2019,7,27.94283947727557,13.280355765123206,134.78248665077115,1000.6718962176216,105,105
28157_2019-07-13 13:00:00,2019192N29274,28157,Wilkinson,2019-07-13 13:00:00,55,8143,5993.0,923.5,55,3.32154179876523,27047.3148673452,2.29166666666667,2019,7,21.798496106297613,14.766469192898418,112.19730228937824,1004.9859495457052,79,79
22037_2019-07-13 14:00:00,2019192N29274,22037,East Feliciana,2019-07-13 14:00:00,26,19135,6027.0,923.541666666667,26,0.215530114484818,4124.168740667,1.08333333333333,2019,7,22.320578750298942,17.005676047050496,75.14994058128693,1004.7136033163266,50,50
22045_2019-07-13 17:00:00,2019192N29274,22045,Iberia,2019-07-13 17:00:00,71,68327,34826.0,923.666666666667,71,31.1035529929283,2125212.46534781,2.95833333333333,2019,7,26.61264297554085,14.332016740152516,206.90962217899195,997.163350929054,95,95
22125_2019-07-13 18:00:00,2019192N29274,22125,West Feliciana,2019-07-13 18:00:00,79,15381,4473.0,923.708333333333,79,5.15333530668805,79263.4503521689,3.29166666666667,2019,7,24.71545255945084,12.693499026965807,130.8072236527295,1003.7048141991728,103,103
22043_2019-07-13 19:00:00,2019192N29274,22043,Grant,2019-07-13 19:00:00,29,22000,10543.0,923.75,29,1.97770853223329,43509.5877091323,1.20833333333333,2019,7,21.780554482137514,14.16501831255571,84.23926398774448,1005.4595111801524,53,53
22009_2019-07-13 20:00:00,2019192N29274,22009,Avoyelles,2019-07-13 20:00:00,43,38751,36348.0,923.791666666667,43,3.75553387660791,145530.693252433,1.79166666666667,2019,7,24.75211756819979,15.42302308347998,147.34080922095652,1003.6601236381882,67,67
22113_2019-07-13 21:00:00,2019192N29274,22113,Vermilion,2019-07-13 21:00:00,29,56952,22081.0,923.833333333333,29,2.7109864630046,154396.101041038,1.20833333333333,2019,7,21.16130239871169,14.963236678412967,154.07815787639132,997.2559602244748,53,53
22097_2019-07-13 22:00:00,2019192N29274,22097,St. Landry,2019-07-13 22:00:00,24,81773,44938.0,923.875,24,1.73451937118949,141836.852540279,1.0,2019,7,22.43837744871258,17.815923699403303,151.37320471043728,1000.015779977606,48,48
22127_2019-07-14 00:00:00,2019192N29274,22127,Winn,2019-07-14 00:00:00,61,13205,5238.0,923.958333333333,61,2.84803360061092,37608.2836960672,2.54166666666667,2019,7,19.38904771074293,11.859570273566591,66.01938443426491,1007.0710554662908,85,85
29055_2019-07-14 11:00:00,2019192N29274,29055,Crawford,2019-07-14 11:00:00,34,22659,2458.0,924.416666666667,34,0.614967267977228,13934.543325096,1.41666666666667,2019,7,13.15544012565886,6.92295967124733,8.622869372430094,1010.9271052729714,58,58
22011_2019-07-14 11:00:00,2019192N29274,22011,Beauregard,2019-07-14 11:00:00,37,36570,10512.0,924.416666666667,37,0.252473363774734,9232.95091324201,1.54166666666667,2019,7,14.572856578492283,7.8938895410938725,53.033595784616324,1001.401425370066,61,61
13191_2019-09-03 21:00:00,2019236N10314,13191,McIntosh,2019-09-03 21:00:00,29,11180,8198.0,975.833333333333,29,0.282507928763113,3158.4386435716,1.20833333333333,2019,9,23.64387796842135,15.833067114463526,57.802582982704685,1001.489466880342,53,53
45013_2019-09-05 07:00:00,2019236N10314,45013,Beaufort,2019-09-05 07:00:00,32,196371,65270.0,977.25,32,5.04951738930596,991578.779255401,1.33333333333333,2019,9,30.23505950715125,15.487077567081247,110.3278245798852,995.0781015541264,56,56
45019_2019-09-05 07:00:00,2019236N10314,45019,Charleston,2019-09-05 07:00:00,63,419279,228154.0,977.25,63,18.9289340338158,7936504.53276427,2.625,2019,9,37.48955957505796,14.268670029391139,238.87624348380155,990.493624078205,87,87
45029_2019-09-05 08:00:00,2019236N10314,45029,Colleton,2019-09-05 08:00:00,46,38599,24418.0,977.291666666667,46,7.67853763810288,296383.874293133,1.91666666666667,2019,9,27.4435211739889,11.973562656735353,81.54780281633009,998.552242214721,70,70
45089_2019-09-05 10:00:00,2019236N10314,45089,Williamsburg,2019-09-05 10:00:00,36,30058,8346.0,977.375,36,6.28652584242165,188960.39377151,1.5,2019,9,29.196534196370862,14.408910443805889,109.69858149045312,997.2114184063796,60,60
45043_2019-09-05 10:00:00,2019236N10314,45043,Georgetown,2019-09-05 10:00:00,37,64722,41580.0,977.375,37,5.90028707866528,381878.380305374,1.54166666666667,2019,9,33.39906066690303,16.730075481128306,210.92946046560894,990.450721722634,61,61
45015_2019-09-05 10:00:00,2019236N10314,45015,Berkeley,2019-09-05 10:00:00,37,245117,108687.0,977.375,37,6.32181155611136,1549583.48319935,1.54166666666667,2019,9,32.99023693078643,15.030653474847972,154.51416037613407,995.7609703423568,61,61
45035_2019-09-05 11:00:00,2019236N10314,45035,Dorchester,2019-09-05 11:00:00,34,166133,78417.0,977.416666666667,34,8.17640307586365,1358370.37220246,1.41666666666667,2019,9,28.3825425624024,13.693661413527288,92.3026610939524,998.9651125323836,58,58
37031_2019-09-05 15:00:00,2019236N10314,37031,Carteret,2019-09-05 15:00:00,56,69380,58303.0,977.583333333333,56,10.8284479357838,751277.717784677,2.33333333333333,2019,9,30.752263753115045,12.371557530758603,102.10373626273609,979.7923042059464,80,80
37103_2019-09-05 16:00:00,2019236N10314,37103,Jones,2019-09-05 16:00:00,34,9233,5416.0,977.625,34,5.01715259052552,46323.3698683222,1.41666666666667,2019,9,29.854859982767408,13.742688316060386,129.0568911541824,987.2221711189516,58,58
37155_2019-09-06 00:00:00,2019236N10314,37155,Robeson,2019-09-06 00:00:00,24,116663,45365.0,977.958333333333,24,3.0851792984771,359926.272498233,1.0,2019,9,23.30896962535309,12.903809505551955,43.37413805399023,1000.317388438134,48,48
37117_2019-09-06 01:00:00,2019236N10314,37117,Martin,2019-09-06 01:00:00,35,21508,10233.0,978.0,35,3.49174240203264,75100.395582918,1.45833333333333,2019,9,24.19551422276448,10.804351247767146,74.58128940563687,995.2548677512884,59,59
37095_2019-09-06 03:00:00,2019236N10314,37095,Hyde,2019-09-06 03:00:00,108,4576,2969.0,978.083333333333,108,60.0533031355156,274803.915148119,4.5,2019,9,26.25800432782424,8.811811998947574,115.00700452015734,983.3640169613484,132,132
37137_2019-09-06 07:00:00,2019236N10314,37137,Pamlico,2019-09-06 07:00:00,55,12381,8598.0,978.25,55,22.0885098481529,273477.840429981,2.29166666666667,2019,9,29.326040127265102,10.822809390125967,124.4077716153722,983.5010512703687,79,79
37065_2019-09-06 07:00:00,2019236N10314,37065,Edgecombe,2019-09-06 07:00:00,36,48301,5518.0,978.25,36,2.3240304458137,112252.994563248,1.5,2019,9,22.01061628806794,9.468906702571646,48.3499589193056,998.38677974362,60,60
37187_2019-09-06 08:00:00,2019236N10314,37187,Washington,2019-09-06 08:00:00,58,10828,6002.0,978.291666666667,58,20.8884577884886,226180.220933755,2.41666666666667,2019,9,25.578216321000436,8.786788289357299,106.5447732270913,992.1954222035632,82,82
37013_2019-09-06 10:00:00,2019236N10314,37013,Beaufort,2019-09-06 10:00:00,61,44272,13472.0,978.375,61,19.1596074810836,848234.142402531,2.54166666666667,2019,9,27.846226944341893,8.98038663438882,108.55341896460187,989.7329719512196,85,85
37049_2019-09-06 10:00:00,2019236N10314,37049,Craven,2019-09-06 10:00:00,35,100874,28195.0,978.375,35,10.2326653661997,1032209.88615003,1.45833333333333,2019,9,29.717108076484635,11.302378251486441,110.32009872014807,986.2081795125932,59,59
37139_2019-09-06 11:00:00,2019236N10314,37139,Pasquotank,2019-09-06 11:00:00,60,40938,3943.0,978.416666666667,60,7.1716162671003,293591.626742552,2.5,2019,9,24.18469065056473,8.286678592196488,103.4893147861127,993.5579702868852,84,84
37177_2019-09-06 12:00:00,2019236N10314,37177,Tyrrell,2019-09-06 12:00:00,58,3365,2393.0,978.458333333333,58,33.4554951943168,112577.741328876,2.41666666666667,2019,9,24.78375775623172,8.928233959720755,109.05601477961012,989.4172306711146,82,82
37053_2019-09-06 13:00:00,2019236N10314,37053,Currituck,2019-09-06 13:00:00,48,31015,18594.0,978.5,48,21.0506110169385,652884.700690347,2.0,2019,9,26.865806719310445,10.051930582615862,100.16286199328569,992.1121697987652,72,72
37029_2019-09-06 14:00:00,2019236N10314,37029,Camden,2019-09-06 14:00:00,52,11088,3616.0,978.541666666667,52,19.7494469026549,218981.867256637,2.16666666666667,2019,9,24.52266867189522,8.729530788178527,98.8670401247106,993.770561464608,76,76
37055_2019-09-06 14:00:00,2019236N10314,37055,Dare,2019-09-06 14:00:00,62,37956,40310.0,978.541666666667,62,15.778583239006,598891.905419712,2.58333333333333,2019,9,26.51650194437212,10.034600476877412,76.41830413073797,984.4641439463956,86,86
48291_2019-09-18 16:00:00,2019261N28264,48291,Liberty,2019-09-18 16:00:00,46,101992,36935.0,990.625,46,2.16951428530384,221273.100986709,1.91666666666667,2019,9,15.593215635872998,8.244295658457784,333.88595099015765,1009.2438140742088,70,70
48167_2019-09-19 09:00:00,2019261N28264,48167,Galveston,2019-09-19 09:00:00,44,357117,93951.0,991.333333333333,44,2.48814807718917,888559.976881566,1.83333333333333,2019,9,10.91087937243631,8.88674240714577,58.842534309244385,1009.5186276102512,68,68
48361_2019-09-19 13:00:00,2019261N28264,48361,Orange,2019-09-19 13:00:00,28,84934,41037.0,991.5,28,1.95998732850842,166469.563759534,1.16666666666667,2019,9,9.32443250118916,6.857802997263828,104.93253413539678,1011.0542639696382,52,52
48071_2019-09-19 18:00:00,2019261N28264,48071,Chambers,2019-09-19 18:00:00,43,51288,19685.0,991.708333333333,43,2.69189009229753,138061.659053756,1.79166666666667,2019,9,10.258840099643768,7.903051661486387,84.27581862639974,1009.5836087704052,67,67
51149_2019-10-20 09:00:00,2019291N22264,51149,Prince George,2019-10-20 09:00:00,33,43134,5949.0,1022.33333333333,33,2.42745105013098,104705.67359635,1.375,2019,10,14.14033219393562,7.128330209170198,44.56339066458586,1003.4052601613564,57,57
22089_2019-10-25 15:00:00,2019299N25265,22089,St. Charles,2019-10-25 15:00:00,32,50998,22896.0,1027.58333333333,32,1.70498295492522,86950.7207352763,1.33333333333333,2019,10,22.16528564706788,8.429533906692042,76.1145709232544,999.8446781090156,56,56
22087_2019-10-25 21:00:00,2019299N25265,22087,St. Bernard,2019-10-25 21:00:00,30,44479,20124.0,1027.83333333333,30,0.307534999801311,13678.8492561625,1.25,2019,10,25.792188605795253,10.583978901375387,48.03716093139538,1004.2332040077688,54,54
28159_2019-10-25 22:00:00,2019299N25265,28159,Winston,2019-10-25 22:00:00,45,17543,6890.0,1027.875,45,4.37605224963716,76769.0846153846,1.875,2019,10,24.509313417794512,7.771005054587496,97.95785552195471,1002.4593143520452,69,69
21047_2019-10-26 04:00:00,2019299N25265,21047,Christian,2019-10-26 04:00:00,72,73037,6335.0,1028.125,72,10.0542814096834,734334.551319048,3.0,2019,10,22.595941671721388,6.486550182258128,45.21828118678019,997.5955951227388,96,96
21059_2019-10-26 10:00:00,2019299N25265,21059,Daviess,2019-10-26 10:00:00,32,103222,7741.0,1028.375,32,4.68100537203461,483182.736512156,1.33333333333333,2019,10,22.40915727706529,8.67684717094986,31.473862102529452,997.2304206500954,56,56
22051_2019-10-26 11:00:00,2019299N25265,22051,Jefferson,2019-10-26 11:00:00,31,425884,211716.0,1028.41666666667,31,2.52281735185929,1074427.54507924,1.29166666666667,2019,10,24.14823467613597,8.033370007441254,28.712889051103467,1001.2510716955742,55,55
22105_2019-10-26 11:00:00,2019299N25265,22105,Tangipahoa,2019-10-26 11:00:00,72,137048,67538.0,1028.41666666667,72,7.11007211346055,974421.163005542,3.0,2019,10,19.42692749404001,5.509697729823425,37.003148824414524,998.9837966708732,96,96
28147_2019-10-26 12:00:00,2019299N25265,28147,Walthall,2019-10-26 12:00:00,28,13761,5312.0,1028.45833333333,28,4.46869099339701,61493.6567601362,1.16666666666667,2019,10,20.605120106747275,6.795839678007031,31.597917443164683,1000.2216210447992,52,52
22117_2019-10-26 12:00:00,2019299N25265,22117,Washington,2019-10-26 12:00:00,38,45025,24115.0,1028.45833333333,38,5.10532863363052,229867.421729214,1.58333333333333,2019,10,20.751534303029374,5.983301761421372,31.11267762419412,999.8351804315472,62,62
22103_2019-10-26 12:00:00,2019299N25265,22103,St. Tammany,2019-10-26 12:00:00,39,273263,127484.0,1028.45833333333,39,6.5615655572136,1793033.08886086,1.625,2019,10,22.86937491628859,6.696696167073482,32.62491345629786,999.895628978588,63,63
28101_2019-10-26 13:00:00,2019299N25265,28101,Newton,2019-10-26 13:00:00,34,21029,6104.0,1028.5,34,8.37872563771661,176196.221435543,1.41666666666667,2019,10,24.175780070851022,7.238624422408668,29.52725850469751,1002.4488512478108,58,58
28127_2019-10-26 13:00:00,2019299N25265,28127,Simpson,2019-10-26 13:00:00,34,25587,9422.0,1028.5,34,6.96395369878725,178186.683290869,1.41666666666667,2019,10,18.152454299558777,6.524606386036232,30.62223373475062,1001.137189886455,58,58
28129_2019-10-26 13:00:00,2019299N25265,28129,Smith,2019-10-26 13:00:00,57,14092,4349.0,1028.5,57,21.8238617204918,307541.85936517,2.375,2019,10,23.677836214116944,5.726794932118131,30.405817647123634,1001.634222588154,81,81
28031_2019-10-26 13:00:00,2019299N25265,28031,Covington,2019-10-26 13:00:00,60,18098,7676.0,1028.5,60,17.8069306930693,322269.831683168,2.5,2019,10,25.17665295987516,5.549872243614995,28.946727190477915,1001.2387261977888,84,84
28061_2019-10-26 13:00:00,2019299N25265,28061,Jasper,2019-10-26 13:00:00,32,16167,8042.0,1028.5,32,5.06922142835653,81954.10283224,1.33333333333333,2019,10,26.197568173944592,7.359957018295588,25.206462793553673,1002.2951252773668,56,56
28065_2019-10-26 13:00:00,2019299N25265,28065,Jefferson Davis,2019-10-26 13:00:00,53,11088,5088.0,1028.5,53,18.012993560841,199728.072602605,2.20833333333333,2019,10,21.977033451891764,5.678182156297263,31.041907029303843,1000.9951415418706,77,77
28123_2019-10-26 14:00:00,2019299N25265,28123,Scott,2019-10-26 14:00:00,34,27707,7066.0,1028.54166666667,34,8.14468898904926,225664.897819588,1.41666666666667,2019,10,20.71487544059753,6.88491338825774,28.757803572031357,1001.7928428385416,58,58
28007_2019-10-26 16:00:00,2019299N25265,28007,Attala,2019-10-26 16:00:00,30,17509,5585.0,1028.625,30,5.78567591763653,101301.399641898,1.25,2019,10,18.37546018463672,6.830714865734075,28.271454281812588,1001.8208300913398,54,54
28019_2019-10-26 17:00:00,2019299N25265,28019,Choctaw,2019-10-26 17:00:00,50,8037,3935.0,1028.66666666667,50,7.33595933926302,58959.1052096569,2.08333333333333,2019,10,20.84561355398336,5.981961772987514,31.281155433693744,1001.860270391342,74,74
28025_2019-10-26 17:00:00,2019299N25265,28025,Clay,2019-10-26 17:00:00,26,18380,2538.0,1028.66666666667,26,3.97005516154452,72969.6138691883,1.08333333333333,2019,10,26.67956266250436,7.587266755136799,29.42195268416057,1002.171167405606,50,50
28139_2019-10-26 19:00:00,2019299N25265,28139,Tippah,2019-10-26 19:00:00,30,21431,10937.0,1028.75,30,6.4466489896681,138158.134497577,1.25,2019,10,22.325746822954468,6.7876758793339995,33.49227761453124,999.864323297234,54,54
47125_2019-10-26 22:00:00,2019299N25265,47125,Montgomery,2019-10-26 22:00:00,70,235201,92099.0,1028.875,70,12.152082942337,2858182.06012062,2.91666666666667,2019,10,22.574782006455116,5.642136475741426,11.70449140112577,998.632253636172,94,94
21219_2019-10-26 22:00:00,2019299N25265,21219,Todd,2019-10-26 22:00:00,48,12404,6471.0,1028.875,48,11.1727881402139,138587.264091214,2.0,2019,10,22.93453054353008,6.484457331692452,13.431354609178745,998.5789398786088,72,72
18153_2019-10-27 03:00:00,2019299N25265,18153,Sullivan,2019-10-27 03:00:00,33,20670,8554.0,1029.125,33,0.455342529810615,9411.93009118541,1.375,2019,10,20.085848088086397,8.330903390405513,32.10667542981842,995.6528249805498,57,57
22037_2019-10-29 20:00:00,2019299N25265,22037,East Feliciana,2019-10-29 20:00:00,50,19135,6040.0,1031.83333333333,50,0.118708609271523,2271.4892384106,2.08333333333333,2019,10,14.33945074103046,8.159654042881085,38.38978150052752,1010.9507994968822,74,74
39081_2020-05-25 21:00:00,2020148N32281,39081,Jefferson,2020-05-25 21:00:00,26,64330,34129.5,1240.83333333333,26,0.383077054229025,24643.3468985532,1.08333333333333,2020,5,9.565540384363244,5.307879864270911,0.9377923994964243,1016.3324474060458,50,50
54043_2020-05-28 07:00:00,2020148N32281,54043,Lincoln,2020-05-28 07:00:00,34,19901,11354.0,1243.25,34,0.440901884798309,8774.38840937115,1.41666666666667,2020,5,13.891197545904864,6.7763752477614725,40.068458802998066,1012.9851368421052,58,58
42007_2020-05-28 14:00:00,2020148N32281,42007,Beaver,2020-05-28 14:00:00,35,165677,48718.0,1243.54166666667,35,0.586699793610964,97202.6617060837,1.45833333333333,2020,5,14.254727225682402,6.953535608922844,36.283371042528486,1011.1234304989816,59,59
54087_2020-05-28 15:00:00,2020148N32281,54087,Roane,2020-05-28 15:00:00,49,13834,8573.11111111111,1243.58333333333,49,0.650989522700815,9005.78905704307,2.04166666666667,2020,5,13.940758464021505,6.489990876016151,52.80910726583931,1012.3954119988208,73,73
28143_2020-06-05 20:00:00,2020154N19269,28143,Tunica,2020-06-05 20:00:00,67,9458,5673.0,1251.79166666667,67,6.23989091535179,59016.8882773972,2.79166666666667,2020,6,18.556803350165332,7.247263131677593,28.799837739160743,998.2299715346536,91,91
28027_2020-06-05 22:00:00,2020154N19269,28027,Coahoma,2020-06-05 22:00:00,55,20197,5814.0,1251.875,55,0.889653833250765,17968.3384701657,2.29166666666667,2020,6,16.376118134479135,6.7038872335386825,18.76132174388689,1002.1041596247874,79,79
28127_2020-06-06 02:00:00,2020154N19269,28127,Simpson,2020-06-06 02:00:00,70,25587,9433.0,1252.04166666667,70,1.51167387881876,38679.1995373356,2.91666666666667,2020,6,20.19802007337858,9.785277721680751,49.8146736497281,997.009427878818,94,94
05019_2020-06-06 06:00:00,2020154N19269,05019,Clark,2020-06-06 06:00:00,35,21250,12126.0,1252.20833333333,35,4.04136843440658,85879.0792311398,1.45833333333333,2020,6,13.252767666617594,6.19691572972662,1.60497872486383,1006.6844200721154,59,59
05059_2020-06-06 06:00:00,2020154N19269,05059,Hot Spring,2020-06-06 06:00:00,49,33203,16563.0,1252.20833333333,49,0.632052074569848,20986.0250319426,2.04166666666667,2020,6,15.022580124402827,6.941417704007376,19.1103722113119,1001.4990455056728,73,73
05109_2020-06-06 08:00:00,2020154N19269,05109,Pike,2020-06-06 08:00:00,86,10179,10039.0,1252.29166666667,86,5.24078077109499,53345.9074689759,3.58333333333333,2020,6,16.75797517740043,8.345129013171965,44.121446762720396,999.3152114848724,110,110
05057_2020-06-06 08:00:00,2020154N19269,05057,Hempstead,2020-06-06 08:00:00,61,19453,5270.0,1252.29166666667,61,3.6314990512334,70643.5510436433,2.54166666666667,2020,6,13.40533024080338,7.035785438117762,48.072051099471516,999.4843291330646,85,85
28157_2020-06-08 15:00:00,2020154N19269,28157,Wilkinson,2020-06-08 15:00:00,49,8143,5993.0,1254.58333333333,49,0.157016519272485,1278.58551643584,2.04166666666667,2020,6,18.557573263865734,9.204503239828151,54.65900057259395,994.8572775559838,73,73
05099_2020-06-09 01:00:00,2020154N19269,05099,Nevada,2020-06-09 01:00:00,39,8181,3593.0,1255.0,39,0.362072436960447,2962.11460677342,1.625,2020,6,14.901652029156685,10.28575720515043,70.43213711876888,998.8649321289064,63,63
28063_2020-06-09 04:00:00,2020154N19269,28063,Jefferson,2020-06-09 04:00:00,45,7087,4883.0,1255.125,45,0.37625383828045,2666.51095189355,1.875,2020,6,16.515986939812453,8.80694082879996,20.276655169414056,999.958262858706,69,69
05039_2020-06-09 18:00:00,2020154N19269,05039,Dallas,2020-06-09 18:00:00,58,6191,4413.8,1255.70833333333,58,2.07749830047587,12861.7919782461,2.41666666666667,2020,6,14.64997135241007,7.706434677128409,2.406439748050889,1001.9763328424154,82,82
22087_2020-06-10 15:00:00,2020154N19269,22087,St. Bernard,2020-06-10 15:00:00,34,44479,20264.0,1256.58333333333,34,0.152832609553889,6797.84164034741,1.41666666666667,2020,6,12.186475925750878,8.324499877600465,3.9457513213248854,1013.1795873057912,58,58
55119_2020-06-11 23:00:00,2020154N19269,55119,Taylor,2020-06-11 23:00:00,37,19975,6457.0,1257.91666666667,37,0.391150586007392,7813.23295549765,1.54166666666667,2020,6,16.474129143476688,8.071770159724693,1.663625185542246,1012.35001904838,61,61
36079_2020-07-08 19:00:00,2020188N28271,36079,Putnam,2020-07-08 19:00:00,29,98045,43843.0,1284.75,29,0.191288111037645,18754.8428466859,1.20833333333333,2020,7,8.88187218391174,5.265944147945643,4.380882455838107,1014.3386757673488,53,53
45047_2020-07-09 11:00:00,2020188N28271,45047,Greenwood,2020-07-09 11:00:00,33,69267,25687.0,1285.41666666667,33,0.844084556390392,58467.2049674933,1.375,2020,7,8.118262509050586,3.898696633211723,3.436019210427564,1010.5015654235966,57,57
01087_2020-07-12 23:00:00,2020188N28271,01087,Macon,2020-07-12 23:00:00,74,18516,3266.0,1288.91666666667,74,0.781996325780772,14479.4439681568,3.08333333333333,2020,7,10.18126216358774,4.113822213914713,19.410667980203115,1009.1681687548754,98,98
13315_2020-07-13 13:00:00,2020188N28271,13315,Wilcox,2020-07-13 13:00:00,63,8761,4845.0,1289.5,63,3.52631578947368,30894.052631579,2.625,2020,7,9.271298398776931,5.008023512187264,9.133783121574291,1009.2964269770408,87,87
48355_2020-07-25 18:00:00,2020205N26272,48355,Nueces,2020-07-25 18:00:00,35,351674,152300.0,1301.70833333333,35,5.73629560585751,2017306.02089433,1.45833333333333,2020,7,28.533208142193107,15.171846567775702,93.50488559390193,998.801838894145,59,59
48489_2020-07-25 20:00:00,2020205N26272,48489,Willacy,2020-07-25 20:00:00,193,20143,7815.0,1301.79166666667,193,80.8647283211333,1628858.22257259,8.04166666666667,2020,7,27.42003498207145,9.750696563218689,229.84875958273506,993.2536036352042,217,168
48261_2020-07-26 00:00:00,2020205N26272,48261,Kenedy,2020-07-26 00:00:00,74,358,1007.0,1301.95833333333,74,16.4274880489199,5881.04072151332,3.08333333333333,2020,7,30.220384317551744,11.09079272423865,179.20376331481168,993.1437114106108,98,98
48061_2020-07-26 00:00:00,2020205N26272,48061,Cameron,2020-07-26 00:00:00,68,425208,111890.0,1301.95833333333,68,9.70154867771701,4125176.11015469,2.83333333333333,2020,7,29.032213614020545,11.60067142529376,299.83014320837395,996.5628298467274,92,92
48047_2020-07-26 02:00:00,2020205N26272,48047,Brooks,2020-07-26 02:00:00,71,6906,4656.0,1302.04166666667,71,10.5559078569029,72899.0996597717,2.95833333333333,2020,7,27.48451772161697,11.092250426975943,122.5063211601057,997.1341958667048,95,95
48215_2020-07-26 02:00:00,2020205N26272,48215,Hidalgo,2020-07-26 02:00:00,92,888367,315601.0,1302.04166666667,92,19.3135311517664,17157503.7287012,3.83333333333333,2020,7,24.399542940812506,10.059400928746495,200.52849465354913,997.6633619550856,116,116
48427_2020-07-26 06:00:00,2020205N26272,48427,Starr,2020-07-26 06:00:00,66,65728,25662.0,1302.20833333333,66,11.3199889716743,744040.23513021,2.75,2020,7,25.599356232941247,11.01846756259806,165.4789210437911,995.1606395050736,90,90
48311_2020-07-26 10:00:00,2020205N26272,48311,McMullen,2020-07-26 10:00:00,33,576,546.0,1302.375,33,1.04288959985162,600.704409514536,1.375,2020,7,19.45210592725636,11.24648671515183,19.57682014599574,1007.3500129286504,57,57
48057_2020-07-28 22:00:00,2020205N26272,48057,Calhoun,2020-07-28 22:00:00,27,19706,7683.0,1304.875,27,1.89066770792659,37257.4978524014,1.125,2020,7,10.600014249326684,6.658705707484416,11.453563815880962,1012.786149333004,51,51
48273_2020-07-29 19:00:00,2020205N26272,48273,Kleberg,2020-07-29 19:00:00,41,30362,16424.3333333333,1305.75,41,0.330129150203456,10023.3812584773,1.70833333333333,2020,7,11.69043796897165,7.798770178352291,5.082663304462479,1012.2808531038444,65,65
51145_2020-07-31 23:00:00,2020211N13306,51145,Powhatan,2020-07-31 23:00:00,88,31489,12615.0,1307.91666666667,88,0.711487886833552,22404.0420685017,3.66666666666667,2020,7,16.30225457678308,7.005708310034845,98.02587616902132,1004.781682145979,112,112
33007_2020-08-03 00:00:00,2020211N13306,33007,Coos,2020-08-03 00:00:00,56,31504,24135.0,1309.95833333333,56,0.644567419118357,20306.4519719047,2.33333333333333,2020,8,28.12856508334152,10.744137138005977,25.054508680456507,1002.407819660568,80,80
37055_2020-08-03 01:00:00,2020211N13306,37055,Dare,2020-08-03 01:00:00,40,37956,41537.0,1310.0,40,1.59627180737591,60588.0927207601,1.66666666666667,2020,8,28.216896112363283,11.783162278227064,7.893681108437418,1007.356060150955,64,64
51181_2020-08-04 00:00:00,2020211N13306,51181,Surry,2020-08-04 00:00:00,66,6527,2806.66666666667,1310.95833333333,66,3.03760976989028,19826.4789680739,2.75,2020,8,20.538194147745763,6.157756952645401,41.980715475581356,998.6338430397726,90,90
37019_2020-08-04 04:00:00,2020211N13306,37019,Brunswick,2020-08-04 04:00:00,36,153064,103584.0,1311.125,36,8.67058828731869,1327154.92561015,1.5,2020,8,29.96182137414607,9.767091352928619,77.0064094614598,999.1244475806452,60,60
37129_2020-08-04 05:00:00,2020211N13306,37129,New Hanover,2020-08-04 05:00:00,37,234921,132080.5,1311.16666666667,37,12.2163260672116,2869871.53603542,1.54166666666667,2020,8,33.87371675621508,9.831110539496418,63.0522441500328,1000.6143708271514,61,61
37141_2020-08-04 05:00:00,2020211N13306,37141,Pender,2020-08-04 05:00:00,38,65737,34969.0,1311.16666666667,38,14.1632820893563,931051.674708015,1.58333333333333,2020,8,30.053011682078143,8.49220704450333,60.0064088563336,999.2663009193088,62,62
37103_2020-08-04 06:00:00,2020211N13306,37103,Jones,2020-08-04 06:00:00,38,9233,5477.66666666667,1311.20833333333,38,11.706976904518,108090.517759414,1.58333333333333,2020,8,29.70921050733136,8.390524246938272,29.10306612067225,999.977915984123,62,62
37133_2020-08-04 06:00:00,2020211N13306,37133,Onslow,2020-08-04 06:00:00,65,207298,89563.0,1311.20833333333,65,7.88630368288329,1634814.98085434,2.70833333333333,2020,8,31.615351001548564,7.563164716841248,44.27135806665603,1001.1694271665336,89,89
36079_2020-08-04 06:00:00,2020211N13306,36079,Putnam,2020-08-04 06:00:00,128,98045,43850.0,1311.20833333333,128,57.7263272853556,5659777.75869269,5.33333333333333,2020,8,27.26043145936579,5.776694123051456,35.22194310147779,997.4298915702848,152,152
37015_2020-08-04 07:00:00,2020211N13306,37015,Bertie,2020-08-04 07:00:00,102,17240,5939.0,1311.25,102,15.5763795552749,268536.783532939,4.25,2020,8,23.81558359254082,5.843791675415299,66.30562257970561,999.1267796776727,126,126
51800_2020-08-04 09:00:00,2020211N13306,51800,Suffolk,2020-08-04 09:00:00,45,98537,38104.0,1311.33333333333,45,11.8166721475806,1164379.42340614,1.875,2020,8,23.450076105402804,7.231490203346508,20.052539006988887,999.638965158046,69,69
37139_2020-08-04 09:00:00,2020211N13306,37139,Pasquotank,2020-08-04 09:00:00,32,40938,5053.0,1311.33333333333,32,4.67286760340392,191297.85394815,1.33333333333333,2020,8,26.123670215294013,8.726278503661414,10.868192247313555,1002.8125202356558,56,56
37187_2020-08-04 09:00:00,2020211N13306,37187,Washington,2020-08-04 09:00:00,37,10828,8007.0,1311.33333333333,37,8.09366804046459,87638.2375421506,1.54166666666667,2020,8,26.502518595936145,8.192499716796572,11.066583688066244,1001.828753833236,61,61
37143_2020-08-04 09:00:00,2020211N13306,37143,Perquimans,2020-08-04 09:00:00,29,13210,3490.0,1311.33333333333,29,4.9815635950793,65806.4550909976,1.20833333333333,2020,8,26.45879975132559,8.85182860196994,10.43685891226619,1002.014078663793,53,53
51175_2020-08-04 09:00:00,2020211N13306,51175,Southampton,2020-08-04 09:00:00,43,17932,6766.5,1311.33333333333,43,10.8033265351326,193725.251427997,1.79166666666667,2020,8,19.38893167153681,6.70485200275393,42.36344320665603,998.5932571476064,67,67
37117_2020-08-04 09:00:00,2020211N13306,37117,Martin,2020-08-04 09:00:00,37,21508,11301.0,1311.33333333333,37,9.79641706424322,210701.338217743,1.54166666666667,2020,8,25.324719246146604,7.895221165754876,22.701482238612837,999.4357184278348,61,61
51550_2020-08-04 10:00:00,2020211N13306,51550,Chesapeake,2020-08-04 10:00:00,34,252488,103433.0,1311.375,34,7.39831581796912,1867985.96424739,1.41666666666667,2020,8,25.84753970554896,8.28053266403123,12.621078086750845,1001.0617370535714,58,58
37053_2020-08-04 10:00:00,2020211N13306,37053,Currituck,2020-08-04 10:00:00,36,31015,18811.0,1311.375,36,4.99509052316047,154922.732575822,1.5,2020,8,28.59149183244072,8.874770230017624,9.95050314528268,1004.169515012777,60,60
37029_2020-08-04 10:00:00,2020211N13306,37029,Camden,2020-08-04 10:00:00,32,11088,3620.0,1311.375,32,6.98563535911602,77456.7248618785,1.33333333333333,2020,8,26.03650207979133,8.745826721909534,10.916784304721526,1002.8350237669426,56,56
51700_2020-08-04 10:00:00,2020211N13306,51700,Newport News,2020-08-04 10:00:00,86,184306,83506.0,1311.375,86,9.18295691327569,1692474.05685819,3.58333333333333,2020,8,22.6902183172271,6.128484988912311,36.1256615779414,999.0258421505906,110,110
51093_2020-08-04 10:00:00,2020211N13306,51093,Isle of Wight,2020-08-04 10:00:00,37,40151,14623.0,1311.375,37,4.89385758568091,196493.275922674,1.54166666666667,2020,8,21.22275440206208,7.228838285577945,22.78656829677964,999.193305878553,61,61
37073_2020-08-04 11:00:00,2020211N13306,37073,Gates,2020-08-04 11:00:00,37,10383,4278.5,1311.41666666667,37,11.9562318449461,124141.555246076,1.54166666666667,2020,8,23.66452567369768,7.6232587488945756,19.511343871973118,999.769259564644,61,61
37091_2020-08-04 11:00:00,2020211N13306,37091,Hertford,2020-08-04 11:00:00,31,20875,9617.5,1311.41666666667,31,6.16817378650868,128760.627793369,1.29166666666667,2020,8,22.622721824646,8.002695391667354,27.426414335412638,999.086484375,55,55
37041_2020-08-04 11:00:00,2020211N13306,37041,Chowan,2020-08-04 11:00:00,39,13940,3472.0,1311.41666666667,39,15.6036011061741,217514.199420067,1.625,2020,8,26.078905715633503,7.678616023034549,13.26971495833233,1000.8522482287452,63,63
51650_2020-08-04 11:00:00,2020211N13306,51650,Hampton,2020-08-04 11:00:00,39,138037,64287.0,1311.41666666667,39,8.16997215611243,1127758.44651329,1.625,2020,8,25.50495670647021,7.813932373610679,17.03395368839731,999.977451883278,63,63
51095_2020-08-04 11:00:00,2020211N13306,51095,James City,2020-08-04 11:00:00,34,81199,38466.0,1311.41666666667,34,1.81435553475797,147323.855066812,1.41666666666667,2020,8,21.36259950336657,7.146773574313323,33.45125693533766,998.5355657894738,58,58
51073_2020-08-04 11:00:00,2020211N13306,51073,Gloucester,2020-08-04 11:00:00,51,39493,19518.0,1311.41666666667,51,6.98432216415616,275831.835229019,2.125,2020,8,22.52932079165589,7.282000862528815,45.815687387682544,998.9308606515522,75,75
51119_2020-08-04 11:00:00,2020211N13306,51119,Middlesex,2020-08-04 11:00:00,62,10943,10238.5,1311.41666666667,62,4.88205428627221,53424.3200546768,2.58333333333333,2020,8,21.751923129089874,6.601054365131162,51.15985664395758,998.489759949252,86,86
51127_2020-08-04 11:00:00,2020211N13306,51127,New Kent,2020-08-04 11:00:00,38,24986,10707.0,1311.41666666667,38,2.62949472307836,65700.5551508359,1.58333333333333,2020,8,20.516627060739616,6.282756560306815,37.966468077349035,999.3918060475708,62,62
51133_2020-08-04 12:00:00,2020211N13306,51133,Northumberland,2020-08-04 12:00:00,42,12302,12341.0,1311.45833333333,42,7.66510007292764,94296.0610971558,1.75,2020,8,23.90934878758021,7.873086507713753,52.93116057587284,998.276244047619,66,66
51810_2020-08-04 12:00:00,2020211N13306,51810,Virginia Beach,2020-08-04 12:00:00,31,455618,199697.0,1311.45833333333,31,5.80199001487253,2643491.08659619,1.29166666666667,2020,8,28.70892414410294,8.949162652820785,10.888140270309934,1002.4496559175532,55,55
51115_2020-08-04 12:00:00,2020211N13306,51115,Mathews,2020-08-04 12:00:00,34,8490,6685.0,1311.45833333333,34,8.58175018698579,72859.0590875094,1.41666666666667,2020,8,26.25578691014704,8.83686799103359,35.16263531626395,999.1784142099054,58,58
51103_2020-08-04 12:00:00,2020211N13306,51103,Lancaster,2020-08-04 12:00:00,35,10750,9733.0,1311.45833333333,35,6.27196136854002,67423.5847118052,1.45833333333333,2020,8,22.88062382941466,7.909045944297732,38.18109463393751,998.3690984571132,59,59
51131_2020-08-04 12:00:00,2020211N13306,51131,Northampton,2020-08-04 12:00:00,28,11900,9271.33333333333,1311.45833333333,28,5.0653354323058,60277.4916444391,1.16666666666667,2020,8,31.320429184333864,10.40561588349157,17.33257058875303,1001.2295636121646,52,52
51740_2020-08-04 12:00:00,2020211N13306,51740,Portsmouth,2020-08-04 12:00:00,43,97029,44936.0,1311.45833333333,43,8.71724230016023,845825.303142247,1.79166666666667,2020,8,25.42263459186165,7.629755922689912,18.01155376419121,1000.6505404974492,67,67
51183_2020-08-04 12:00:00,2020211N13306,51183,Sussex,2020-08-04 12:00:00,33,10680,4533.0,1311.45833333333,33,1.81082593617509,19339.62099835,1.375,2020,8,18.9935587893874,6.884866950939914,44.87795193198035,999.2391961739544,57,57
51735_2020-08-04 13:00:00,2020211N13306,51735,Poquoson,2020-08-04 13:00:00,33,12582,5448.0,1311.5,33,7.16244493392071,90117.8821585903,1.375,2020,8,26.803175303141277,8.881104579724761,27.460068998237453,999.4967145833332,57,57
51097_2020-08-04 14:00:00,2020211N13306,51097,King and Queen,2020-08-04 14:00:00,29,6718,4212.1,1311.54166666667,29,2.8112983622122,18886.3023973416,1.20833333333333,2020,8,19.78794247763497,6.950467486728554,39.28214411650386,999.299065625,53,53
34011_2020-08-04 16:00:00,2020211N13306,34011,Cumberland,2020-08-04 16:00:00,52,151356,36195.0,1311.625,52,12.1643817808863,1841152.16882783,2.16666666666667,2020,8,29.473663809451644,7.760081113919966,48.235145188184404,996.8594047124336,76,76
24011_2020-08-04 16:00:00,2020211N13306,24011,Caroline,2020-08-04 16:00:00,24,33433,15964.0,1311.625,24,2.12105946258325,70913.3810125457,1.0,2020,8,24.78518001973128,8.417975428224612,41.60487033030232,997.6737042629552,48,48
34009_2020-08-04 16:00:00,2020211N13306,34009,Cape May,2020-08-04 16:00:00,51,95634,111138.0,1311.625,51,5.68442116844183,543623.934022766,2.125,2020,8,32.49947191188357,8.486262089717263,22.07336856090293,998.8000862108236,75,75
34021_2020-08-04 17:00:00,2020211N13306,34021,Mercer,2020-08-04 17:00:00,52,380688,168215.0,1311.66666666667,52,9.00969592485807,3429883.12224237,2.16666666666667,2020,8,27.291903997927296,6.52087087031978,33.526355153595915,996.1610848214284,76,76
42017_2020-08-04 17:00:00,2020211N13306,42017,Bucks,2020-08-04 17:00:00,85,645054,266453.0,1311.66666666667,85,7.45419192704291,4808356.31930673,3.54166666666667,2020,8,24.114673368481625,5.600143788346203,64.2067693389844,997.576787817029,109,109
34029_2020-08-04 17:00:00,2020211N13306,34029,Ocean,2020-08-04 17:00:00,72,655735,307607.0,1311.66666666667,72,18.6170303566003,12207838.4008853,3.0,2020,8,31.39184377881378,7.334391312921549,22.20519614431697,998.629464395998,96,96
34001_2020-08-04 17:00:00,2020211N13306,34001,Atlantic,2020-08-04 17:00:00,58,275638,136169.0,1311.66666666667,58,10.0284807482064,2764230.37647412,2.41666666666667,2020,8,30.94631821991967,7.846585135578745,22.248755879649288,998.0943662482924,82,82
42029_2020-08-04 17:00:00,2020211N13306,42029,Chester,2020-08-04 17:00:00,87,545823,226585.0,1311.66666666667,87,13.0793840300012,7139028.62940736,3.625,2020,8,22.49525576865096,5.300475818954126,94.07068927659087,999.696625405844,111,111
34033_2020-08-04 17:00:00,2020211N13306,34033,Salem,2020-08-04 17:00:00,25,65117,30507.0,1311.66666666667,25,3.27781265782622,213441.32683967,1.04166666666667,2020,8,24.60583342093008,8.049302546375493,47.19027427289589,996.3862687114196,49,49
24029_2020-08-04 17:00:00,2020211N13306,24029,Kent,2020-08-04 17:00:00,45,19320,12107.0,1311.66666666667,45,0.524907606757479,10141.2149625545,1.875,2020,8,23.04080666621179,6.742335364785528,77.41939797326432,999.1564942685588,69,69
34039_2020-08-04 18:00:00,2020211N13306,34039,Union,2020-08-04 18:00:00,78,569815,233534.0,1311.70833333333,78,10.4553864137242,5957636.00933626,3.25,2020,8,28.813944388562305,6.137951347109013,37.38220545690595,996.563076402559,102,102
36085_2020-08-04 18:00:00,2020211N13306,36085,Richmond,2020-08-04 18:00:00,73,491133,180781.0,1311.70833333333,73,7.09028050514158,3482270.7353317,3.04166666666667,2020,8,29.05322820198636,6.3906603358517495,21.51947551477356,997.0191865808822,97,97
34027_2020-08-04 18:00:00,2020211N13306,34027,Morris,2020-08-04 18:00:00,105,511151,203598.0,1311.70833333333,105,38.9865753728222,19928026.9883934,4.375,2020,8,27.150827920258937,5.491422126693996,55.2930817730836,996.6441570953826,129,129
34025_2020-08-04 18:00:00,2020211N13306,34025,Monmouth,2020-08-04 18:00:00,101,644098,293049.0,1311.70833333333,101,34.5964442319057,22283500.536882,4.20833333333333,2020,8,29.69939695085798,6.140244322436835,22.696351342758685,997.2734403162552,125,125
34019_2020-08-04 18:00:00,2020211N13306,34019,Hunterdon,2020-08-04 18:00:00,87,129777,60747.0,1311.70833333333,87,19.5325201244506,2534871.86419082,3.625,2020,8,23.435523063782224,5.660352302152256,59.92184253783529,996.6554668674698,111,111
42011_2020-08-04 18:00:00,2020211N13306,42011,Berks,2020-08-04 18:00:00,28,430449,188720.0,1311.70833333333,28,2.40900723199833,1036954.75400645,1.16666666666667,2020,8,20.0698819928918,6.410801367174647,70.20440131949246,1002.6602179106408,52,52
34037_2020-08-04 18:00:00,2020211N13306,34037,Sussex,2020-08-04 18:00:00,97,146084,72405.0,1311.70833333333,97,18.8154606281469,2748637.75040222,4.04166666666667,2020,8,21.98151777919969,5.303149366129889,67.07366832262394,997.6790217670638,121,121
34023_2020-08-04 18:00:00,2020211N13306,34023,Middlesex,2020-08-04 18:00:00,50,861418,344712.0,1311.70833333333,50,8.08346967903641,6963246.28397619,2.08333333333333,2020,8,28.05606721829967,6.8106705020997245,23.54960167827476,996.13892134979,74,74
34041_2020-08-04 18:00:00,2020211N13306,34041,Warren,2020-08-04 18:00:00,73,110926,51931.0,1311.70833333333,73,11.0912358851859,1230306.43180014,3.04166666666667,2020,8,21.26136931813434,5.655779256016115,68.34925088375661,998.2447537820908,97,97
34035_2020-08-04 18:00:00,2020211N13306,34035,Somerset,2020-08-04 18:00:00,86,346875,150931.0,1311.70833333333,86,11.6057500785358,4025744.55849211,3.58333333333333,2020,8,27.171460295996965,5.890966298041845,45.59300540053791,996.0506083086054,110,110
34031_2020-08-04 19:00:00,2020211N13306,34031,Passaic,2020-08-04 19:00:00,98,513936,203351.0,1311.75,98,13.8537741504039,7119953.27176197,4.08333333333333,2020,8,28.44500922293685,5.597292011246273,53.128268771986086,996.4235329468326,122,122
36027_2020-08-04 19:00:00,2020211N13306,36027,Dutchess,2020-08-04 19:00:00,84,297545,136537.0,1311.75,84,18.2171352820115,5420417.5174861,3.5,2020,8,25.40924387595054,5.570919995745972,40.130271821273915,997.476012642497,108,108
34003_2020-08-04 19:00:00,2020211N13306,34003,Bergen,2020-08-04 19:00:00,100,952997,411460.0,1311.75,100,17.4185372234242,16599813.7183116,4.16666666666667,2020,8,30.232987188523825,5.735093775202407,43.788012995060846,996.6674686379928,124,124
34013_2020-08-04 19:00:00,2020211N13306,34013,Essex,2020-08-04 19:00:00,84,849477,365572.0,1311.75,84,8.80995809307059,7483856.77102732,3.5,2020,8,28.79332876858646,6.027185923856023,39.51514165925041,996.3847854238014,108,108
36087_2020-08-04 19:00:00,2020211N13306,36087,Rockland,2020-08-04 19:00:00,86,339022,117172.0,1311.75,86,21.8192418536458,7397203.0117067,3.58333333333333,2020,8,29.524349466959634,5.826730518495195,42.376232114103104,996.9217555555556,110,110
36071_2020-08-04 19:00:00,2020211N13306,36071,Orange,2020-08-04 19:00:00,72,405941,162449.0,1311.75,72,15.5414290977582,6308903.26937304,3.0,2020,8,23.037817229026277,5.680184618278324,54.55740659414786,997.6699842931936,96,96
36111_2020-08-04 20:00:00,2020211N13306,36111,Ulster,2020-08-04 20:00:00,31,182319,95979.0,1311.79166666667,31,3.34537763469092,609925.904979214,1.29166666666667,2020,8,18.926291741121023,7.268073228956504,64.7751755473216,998.8850065547052,55,55
36059_2020-08-04 20:00:00,2020211N13306,36059,Nassau,2020-08-04 20:00:00,139,1383726,488488.0,1311.79166666667,139,25.1955738355529,34863770.6011743,5.79166666666667,2020,8,31.21847954022109,6.383077782869463,25.82529604919916,998.8779684418146,163,163
34017_2020-08-04 20:00:00,2020211N13306,34017,Hudson,2020-08-04 20:00:00,24,703366,341435.0,1311.79166666667,24,1.60422920907347,1128360.28186917,1.0,2020,8,29.59482262351296,8.0603071719107,17.772656216314346,996.8558830492424,48,48
36119_2020-08-04 20:00:00,2020211N13306,36119,Westchester,2020-08-04 20:00:00,132,990427,393323.0,1311.79166666667,132,25.4729420857667,25229089.6111796,5.5,2020,8,29.933061978519483,5.818339630748554,32.58102436620342,997.7608022572496,156,156
25003_2020-08-04 21:00:00,2020211N13306,25003,Berkshire,2020-08-04 21:00:00,35,127859,76758.0,1311.83333333333,35,4.39396544985539,561808.02845306,1.45833333333333,2020,8,29.05990710424113,8.78508280332201,29.447589529307066,998.831152308044,59,59
36105_2020-08-04 21:00:00,2020211N13306,36105,Sullivan,2020-08-04 21:00:00,48,79658,57519.0,1311.83333333333,48,5.86407495709415,467120.482932206,2.0,2020,8,19.018244044657013,6.1156792951378085,62.38351417533405,1001.0455248873128,72,72
25013_2020-08-04 22:00:00,2020211N13306,25013,Hampden,2020-08-04 22:00:00,69,461041,144083.0,1311.875,69,12.1191674243318,5587433.06848136,2.875,2020,8,27.95268127099792,6.884996369715667,17.182349404282213,1001.0001314450476,93,93
25027_2020-08-04 23:00:00,2020211N13306,25027,Worcester,2020-08-04 23:00:00,27,862927,326969.0,1311.91666666667,27,3.82703559052999,3302452.34102927,1.125,2020,8,27.960398754441588,9.73638392985795,8.712791386371537,1004.0803155377188,51,51
33019_2020-08-04 23:00:00,2020211N13306,33019,Sullivan,2020-08-04 23:00:00,72,43958,25459.0,1311.91666666667,72,4.41856733260264,194231.382806547,3.0,2020,8,24.15872864075649,6.9454573791612075,21.636626479089443,1000.7038475356868,96,96
25015_2020-08-04 23:00:00,2020211N13306,25015,Hampshire,2020-08-04 23:00:00,41,162588,64304.0,1311.91666666667,41,4.57425665588455,743719.241166957,1.70833333333333,2020,8,27.2931070204704,7.99679188124891,18.621780685780028,1000.9266573840724,65,65
33009_2020-08-05 00:00:00,2020211N13306,33009,Grafton,2020-08-05 00:00:00,29,91126,53943.3333333333,1311.95833333333,29,3.85249265648417,351062.245814776,1.20833333333333,2020,8,26.93611509074336,10.494235145455669,20.55114227873476,1001.5969036458332,53,53
33003_2020-08-05 01:00:00,2020211N13306,33003,Carroll,2020-08-05 01:00:00,40,52199,43397.0,1312.0,40,5.30537338620065,276935.185386288,1.66666666666667,2020,8,25.931995158653837,9.927368017419242,27.178935783571276,1004.0371340113828,64,64
23017_2020-08-05 01:00:00,2020211N13306,23017,Oxford,2020-08-05 01:00:00,26,59495,41262.0,1312.0,26,4.1444185933789,246572.184213077,1.08333333333333,2020,8,24.77900712351242,10.213936388013542,22.758225803692696,1004.1513138136328,50,50
36103_2020-08-05 02:00:00,2020211N13306,36103,Suffolk,2020-08-05 02:00:00,117,1525465,637959.0,1312.04166666667,117,21.310960050126,32509123.6728655,4.875,2020,8,28.42676993732902,7.065548772622341,9.603890606745368,1003.49359778339,141,141
23007_2020-08-05 03:00:00,2020211N13306,23007,Franklin,2020-08-05 03:00:00,44,30474,23408.0,1312.08333333333,44,1.55327238550923,47334.4226760082,1.83333333333333,2020,8,26.39274931991563,10.083536359926677,20.201340341956385,1004.484623011767,68,68
18129_2020-08-25 08:00:00,2020233N14313,18129,Posey,2020-08-25 08:00:00,31,25063,12495.0,1332.29166666667,31,0.201040416166467,5038.67595038015,1.29166666666667,2020,8,9.85699374757964,4.376334942904386,0.1186264700245581,1014.592648527299,55,55
22047_2020-08-26 00:00:00,2020233N14313,22047,Iberville,2020-08-26 00:00:00,47,29506,9124.0,1332.95833333333,47,1.58768084173608,46846.1109162648,1.95833333333333,2020,8,25.77879376613552,12.49710719331908,82.60799198904115,1004.0834520947802,142,142
22125_2020-08-26 23:00:00,2020233N14313,22125,West Feliciana,2020-08-26 23:00:00,28,15381,6388.0,1333.91666666667,28,3.55363389591053,54658.4429529999,1.16666666666667,2020,8,30.251654343120315,14.122076414957721,60.35802582494615,1003.6668487736408,104,104
22085_2020-08-27 00:00:00,2020233N14313,22085,Sabine,2020-08-27 00:00:00,287,21985,15378.0,1333.95833333333,287,157.241926027814,3456963.7437215,11.9583333333333,2020,8,33.61394036508992,8.673723459875143,180.52674502317228,990.1678495271794,311,168
05095_2020-08-27 03:00:00,2020233N14313,05095,Monroe,2020-08-27 03:00:00,45,6564,7076.0,1334.08333333333,45,0.60947880181322,4000.61885510197,1.875,2020,8,24.438618050928795,10.958672549246751,91.36605157801226,1001.1786709014798,69,69
22113_2020-08-27 05:00:00,2020233N14313,22113,Vermilion,2020-08-27 05:00:00,70,56952,23013.0,1334.16666666667,70,31.5272509320219,1795539.99508051,2.91666666666667,2020,8,38.10719552293703,12.053188829377566,222.1639961571734,997.7265444435324,188,168
22077_2020-08-27 05:00:00,2020233N14313,22077,Pointe Coupee,2020-08-27 05:00:00,41,20151,5078.0,1334.16666666667,41,4.42674281213076,89203.2944072469,1.70833333333333,2020,8,31.614778744031312,12.381154764464833,76.19311482556267,1002.6792564747432,130,130
22019_2020-08-27 05:00:00,2020233N14313,22019,Calcasieu,2020-08-27 05:00:00,690,202418,104854.0,1334.16666666667,690,451.662331760696,91424585.8703366,28.75,2020,8,31.47854594520432,10.526938169408279,186.99617635437676,981.556572568791,1428,168
22023_2020-08-27 05:00:00,2020233N14313,22023,Cameron,2020-08-27 05:00:00,620,4902,2040.5,1334.16666666667,620,514.150155998121,2520364.06470279,25.8333333333333,2020,8,39.07776729647451,12.203065865075851,200.10217985173298,984.242962511417,1288,168
22011_2020-08-27 06:00:00,2020233N14313,22011,Beauregard,2020-08-27 06:00:00,807,36570,22189.0,1334.20833333333,807,335.217536540899,12258905.3113007,33.625,2020,8,33.61634225510714,10.13322660215915,282.5635680659234,983.8945095257676,1662,168
22003_2020-08-27 06:00:00,2020233N14313,22003,Allen,2020-08-27 06:00:00,662,22320,12728.0,1334.20833333333,662,231.135772613878,5158950.44474177,27.5833333333333,2020,8,40.88653821805876,11.289039040504397,290.79550756005494,987.5040647825364,1372,168
28137_2020-08-27 06:00:00,2020233N14313,28137,Tate,2020-08-27 06:00:00,25,28296,13375.0,1334.20833333333,25,0.587364485981309,16620.0654953271,1.04166666666667,2020,8,20.739780213068983,11.591211951272614,33.22078588359889,1005.3840884784586,49,49
22053_2020-08-27 06:00:00,2020233N14313,22053,Jefferson Davis,2020-08-27 06:00:00,396,32026,12516.0,1334.20833333333,396,137.260247469913,4395896.68547143,16.5,2020,8,39.8226335200557,11.275166086166626,253.76035814897884,985.828064351852,840,168
22001_2020-08-27 06:00:00,2020233N14313,22001,Acadia,2020-08-27 06:00:00,67,56744,28222.0,1334.20833333333,67,31.4438861450303,1784251.8754136,2.79166666666667,2020,8,39.9112806213379,11.292014164715722,279.076051157713,994.0202285,182,168
22039_2020-08-27 07:00:00,2020233N14313,22039,Evangeline,2020-08-27 07:00:00,90,31986,18128.0,1334.25,90,25.5320845668923,816669.256956616,3.75,2020,8,39.690526309983554,11.36236252940693,240.39654446628703,995.6655218479438,228,168
48361_2020-08-27 07:00:00,2020233N14313,48361,Orange,2020-08-27 07:00:00,227,84934,40914.0,1334.25,227,131.915158120349,11204082.0397937,9.45833333333333,2020,8,28.69440802739264,9.804223699295111,150.39481593714666,987.8034982638892,502,168
22045_2020-08-27 07:00:00,2020233N14313,22045,Iberia,2020-08-27 07:00:00,56,68327,34795.0,1334.25,56,12.6277553574616,862816.640309281,2.33333333333333,2020,8,29.48037025902245,11.894376457668283,157.01807325181957,1003.346073338964,160,160
22055_2020-08-27 07:00:00,2020233N14313,22055,Lafayette,2020-08-27 07:00:00,43,247866,57033.0,1334.25,43,10.081138667115,2498771.51686312,1.79166666666667,2020,8,35.29928922827864,12.400645432741527,140.65422932361508,999.1237897779304,134,134
48245_2020-08-27 07:00:00,2020233N14313,48245,Jefferson,2020-08-27 07:00:00,140,250830,117219.0,1334.25,140,45.3042462354069,11363664.0832271,5.83333333333333,2020,8,28.854214928208854,9.499539166767768,65.78808714174676,992.2253635625568,164,164
22097_2020-08-27 08:00:00,2020233N14313,22097,St. Landry,2020-08-27 08:00:00,43,81773,46265.0,1334.29166666667,43,8.74351882515224,714983.764889174,1.79166666666667,2020,8,35.81764560620767,12.232006516089475,125.62773944092075,1000.4230790241588,134,134
21223_2020-08-27 08:00:00,2020233N14313,21223,Trimble,2020-08-27 08:00:00,39,8539,637.0,1334.29166666667,39,2.14285714285714,18297.8571428571,1.625,2020,8,12.479253189904346,5.964736965147726,20.028567185536733,1005.0132352120534,63,63
22115_2020-08-27 09:00:00,2020233N14313,22115,Vernon,2020-08-27 09:00:00,468,47247,19207.0,1334.33333333333,468,207.379692273512,9798068.32084662,19.5,2020,8,39.20255996782123,8.958603884117338,175.05436155188573,984.784859614682,492,168
22043_2020-08-27 09:00:00,2020233N14313,22043,Grant,2020-08-27 09:00:00,318,22000,10602.0,1334.33333333333,318,191.559863733494,4214317.00213687,13.25,2020,8,39.95889670893831,8.875000474044155,128.67572751566658,989.2095262608854,342,168
48199_2020-08-27 09:00:00,2020233N14313,48199,Hardin,2020-08-27 09:00:00,37,57811,28817.0,1334.33333333333,37,8.59381307264405,496816.927542625,1.54166666666667,2020,8,24.505922573937312,9.744352095331214,59.32431949457774,995.355071527778,61,61
22099_2020-08-27 09:00:00,2020233N14313,22099,St. Martin,2020-08-27 09:00:00,40,51236,25148.0,1334.33333333333,40,7.99627858479869,409697.329570746,1.66666666666667,2020,8,28.74148298577119,11.7214681624961,81.87861781226579,1003.5142112175524,128,128
22079_2020-08-27 09:00:00,2020233N14313,22079,Rapides,2020-08-27 09:00:00,352,127189,44052.0,1334.33333333333,352,135.463326782932,17229445.0701943,14.6666666666667,2020,8,38.95220892243227,9.075334818394001,127.90057293821448,991.1643860362456,376,168
22069_2020-08-27 10:00:00,2020233N14313,22069,Natchitoches,2020-08-27 10:00:00,360,36663,13174.0,1334.375,360,174.933139528627,6413573.69453804,15.0,2020,8,36.46881648388859,8.62315793883907,169.43247418500965,985.8278822437736,384,168
48457_2020-08-27 10:00:00,2020233N14313,48457,Tyler,2020-08-27 10:00:00,37,20030,12950.0,1334.375,37,11.5284455539537,230914.764445693,1.54166666666667,2020,8,25.206717290485244,9.721028130855082,61.883980162348806,996.2057518472072,61,61
22009_2020-08-27 10:00:00,2020233N14313,22009,Avoyelles,2020-08-27 10:00:00,104,38751,21759.0,1334.375,104,25.0843527277555,972043.752553252,4.33333333333333,2020,8,38.60494898437361,9.082877606939558,72.61659268507684,999.6289352780964,128,128
22081_2020-08-27 12:00:00,2020233N14313,22081,Red River,2020-08-27 12:00:00,127,7420,5064.0,1334.45833333333,127,57.774689736902,428688.197847813,5.29166666666667,2020,8,35.93783474638535,8.266231034299267,175.38368540098435,990.4819783738292,151,151
22127_2020-08-27 12:00:00,2020233N14313,22127,Winn,2020-08-27 12:00:00,279,13205,5371.0,1334.45833333333,279,183.520882085813,2423393.24794316,11.625,2020,8,37.73271741196592,8.778629176770231,128.2046347835022,989.5885862080276,303,168
22031_2020-08-27 13:00:00,2020233N14313,22031,De Soto,2020-08-27 13:00:00,152,26853,14594.0,1334.5,152,29.9514375284708,804285.951952027,6.33333333333333,2020,8,31.334609535064363,8.402511571324483,156.38581413064225,995.1109185342428,176,168
22059_2020-08-27 13:00:00,2020233N14313,22059,LaSalle,2020-08-27 13:00:00,203,14729,5841.0,1334.5,203,110.663546380593,1629963.37463976,8.45833333333333,2020,8,40.07905513170528,8.953986662415682,87.22603535743926,996.5224596774194,227,168
22049_2020-08-27 13:00:00,2020233N14313,22049,Jackson,2020-08-27 13:00:00,203,14839,9020.0,1334.5,203,99.3322284610464,1473990.93813347,8.45833333333333,2020,8,37.30259084372684,8.816080562263872,111.8001764752613,992.0879967672412,227,168
28001_2020-08-27 14:00:00,2020233N14313,28001,Adams,2020-08-27 14:00:00,29,28408,17235.8,1334.54166666667,29,3.41250544614117,96942.4547139783,1.20833333333333,2020,8,32.26207581265638,12.754086165095954,13.502291130573466,1005.0029522021384,53,53
22027_2020-08-27 14:00:00,2020233N14313,22027,Claiborne,2020-08-27 14:00:00,207,13744,9099.0,1334.54166666667,207,40.0365808878857,550262.767723102,8.625,2020,8,33.018012196504614,8.154313156610515,130.8296948624185,993.3797040150316,231,168
22073_2020-08-27 14:00:00,2020233N14313,22073,Ouachita,2020-08-27 14:00:00,157,157702,80269.0,1334.54166666667,157,63.9625623041135,10087024.0004833,6.54166666666667,2020,8,37.36612903924636,8.776552697311844,83.38163766785766,996.2646025028936,181,168
28157_2020-08-27 14:00:00,2020233N14313,28157,Wilkinson,2020-08-27 14:00:00,36,8143,5991.0,1334.54166666667,36,7.63610275633877,62180.7847448666,1.5,2020,8,30.226958096990156,11.563363493183227,26.906610375595733,1004.8093200486416,60,60
22021_2020-08-27 14:00:00,2020233N14313,22021,Caldwell,2020-08-27 14:00:00,157,9554,6198.0,1334.54166666667,157,81.1712354153964,775509.983158697,6.54166666666667,2020,8,38.75326814597201,8.860474445540442,83.34385963294662,996.541212049336,181,168
22013_2020-08-27 14:00:00,2020233N14313,22013,Bienville,2020-08-27 14:00:00,208,12641,9079.0,1334.54166666667,208,47.7526819670311,603641.65274524,8.66666666666667,2020,8,36.3631893097994,8.447741026464312,149.56206830720694,991.041054545798,232,168
48419_2020-08-27 14:00:00,2020233N14313,48419,Shelby,2020-08-27 14:00:00,77,24008,4069.0,1334.54166666667,77,21.8710032389991,525079.045761889,3.20833333333333,2020,8,24.84192292960349,7.8819892579122355,86.68538580742754,999.775810368453,101,101
22061_2020-08-27 14:00:00,2020233N14313,22061,Lincoln,2020-08-27 14:00:00,197,48129,13256.0,1334.54166666667,197,87.1507867828236,4194480.21707052,8.20833333333333,2020,8,35.83743958859831,8.527176016916895,110.62779556330595,992.1065332911036,221,168
22029_2020-08-27 14:00:00,2020233N14313,22029,Concordia,2020-08-27 14:00:00,59,18116,5223.0,1334.54166666667,59,3.35807189147822,60834.8303860194,2.45833333333333,2020,8,36.08958272380545,10.250771611232615,27.708412914734215,1003.032548814946,83,83
22111_2020-08-27 14:00:00,2020233N14313,22111,Union,2020-08-27 14:00:00,269,20721,13695.0,1334.54166666667,269,106.740014961586,2211759.85001903,11.2083333333333,2020,8,34.7514348880432,8.388609105619604,96.3322211216723,994.2317597523984,293,168
22017_2020-08-27 14:00:00,2020233N14313,22017,Caddo,2020-08-27 14:00:00,104,229025,114680.0,1334.54166666667,104,23.2205223484322,5318080.13084968,4.33333333333333,2020,8,25.449115053210974,7.614404830443119,105.76604193783552,1000.0128985114352,128,128
22041_2020-08-27 15:00:00,2020233N14313,22041,Franklin,2020-08-27 15:00:00,48,19308,7295.0,1334.58333333333,48,7.70239890335846,148717.918026045,2.0,2020,8,34.998303100352985,10.975121174170063,33.651997436207665,1001.3763222805344,72,72
22083_2020-08-27 15:00:00,2020233N14313,22083,Richland,2020-08-27 15:00:00,79,19826,9035.0,1334.58333333333,79,18.8512239765709,373744.366559496,3.29166666666667,2020,8,36.35480397100034,9.409940530769731,45.40463563297753,1000.0598911684784,103,103
22119_2020-08-27 15:00:00,2020233N14313,22119,Webster,2020-08-27 15:00:00,83,35643,16440.0,1334.58333333333,83,15.1763471407081,540930.541136259,3.45833333333333,2020,8,31.423472003876974,8.265243522659802,128.67647157339698,995.3184867260971,107,107
22107_2020-08-27 15:00:00,2020233N14313,22107,Tensas,2020-08-27 15:00:00,35,3846,3679.0,1334.58333333333,35,5.75971731448763,22151.8727915194,1.45833333333333,2020,8,28.55187827506295,11.659924517271877,14.435017507517504,1004.2474569887248,59,59
22015_2020-08-27 15:00:00,2020233N14313,22015,Bossier,2020-08-27 15:00:00,83,129276,59078.0,1334.58333333333,83,19.4876166004522,2519281.12364006,3.45833333333333,2020,8,29.39458702925609,8.035150198958243,124.26687441682736,997.7975733954596,107,107
22067_2020-08-27 16:00:00,2020233N14313,22067,Morehouse,2020-08-27 16:00:00,106,24446,12864.0,1334.625,106,27.3856977858377,669470.768072589,4.41666666666667,2020,8,36.2313076344349,8.653436825733687,53.93195912454341,999.083243068609,130,130
48365_2020-08-27 16:00:00,2020233N14313,48365,Panola,2020-08-27 16:00:00,33,22677,11208.0,1334.625,33,4.10710929685117,93136.917524694,1.375,2020,8,20.492521243325672,8.183929308820607,56.50754952452226,1002.4639153599824,57,57
05103_2020-08-27 17:00:00,2020233N14313,05103,Ouachita,2020-08-27 17:00:00,57,22049,15298.0,1334.66666666667,57,12.1599790344443,268115.377730463,2.375,2020,8,31.219852318868867,8.740190076796697,84.91257880361395,994.4468587872892,81,81
05139_2020-08-27 17:00:00,2020233N14313,05139,Union,2020-08-27 17:00:00,81,37752,23959.0,1334.66666666667,81,17.1621792103342,647906.589548536,3.375,2020,8,31.291468192191022,8.426194936731106,89.93831101590834,993.5461269673814,105,105
05027_2020-08-27 17:00:00,2020233N14313,05027,Columbia,2020-08-27 17:00:00,56,22216,17594.0,1334.66666666667,56,7.89872584052476,175478.093273098,2.33333333333333,2020,8,30.04497311504713,8.99770625999091,94.06928237215931,995.619239500332,80,80
05099_2020-08-27 18:00:00,2020233N14313,05099,Nevada,2020-08-27 18:00:00,70,8181,3615.0,1334.70833333333,70,6.58758244198343,53893.0119578664,2.91666666666667,2020,8,26.175110352039336,8.145687922312225,80.10199649434071,997.4676895751954,94,94
05013_2020-08-27 18:00:00,2020233N14313,05013,Calhoun,2020-08-27 18:00:00,26,4695,4335.0,1334.70833333333,26,4.57134081980958,21462.445149006,1.08333333333333,2020,8,32.770679220534454,11.653976226253363,82.48130707567884,994.1561127146944,50,50
05003_2020-08-27 18:00:00,2020233N14313,05003,Ashley,2020-08-27 18:00:00,73,18354,9029.0,1334.70833333333,73,21.9473721336944,402822.068141826,3.04166666666667,2020,8,33.30163487330541,9.119478941427827,52.371001317650524,998.717124438062,97,97
22065_2020-08-27 18:00:00,2020233N14313,22065,Madison,2020-08-27 18:00:00,79,9478,5949.0,1334.70833333333,79,3.25438727504812,30845.0825929061,3.29166666666667,2020,8,29.35675657851786,8.955210577772101,15.396798365525427,1004.2028094096122,103,103
05073_2020-08-27 18:00:00,2020233N14313,05073,Lafayette,2020-08-27 18:00:00,94,6101,5827.0,1334.70833333333,94,12.0038786532031,73235.6636631921,3.91666666666667,2020,8,27.6659484439426,7.734266305739174,96.63876711361097,998.8648956862052,118,118
22123_2020-08-27 19:00:00,2020233N14313,22123,West Carroll,2020-08-27 19:00:00,30,9475,2585.0,1334.75,30,1.8568665377176,17593.8104448743,1.25,2020,8,33.28232596965318,12.818061261885472,27.5680918188954,1001.5188755266852,54,54
05011_2020-08-27 19:00:00,2020233N14313,05011,Bradley,2020-08-27 19:00:00,49,10135,4918.0,1334.75,49,6.1979357396258,62816.0787211075,2.04166666666667,2020,8,32.63966743580616,10.038431855113897,75.81678770727268,995.7551446167884,73,73
05043_2020-08-27 20:00:00,2020233N14313,05043,Drew,2020-08-27 20:00:00,43,16911,7533.0,1334.79166666667,43,3.52077525554228,59539.8303464755,1.79166666666667,2020,8,28.03145795922285,10.901867601754308,59.53872194502308,998.2403314827534,67,67
05039_2020-08-27 20:00:00,2020233N14313,05039,Dallas,2020-08-27 20:00:00,30,6191,4434.0,1334.79166666667,30,4.89061795218764,30277.8157419937,1.25,2020,8,26.934083213862337,10.467061143183365,79.01265339059029,994.4746264037186,54,54
05025_2020-08-27 23:00:00,2020233N14313,05025,Cleveland,2020-08-27 23:00:00,51,7467,1392.0,1334.91666666667,51,7.86048788733323,58694.2630547173,2.125,2020,8,27.47310458537328,9.634167995835625,81.95877737945014,995.4136888586957,75,75
05147_2020-08-28 01:00:00,2020233N14313,05147,Woodruff,2020-08-28 01:00:00,70,6049,4516.0,1335.0,70,8.02506449581065,48543.6151351586,2.91666666666667,2020,8,22.01975254376729,7.749635446223806,109.23923197590435,1001.0456363281248,94,94
05133_2020-08-28 10:00:00,2020233N14313,05133,Sevier,2020-08-28 10:00:00,49,15686,8437.0,1335.375,49,1.33696811662913,20971.6818774446,2.04166666666667,2020,8,15.19639483643869,6.692176335942687,43.945870120330454,1004.3211731969118,73,73
05065_2020-08-28 22:00:00,2020233N14313,05065,Izard,2020-08-28 22:00:00,45,14048,3693.0,1335.875,45,2.84362373004737,39947.2261597054,1.875,2020,8,12.496794478255149,5.249737693264814,37.56410070298904,1001.3335206280786,69,69
48455_2020-08-29 01:00:00,2020233N14313,48455,Trinity,2020-08-29 01:00:00,52,13996,10607.0,1336.0,52,0.549400454693925,7689.40876389617,2.16666666666667,2020,8,10.31020846950354,6.646082091626218,8.92044765463442,1006.298810544128,76,76
29229_2020-08-29 19:00:00,2020233N14313,29229,Wright,2020-08-29 19:00:00,50,19156,5673.0,1336.75,50,0.934249955931606,17896.4921558258,2.08333333333333,2020,8,8.89034878677792,5.048329775845325,34.31287124468428,1007.3855159505208,74,74
29215_2020-08-29 20:00:00,2020233N14313,29215,Texas,2020-08-29 20:00:00,50,25336,11309.0,1336.79166666667,50,0.466000530550889,11806.5894420373,2.08333333333333,2020,8,8.246366415843003,5.0120906902313065,28.3629080904059,1007.5190070401134,74,74
48315_2020-08-30 10:00:00,2020233N14313,48315,Marion,2020-08-30 10:00:00,64,9560,6311.8,1337.375,64,1.17873313041576,11268.6887267747,2.66666666666667,2020,8,13.261193478165042,7.1835007792666765,33.79334623988376,1006.437260718599,88,88
28143_2020-08-30 16:00:00,2020233N14313,28143,Tunica,2020-08-30 16:00:00,24,9458,5815.0,1337.625,24,3.37472055030095,31918.1069647463,1.0,2020,8,8.525419171021715,4.323659642852179,14.790310203512705,1006.768926361386,48,48
21077_2020-09-01 06:00:00,2020233N14313,21077,Gallatin,2020-09-01 06:00:00,51,8763,3158.0,1339.20833333333,51,0.308423052564915,2702.71120962635,2.125,2020,9,11.80931596666853,4.967866875241478,66.8368020625872,1009.0864201226636,75,75
22047_2020-08-26 00:00:00,2020234N14280,22047,Iberville,2020-08-26 00:00:00,47,29506,9124.0,1332.95833333333,47,1.58768084173608,46846.1109162648,1.95833333333333,2020,8,25.77879376613552,12.49710719331908,82.60799198904115,1004.0834520947802,142,142
22125_2020-08-26 23:00:00,2020234N14280,22125,West Feliciana,2020-08-26 23:00:00,28,15381,6388.0,1333.91666666667,28,3.55363389591053,54658.4429529999,1.16666666666667,2020,8,30.251654343120315,14.122076414957721,60.35802582494615,1003.6668487736408,104,104
22113_2020-08-27 05:00:00,2020234N14280,22113,Vermilion,2020-08-27 05:00:00,70,56952,23013.0,1334.16666666667,70,31.5272509320219,1795539.99508051,2.91666666666667,2020,8,38.10719552293703,12.053188829377566,222.1639961571734,997.7265444435324,188,168
22077_2020-08-27 05:00:00,2020234N14280,22077,Pointe Coupee,2020-08-27 05:00:00,41,20151,5078.0,1334.16666666667,41,4.42674281213076,89203.2944072469,1.70833333333333,2020,8,31.614778744031312,12.381154764464833,76.19311482556267,1002.6792564747432,130,130
22019_2020-08-27 05:00:00,2020234N14280,22019,Calcasieu,2020-08-27 05:00:00,690,202418,104854.0,1334.16666666667,690,451.662331760696,91424585.8703366,28.75,2020,8,31.47854594520432,10.526938169408279,186.99617635437676,981.556572568791,1428,168
22023_2020-08-27 05:00:00,2020234N14280,22023,Cameron,2020-08-27 05:00:00,620,4902,2040.5,1334.16666666667,620,514.150155998121,2520364.06470279,25.8333333333333,2020,8,39.07776729647451,12.203065865075851,200.10217985173298,984.242962511417,1288,168
22011_2020-08-27 06:00:00,2020234N14280,22011,Beauregard,2020-08-27 06:00:00,807,36570,22189.0,1334.20833333333,807,335.217536540899,12258905.3113007,33.625,2020,8,33.61634225510714,10.13322660215915,282.5635680659234,983.8945095257676,1662,168
22003_2020-08-27 06:00:00,2020234N14280,22003,Allen,2020-08-27 06:00:00,662,22320,12728.0,1334.20833333333,662,231.135772613878,5158950.44474177,27.5833333333333,2020,8,40.88653821805876,11.289039040504397,290.79550756005494,987.5040647825364,1372,168
22053_2020-08-27 06:00:00,2020234N14280,22053,Jefferson Davis,2020-08-27 06:00:00,396,32026,12516.0,1334.20833333333,396,137.260247469913,4395896.68547143,16.5,2020,8,39.8226335200557,11.275166086166626,253.76035814897884,985.828064351852,840,168
22001_2020-08-27 06:00:00,2020234N14280,22001,Acadia,2020-08-27 06:00:00,67,56744,28222.0,1334.20833333333,67,31.4438861450303,1784251.8754136,2.79166666666667,2020,8,39.9112806213379,11.292014164715722,279.076051157713,994.0202285,182,168
22039_2020-08-27 07:00:00,2020234N14280,22039,Evangeline,2020-08-27 07:00:00,90,31986,18128.0,1334.25,90,25.5320845668923,816669.256956616,3.75,2020,8,39.690526309983554,11.36236252940693,240.39654446628703,995.6655218479438,228,168
48361_2020-08-27 07:00:00,2020234N14280,48361,Orange,2020-08-27 07:00:00,227,84934,40914.0,1334.25,227,131.915158120349,11204082.0397937,9.45833333333333,2020,8,28.69440802739264,9.804223699295111,150.39481593714666,987.8034982638892,502,168
22045_2020-08-27 07:00:00,2020234N14280,22045,Iberia,2020-08-27 07:00:00,56,68327,34795.0,1334.25,56,12.6277553574616,862816.640309281,2.33333333333333,2020,8,29.48037025902245,11.894376457668283,157.01807325181957,1003.346073338964,160,160
22055_2020-08-27 07:00:00,2020234N14280,22055,Lafayette,2020-08-27 07:00:00,43,247866,57033.0,1334.25,43,10.081138667115,2498771.51686312,1.79166666666667,2020,8,35.29928922827864,12.400645432741527,140.65422932361508,999.1237897779304,134,134
22097_2020-08-27 08:00:00,2020234N14280,22097,St. Landry,2020-08-27 08:00:00,43,81773,46265.0,1334.29166666667,43,8.74351882515224,714983.764889174,1.79166666666667,2020,8,35.81764560620767,12.232006516089475,125.62773944092075,1000.4230790241588,134,134
22099_2020-08-27 09:00:00,2020234N14280,22099,St. Martin,2020-08-27 09:00:00,40,51236,25148.0,1334.33333333333,40,7.99627858479869,409697.329570746,1.66666666666667,2020,8,28.74148298577119,11.7214681624961,81.87861781226579,1003.5142112175524,128,128
37165_2020-09-11 03:00:00,2020256N25281,37165,Scotland,2020-09-11 03:00:00,27,34162,13906.0,1349.08333333333,27,0.362577304760535,12386.3658852294,1.125,2020,9,9.73344898223877,4.7739593474656,14.81167679506702,1016.9475713008284,51,51
12013_2020-09-12 22:00:00,2020256N25281,12013,Calhoun,2020-09-12 22:00:00,112,13464,4695.0,1350.875,112,1.2555910543131,16905.2779552716,4.66666666666667,2020,9,17.574035957929528,11.43570311997195,165.408407922097,1004.4504716486308,136,136
01053_2020-09-16 00:00:00,2020256N25281,01053,Escambia,2020-09-16 00:00:00,94,36666,11503.0,1353.95833333333,94,33.2141081441966,1217828.48921511,3.91666666666667,2020,9,30.24259363922253,10.86102984793234,211.93009765104838,997.169308146338,118,118
01097_2020-09-16 00:00:00,2020256N25281,01097,Mobile,2020-09-16 00:00:00,94,411411,208810.0,1353.95833333333,94,30.2303718166971,12437107.4994792,3.91666666666667,2020,9,28.35679565425072,12.25041451998291,176.21386120562357,993.9428348551876,118,118
01003_2020-09-16 01:00:00,2020256N25281,01003,Baldwin,2020-09-16 01:00:00,212,246435,104819.0,1354.0,212,109.03721789314,26870586.791496,8.83333333333333,2020,9,30.505209254362768,12.056864719688454,320.44224153692505,990.240484250374,236,168
01035_2020-09-16 02:00:00,2020256N25281,01035,Conecuh,2020-09-16 02:00:00,73,11206,567.0,1354.04166666667,73,43.0686340263805,482627.11289962,3.04166666666667,2020,9,28.123846423102982,10.915193347336583,158.8648149672439,996.9895081376546,97,97
12033_2020-09-16 04:00:00,2020256N25281,12033,Escambia,2020-09-16 04:00:00,117,324878,308219.0,1354.125,117,36.2069910860569,11762854.850056,4.875,2020,9,32.67608296470597,11.878977413785197,329.79771119584507,991.3657933806484,141,141
01039_2020-09-16 05:00:00,2020256N25281,01039,Covington,2020-09-16 05:00:00,40,37602,10117.0,1354.16666666667,40,5.23799335151972,196959.026003845,1.66666666666667,2020,9,26.108860248562017,12.659787446589682,179.5045581062957,997.4593229917148,64,64
13145_2020-09-16 06:00:00,2020256N25281,13145,Harris,2020-09-16 06:00:00,33,36276,16874.0,1354.20833333333,33,0.867903283157521,31484.0594998222,1.375,2020,9,17.862218767827713,10.942974603234232,148.42466208479286,1003.752106522566,57,57
12113_2020-09-16 09:00:00,2020256N25281,12113,Santa Rosa,2020-09-16 09:00:00,86,198268,158094.0,1354.33333333333,86,18.016142338111,3572024.50909259,3.58333333333333,2020,9,31.699828944928225,10.985863337504547,258.97261194750934,995.767815507378,110,110
12091_2020-09-16 10:00:00,2020256N25281,12091,Okaloosa,2020-09-16 10:00:00,39,216482,162092.0,1354.375,39,5.02600761872895,1088040.18131768,1.625,2020,9,30.301115106981843,13.85015219024117,208.70766692643247,998.9041669331392,63,63
01099_2020-09-16 11:00:00,2020256N25281,01099,Monroe,2020-09-16 11:00:00,63,19404,7462.0,1354.41666666667,63,25.5422955336921,495622.702535762,2.625,2020,9,26.018571123620585,10.855683063751735,111.9573095889402,999.6281140068008,87,87
01013_2020-09-16 13:00:00,2020256N25281,01013,Butler,2020-09-16 13:00:00,35,18650,9854.0,1354.5,35,9.25238481834788,172556.976862188,1.45833333333333,2020,9,22.60641346637174,12.10021655815504,117.72175373690784,999.2378680177658,59,59
01131_2020-09-16 14:00:00,2020256N25281,01131,Wilcox,2020-09-16 14:00:00,75,10059,6239.0,1354.54166666667,75,4.05036265446944,40742.5979413081,3.125,2020,9,21.1857979844567,9.821730869338955,75.54468953202091,1002.376263832823,99,99
01041_2020-09-16 17:00:00,2020256N25281,01041,Crenshaw,2020-09-16 17:00:00,27,13025,11658.0,1354.66666666667,27,2.00814974103728,26156.1503770106,1.125,2020,9,20.49110726785505,11.776050762035151,117.54625160503275,999.9244723402102,51,51
01085_2020-09-16 19:00:00,2020256N25281,01085,Lowndes,2020-09-16 19:00:00,31,9777,5843.0,1354.75,31,7.52934232715008,73614.3799325464,1.29166666666667,2020,9,22.70712302026232,11.699827652300698,71.06600148196596,1002.2732335492004,55,55
13193_2020-09-17 11:00:00,2020256N25281,13193,Macon,2020-09-17 11:00:00,37,11765,6172.0,1355.41666666667,37,0.80204114693018,9436.01409363356,1.54166666666667,2020,9,20.14325919696594,8.47912796809131,100.41107273934783,1004.103566567822,61,61
13317_2020-09-18 17:00:00,2020256N25281,13317,Wilkes,2020-09-18 17:00:00,28,9599,1514.0,1356.66666666667,28,0.270145310435931,2593.1248348745,1.16666666666667,2020,9,10.933145728417314,7.409506211521559,0.3666273254600366,1008.389830648292,52,52
22053_2020-09-19 18:00:00,2020261N21265,22053,Jefferson Davis,2020-09-19 18:00:00,49,32026,12539.6666666667,1357.70833333333,49,0.63469371455954,20326.7009024838,2.04166666666667,2020,9,15.942939095673742,12.399975796665172,57.629200729231044,1013.0555850694446,73,73
22085_2020-09-21 18:00:00,2020261N21265,22085,Sabine,2020-09-21 18:00:00,49,21985,16095.0,1359.70833333333,49,0.188875077688005,4152.41858297079,2.04166666666667,2020,9,12.35502061385191,9.34503196662691,108.07205134963537,1007.9398442196892,73,73
22125_2020-10-09 01:00:00,2020279N16284,22125,West Feliciana,2020-10-09 01:00:00,143,15381,6399.0,1377.0,143,46.7655689067897,719301.215355332,5.95833333333333,2020,10,27.38953002406632,7.734328280670981,85.24001319067065,994.4253751108156,167,167
28157_2020-10-09 06:00:00,2020279N16284,28157,Wilkinson,2020-10-09 06:00:00,184,8143,5985.0,1377.20833333333,184,52.1034174080465,424278.127953723,7.66666666666667,2020,10,28.19513920575337,7.54333427011796,78.32367450584181,994.5270904460352,208,168
28081_2020-10-09 06:00:00,2020279N16284,28081,Lee,2020-10-09 06:00:00,24,82959,4847.0,1377.20833333333,24,0.684959768929235,56823.5774706004,1.0,2020,10,17.38385894529281,7.1832423248171375,36.769292687857025,1004.9663541666667,48,48
28021_2020-10-09 09:00:00,2020279N16284,28021,Claiborne,2020-10-09 09:00:00,134,8805,5227.0,1377.33333333333,134,25.7511590758989,226738.95566329,5.58333333333333,2020,10,24.366755710261884,7.4631947837716766,84.85751037513562,994.1702117883664,158,158
22011_2020-10-09 20:00:00,2020279N16284,22011,Beauregard,2020-10-09 20:00:00,164,36570,22197.0,1377.79166666667,164,81.3038973374342,2973283.52562997,6.83333333333333,2020,10,23.82881698943021,7.231054376380686,102.32857956281423,991.4851541940792,188,168
22019_2020-10-09 20:00:00,2020279N16284,22019,Calcasieu,2020-10-09 20:00:00,119,202418,104161.0,1377.79166666667,119,39.6978790758551,8035565.28677644,4.95833333333333,2020,10,25.95615823876712,7.871701163986623,87.42179682036739,989.051249485536,143,143
22101_2020-10-09 21:00:00,2020279N16284,22101,St. Mary,2020-10-09 21:00:00,44,47789,18981.0,1377.83333333333,44,8.47731942468785,405122.617986407,1.83333333333333,2020,10,27.46216258552676,13.291040023267621,27.603240017720015,996.6901303028584,68,68
22003_2020-10-09 21:00:00,2020279N16284,22003,Allen,2020-10-09 21:00:00,165,22320,12733.0,1377.83333333333,165,67.7195185311681,1511499.65361567,6.875,2020,10,22.75077898347204,7.385823448924979,124.5132529443924,984.9388160898076,189,168
48361_2020-10-09 22:00:00,2020279N16284,48361,Orange,2020-10-09 22:00:00,70,84934,40883.0,1377.875,70,24.3662238279919,2069520.85460666,2.91666666666667,2020,10,26.67821740734485,9.25112545936587,89.2294141889889,994.7965691618218,94,94
48245_2020-10-09 22:00:00,2020279N16284,48245,Jefferson,2020-10-09 22:00:00,100,250830,117370.0,1377.875,100,32.8686048920235,8244432.16506626,4.16666666666667,2020,10,26.30088267852309,8.207990736416898,106.0173336107457,995.660729902575,124,124
28005_2020-10-09 22:00:00,2020279N16284,28005,Amite,2020-10-09 22:00:00,77,12619,12518.0,1377.875,77,20.6147786655004,260137.891979949,3.20833333333333,2020,10,27.120337772369396,9.303777735002495,37.733611794990594,997.333589518229,101,101
22045_2020-10-09 23:00:00,2020279N16284,22045,Iberia,2020-10-09 23:00:00,120,68327,34789.0,1377.91666666667,120,33.1746141889466,2266721.86368815,5.0,2020,10,28.88507733617101,9.180526387749836,31.82777185580349,993.1839074230484,144,144
22113_2020-10-09 23:00:00,2020279N16284,22113,Vermilion,2020-10-09 23:00:00,141,56952,22974.0,1377.91666666667,141,65.6841497117184,3740843.69438179,5.875,2020,10,30.833891364515253,8.299661279514513,43.62436670697466,986.2685057760176,165,165
22053_2020-10-09 23:00:00,2020279N16284,22053,Jefferson Davis,2020-10-09 23:00:00,162,32026,12518.0,1377.91666666667,162,62.3761531410284,1997658.68049458,6.75,2020,10,25.26285673635978,7.550361654510366,95.57531461395602,983.0914479166668,186,168
22099_2020-10-09 23:00:00,2020279N16284,22099,St. Martin,2020-10-09 23:00:00,102,51236,25119.0,1377.91666666667,102,31.8920074973397,1634018.8961337,4.25,2020,10,25.904020974308956,8.976522716791141,39.770864884453104,993.492141339617,126,126
22115_2020-10-09 23:00:00,2020279N16284,22115,Vernon,2020-10-09 23:00:00,122,47247,25934.0,1377.91666666667,122,57.3374262915064,2709021.3799948,5.08333333333333,2020,10,21.625075223935266,7.44019490067162,120.67579351966945,993.0518355665632,146,146
22079_2020-10-10 00:00:00,2020279N16284,22079,Rapides,2020-10-10 00:00:00,93,127189,44066.0,1377.95833333333,93,23.9660862958849,3048222.5498873,3.875,2020,10,21.71203215361528,8.451430810539822,139.466561224367,988.043086431227,117,117
22001_2020-10-10 00:00:00,2020279N16284,22001,Acadia,2020-10-10 00:00:00,140,56744,28173.0,1377.95833333333,140,84.5392986580727,4797097.96305368,5.83333333333333,2020,10,27.87279872436524,7.759425599554109,78.41505069434643,983.710352625,164,164
22039_2020-10-10 00:00:00,2020279N16284,22039,Evangeline,2020-10-10 00:00:00,119,31986,18115.0,1377.95833333333,119,18.1988238550809,582107.579828616,4.95833333333333,2020,10,23.30735136144949,7.782658822680892,118.77496415227759,984.7695273042928,143,143
22023_2020-10-10 00:00:00,2020279N16284,22023,Cameron,2020-10-10 00:00:00,70,4902,1936.0,1377.95833333333,70,17.5910955392466,86231.5503333867,2.91666666666667,2020,10,27.836067891568884,10.190771300151562,76.19451860934186,985.5386307737474,94,94
22043_2020-10-10 00:00:00,2020279N16284,22043,Grant,2020-10-10 00:00:00,94,22000,9252.0,1377.95833333333,94,37.0313299648714,814689.259227171,3.91666666666667,2020,10,21.77713058095193,8.249129776538117,125.13429560889158,991.7907490475328,118,118
22055_2020-10-10 00:00:00,2020279N16284,22055,Lafayette,2020-10-10 00:00:00,120,247866,56946.0,1377.95833333333,120,43.3374380769725,10741877.4263869,5.0,2020,10,29.11012915726546,8.329522745234236,55.735045416287456,987.6401905906594,144,144
22009_2020-10-10 01:00:00,2020279N16284,22009,Avoyelles,2020-10-10 01:00:00,108,38751,21763.0,1378.0,108,14.4109350205774,558438.142982395,4.5,2020,10,24.016003446841456,8.101793524661858,109.03450233729367,988.9261614822248,132,132
22097_2020-10-10 01:00:00,2020279N16284,22097,St. Landry,2020-10-10 01:00:00,116,81773,46186.0,1378.0,116,42.2049330828506,3451223.99298394,4.83333333333333,2020,10,26.74222759781133,8.11807977466116,79.61642635019494,988.2730310973128,140,140
22037_2020-10-10 01:00:00,2020279N16284,22037,East Feliciana,2020-10-10 01:00:00,75,19135,10427.0,1378.0,75,28.936977901557,553709.072146293,3.125,2020,10,26.968923927705035,9.519407986387739,45.75695599431421,997.5583760274944,99,99
22077_2020-10-10 02:00:00,2020279N16284,22077,Pointe Coupee,2020-10-10 02:00:00,71,20151,5088.0,1378.04166666667,71,23.4133254716981,471801.921580189,2.95833333333333,2020,10,27.042478610391488,9.676532384604968,65.28522343891481,992.5887450502996,95,95
22047_2020-10-10 02:00:00,2020279N16284,22047,Iberville,2020-10-10 02:00:00,47,29506,9123.0,1378.04166666667,47,7.08111404003483,208935.350865268,1.95833333333333,2020,10,24.84794206484521,11.328914044039202,34.512470109356066,995.8974065443488,71,71
22063_2020-10-10 03:00:00,2020279N16284,22063,Livingston,2020-10-10 03:00:00,37,148425,67936.0,1378.08333333333,37,4.3129800350031,640154.061695335,1.54166666666667,2020,10,23.793159773855496,11.753671022427389,28.522633242556587,1000.6129167794012,61,61
22085_2020-10-10 03:00:00,2020279N16284,22085,Sabine,2020-10-10 03:00:00,47,21985,16090.0,1378.08333333333,47,5.26298411393033,115706.705744758,1.95833333333333,2020,10,21.754260791327525,8.621338848902276,119.35739198751854,999.694335546092,71,71
22069_2020-10-10 03:00:00,2020279N16284,22069,Natchitoches,2020-10-10 03:00:00,67,36663,13400.0,1378.08333333333,67,14.5529119505258,533553.410842126,2.79166666666667,2020,10,20.931668283747527,8.644177835805054,112.48677070948412,997.0052212045018,91,91
22091_2020-10-10 03:00:00,2020279N16284,22091,St. Helena,2020-10-10 03:00:00,47,10822,6962.0,1378.08333333333,47,14.8128045681965,160304.171037022,1.95833333333333,2020,10,26.276337039861023,10.625575329279872,31.470847901388503,999.5809981108312,71,71
22005_2020-10-10 03:00:00,2020279N16284,22005,Ascension,2020-10-10 03:00:00,24,130458,57918.0,1378.08333333333,24,2.92206066526567,381206.190269229,1.0,2020,10,22.96223529285153,13.251160745983883,27.121536661901622,999.8681870860928,48,48
22033_2020-10-10 03:00:00,2020279N16284,22033,East Baton Rouge,2020-10-10 03:00:00,47,450544,216262.0,1378.08333333333,47,8.33978476051795,3757439.9851428,1.95833333333333,2020,10,25.70508301431573,10.893219729593282,39.90045562676946,997.5413762019232,71,71
28063_2020-10-10 04:00:00,2020279N16284,28063,Jefferson,2020-10-10 04:00:00,132,7087,4885.0,1378.125,132,26.9363594446885,190897.979384507,5.5,2020,10,25.480154924355595,7.517251250570933,62.02611392037762,993.6473525656615,156,156
22029_2020-10-10 04:00:00,2020279N16284,22029,Concordia,2020-10-10 04:00:00,34,18116,5239.0,1378.125,34,3.3699795103001,61050.5488085967,1.41666666666667,2020,10,24.58854435909132,10.73625855351777,92.22855332763751,991.797398047402,58,58
22127_2020-10-10 04:00:00,2020279N16284,22127,Winn,2020-10-10 04:00:00,110,13205,5378.0,1378.125,110,27.286209638618,360314.39827795,4.58333333333333,2020,10,23.1436546481794,7.389328198015388,104.86993094630625,995.2164014952782,134,134
22021_2020-10-10 04:00:00,2020279N16284,22021,Caldwell,2020-10-10 04:00:00,65,9554,6215.0,1378.125,65,10.3490039320597,98874.3835668983,2.70833333333333,2020,10,21.73612712592283,8.718753721369225,114.07957574709602,993.0609275675996,89,89
28001_2020-10-10 04:00:00,2020279N16284,28001,Adams,2020-10-10 04:00:00,111,28408,17241.0,1378.125,111,20.2379097694523,574918.540730602,4.625,2020,10,25.42563870773781,7.714654329620337,77.34935297564338,992.9073749363544,135,135
28085_2020-10-10 05:00:00,2020279N16284,28085,Lincoln,2020-10-10 05:00:00,45,34717,18000.0,1378.16666666667,45,7.82937401666677,271812.37773662,1.875,2020,10,23.702665694499263,10.644129983043511,22.621478802664036,997.7492535932056,69,69
28113_2020-10-10 05:00:00,2020279N16284,28113,Pike,2020-10-10 05:00:00,37,39644,22526.0,1378.16666666667,37,5.83121357085979,231172.630803165,1.54166666666667,2020,10,22.822576163128645,11.195536129974014,19.387631189475577,999.3989205955336,61,61
28037_2020-10-10 05:00:00,2020279N16284,28037,Franklin,2020-10-10 05:00:00,129,7642,6768.0,1378.16666666667,129,23.7837329336839,181755.287079212,5.375,2020,10,24.856180257245526,7.496628521700988,47.268479548333104,995.308594783058,153,153
28029_2020-10-10 07:00:00,2020279N16284,28029,Copiah,2020-10-10 07:00:00,104,27719,15626.0,1378.25,104,5.94730027626109,164853.216357681,4.33333333333333,2020,10,25.440245015853023,7.96637516758558,30.714928948444555,996.7148454381752,128,128
28149_2020-10-10 07:00:00,2020279N16284,28149,Warren,2020-10-10 07:00:00,34,42649,21767.0,1378.25,34,3.3978784796715,144916.11927951,1.41666666666667,2020,10,24.61379438288072,10.44369620396421,63.22777707714077,994.8294469975492,58,58
22073_2020-10-10 07:00:00,2020279N16284,22073,Ouachita,2020-10-10 07:00:00,67,157702,80298.0,1378.25,67,13.6961015659068,2159902.60914664,2.79166666666667,2020,10,21.899485128897208,8.4615421094624,112.20559297649788,995.0776146556714,91,91
22107_2020-10-10 08:00:00,2020279N16284,22107,Tensas,2020-10-10 08:00:00,32,3846,3689.0,1378.29166666667,32,5.87503388452155,22595.3803198699,1.33333333333333,2020,10,25.54030325846576,10.44621292566411,81.39447305890302,992.3124047433902,56,56
22111_2020-10-10 08:00:00,2020279N16284,22111,Union,2020-10-10 08:00:00,39,20721,13678.0,1378.29166666667,39,5.41622031645945,112229.501177356,1.625,2020,10,19.39070081495539,8.738833591671403,108.83289225962912,998.4161075938206,63,63
22067_2020-10-10 08:00:00,2020279N16284,22067,Morehouse,2020-10-10 08:00:00,106,24446,12857.0,1378.29166666667,106,26.8487921881556,656345.573831651,4.41666666666667,2020,10,20.37364083722719,7.14138629106007,124.09066620112434,996.2869495026628,130,130
22049_2020-10-10 08:00:00,2020279N16284,22049,Jackson,2020-10-10 08:00:00,39,14839,9014.0,1378.29166666667,39,6.86056579875468,101803.935887721,1.625,2020,10,22.749642303072168,9.215209856383055,93.80702078181862,996.8495950969826,63,63
22059_2020-10-10 09:00:00,2020279N16284,22059,LaSalle,2020-10-10 09:00:00,36,14729,5838.0,1378.33333333333,36,9.13841098481282,134599.655395308,1.5,2020,10,21.807169877888523,9.787457971931786,110.61616149345888,991.191822993035,60,60
05003_2020-10-10 11:00:00,2020279N16284,05003,Ashley,2020-10-10 11:00:00,30,18354,8952.0,1378.41666666667,30,2.47263650453297,45382.770404198,1.25,2020,10,19.461074044058964,9.31763020084706,114.36960862188428,997.6785150006244,54,54
47171_2020-10-26 21:00:00,2020299N18277,47171,Unicoi,2020-10-26 21:00:00,44,17674,995.0,1394.875,44,0.965829145728643,17070.064321608,1.83333333333333,2020,10,8.75026559829712,4.674660299433953,24.001821923088663,1012.43941924426,68,68
22077_2020-10-27 11:00:00,2020299N18277,22077,Pointe Coupee,2020-10-27 11:00:00,39,20151,5091.66666666667,1395.45833333333,39,0.322599646573729,6500.70547810721,1.625,2020,10,14.396089748160476,6.711923259682022,20.69878685032974,1001.167612505351,63,63
28065_2020-10-27 14:00:00,2020299N18277,28065,Jefferson Davis,2020-10-27 14:00:00,39,11088,7874.0,1395.58333333333,39,0.166101705028807,1841.73570535941,1.625,2020,10,20.44871356376518,8.302702955230503,60.33412187216772,997.7439115984108,63,63
37075_2020-10-27 20:00:00,2020299N18277,37075,Graham,2020-10-27 20:00:00,55,7980,6337.0,1395.83333333333,55,8.22376518857504,65625.6462048288,2.29166666666667,2020,10,26.65215577431095,10.471906325148177,65.12496386681798,995.4969182342232,79,79
45021_2020-10-28 00:00:00,2020299N18277,45021,Cherokee,2020-10-28 00:00:00,49,56121,20793.0,1396.0,49,0.932646714828325,52341.0662828804,2.04166666666667,2020,10,28.46498775710877,7.998492420857317,20.433112018578626,999.8222259067744,73,73
01013_2020-10-28 00:00:00,2020299N18277,01013,Butler,2020-10-28 00:00:00,75,18650,9859.0,1396.0,75,13.7275258604063,256018.357296577,3.125,2020,10,30.63154882169717,9.368036480120413,26.477087200851816,999.8732777488798,99,99
13123_2020-10-28 10:00:00,2020299N18277,13123,Gilmer,2020-10-28 10:00:00,86,32407,14335.0,1396.41666666667,86,35.0248883223767,1135051.55586326,3.58333333333333,2020,10,29.420136717130557,10.150832557003456,74.88850586858737,995.7506100751772,110,110
13011_2020-10-28 13:00:00,2020299N18277,13011,Banks,2020-10-28 13:00:00,59,19328,9168.0,1396.54166666667,59,5.34253239421913,103260.466115467,2.45833333333333,2020,10,28.122055007000355,8.879453908133806,45.267839342051616,999.5867866709184,83,83
37037_2020-10-28 16:00:00,2020299N18277,37037,Chatham,2020-10-28 16:00:00,34,79864,42710.0,1396.66666666667,34,2.89036916357563,230836.442879804,1.41666666666667,2020,10,23.769444080327183,9.325779392420765,6.271576831404794,998.8395359689598,58,58
51590_2020-10-28 18:00:00,2020299N18277,51590,Danville,2020-10-28 18:00:00,53,42229,13504.0,1396.75,53,17.8594675581476,754187.455513014,2.20833333333333,2020,10,28.92788370917825,9.665989002259842,28.851361890487816,996.0007061887254,77,77
22051_2020-10-28 22:00:00,2020299N18277,22051,Jefferson,2020-10-28 22:00:00,74,425884,212391.0,1396.91666666667,74,49.5829932623458,21116603.5025409,3.08333333333333,2020,10,29.777330328593035,10.236952638702151,61.31825657959501,989.742519811603,98,98
22109_2020-10-28 22:00:00,2020299N18277,22109,Terrebonne,2020-10-28 22:00:00,74,104786,27783.0,1396.91666666667,74,31.1812979159918,3267363.48342512,3.08333333333333,2020,10,22.815997794805057,9.472264198294997,40.5385876351313,990.9080509444102,98,98
22057_2020-10-28 22:00:00,2020299N18277,22057,Lafourche,2020-10-28 22:00:00,74,95870,44281.0,1396.91666666667,74,17.02738313435,1632415.22109013,3.08333333333333,2020,10,26.51533428630064,9.516921868052258,50.35661850292055,991.0278351378804,98,98
22075_2020-10-28 22:00:00,2020299N18277,22075,Plaquemines,2020-10-28 22:00:00,74,22516,12671.0,1396.91666666667,74,53.3866970549947,1202054.87089026,3.08333333333333,2020,10,35.53694959926568,12.158586192311848,44.16051230474063,994.1010544247137,98,98
22087_2020-10-28 22:00:00,2020299N18277,22087,St. Bernard,2020-10-28 22:00:00,74,44479,20460.0,1396.91666666667,74,63.8587987049499,2840375.50759747,3.08333333333333,2020,10,35.08887664521931,12.220073910146946,53.25315176051553,991.924757827213,98,98
22071_2020-10-28 23:00:00,2020299N18277,22071,Orleans,2020-10-28 23:00:00,73,369749,194337.0,1396.95833333333,73,37.9621811895637,14036478.53266,3.04166666666667,2020,10,30.83188057501879,10.143767091359493,69.78397879412849,988.6062964650146,97,97
28045_2020-10-28 23:00:00,2020299N18277,28045,Hancock,2020-10-28 23:00:00,73,46094,26221.0,1396.95833333333,73,44.0784104343847,2031750.25056253,3.04166666666667,2020,10,30.99188992602053,9.565396154329761,64.58662819221723,989.3322068546564,97,97
22089_2020-10-28 23:00:00,2020299N18277,22089,St. Charles,2020-10-28 23:00:00,73,50998,23012.0,1396.95833333333,73,34.0971232986371,1738885.09398389,3.04166666666667,2020,10,23.89522724688206,8.884185159524161,62.443332234516625,989.916045995844,97,97
22095_2020-10-29 00:00:00,2020299N18277,22095,St. John the Baptist,2020-10-29 00:00:00,24,39864,19859.0,1397.0,24,4.99033183946825,198934.588448562,1.0,2020,10,22.155769410918037,12.707645190063912,62.71188888533772,993.2553170490507,48,48
22103_2020-10-29 00:00:00,2020299N18277,22103,St. Tammany,2020-10-29 00:00:00,47,273263,127840.0,1397.0,47,16.8726198679717,4610662.72298155,1.95833333333333,2020,10,27.190692000918915,11.054985590209922,72.15278192630245,991.3138316695602,71,71
28109_2020-10-29 01:00:00,2020299N18277,28109,Pearl River,2020-10-29 01:00:00,50,57261,29839.0,1397.04166666667,50,10.2938436274674,589435.779952411,2.08333333333333,2020,10,26.055543763126007,9.815512423557523,63.98417771451521,991.5374898055207,74,74
28059_2020-10-29 01:00:00,2020299N18277,28059,Jackson,2020-10-29 01:00:00,71,144975,78978.0,1397.04166666667,71,25.599515038713,3711289.69273742,2.95833333333333,2020,10,35.830245237530406,10.064653404817326,48.51184247175829,994.5115325029484,95,95
28047_2020-10-29 01:00:00,2020299N18277,28047,Harrison,2020-10-29 01:00:00,71,211044,102896.0,1397.04166666667,71,50.8596252526823,10733618.7518271,2.95833333333333,2020,10,34.054175739828864,10.209211769252345,57.26274824842644,990.4212237474696,95,95
28039_2020-10-29 01:00:00,2020299N18277,28039,George,2020-10-29 01:00:00,71,25206,16764.0,1397.04166666667,71,49.3237890718206,1243255.42734431,2.95833333333333,2020,10,32.31036957140011,8.921648972929422,56.17923265126111,991.2595658383808,95,95
28131_2020-10-29 01:00:00,2020299N18277,28131,Stone,2020-10-29 01:00:00,71,18669,9525.0,1397.04166666667,71,41.241154855643,769931.12,2.95833333333333,2020,10,30.940596026466004,8.708902584066367,58.6372885387391,989.9018452380952,95,95
28041_2020-10-29 02:00:00,2020299N18277,28041,Greene,2020-10-29 02:00:00,70,13552,8867.33333333333,1397.08333333333,70,43.0015794223827,582757.40433213,2.91666666666667,2020,10,27.20460931780607,8.707571211801815,58.56608367435665,991.601894123783,94,94
01097_2020-10-29 02:00:00,2020299N18277,01097,Mobile,2020-10-29 02:00:00,70,411411,208689.0,1397.08333333333,70,19.2540402295216,7921323.94486771,2.91666666666667,2020,10,34.58355528502052,9.948632448747103,46.03032524828758,996.575615311177,94,94
28111_2020-10-29 02:00:00,2020299N18277,28111,Perry,2020-10-29 02:00:00,70,11368,7283.0,1397.08333333333,70,16.250858162845,184739.755595222,2.91666666666667,2020,10,24.98017237758926,8.441615984972254,54.51536907936166,990.6039257218846,94,94
01025_2020-10-29 03:00:00,2020299N18277,01025,Clarke,2020-10-29 03:00:00,69,22515,7796.0,1397.125,69,53.3319475582377,1200768.79927372,2.875,2020,10,30.85250286198564,8.723482036237973,61.129752035349696,993.3301150926656,93,93
01053_2020-10-29 03:00:00,2020299N18277,01053,Escambia,2020-10-29 03:00:00,43,36666,11541.0,1397.125,43,11.6325130455764,426517.723329103,1.79166666666667,2020,10,31.79048314283597,10.747195263242524,22.286509676520517,1001.6505898953744,67,67
28153_2020-10-29 04:00:00,2020299N18277,28153,Wayne,2020-10-29 04:00:00,45,19681,12180.0,1397.16666666667,45,4.53245282040889,89203.2039584674,1.875,2020,10,24.03992508902338,9.750656312135144,53.268488329087425,991.5127399553572,69,69
01091_2020-10-29 05:00:00,2020299N18277,01091,Marengo,2020-10-29 05:00:00,67,18745,9033.0,1397.20833333333,67,15.2745832695212,286322.063387175,2.79166666666667,2020,10,23.818900653713783,8.276459136944126,63.64522023638996,991.2916879491786,91,91
01035_2020-10-29 05:00:00,2020299N18277,01035,Conecuh,2020-10-29 05:00:00,58,11206,569.0,1397.20833333333,58,14.98769771529,167952.14059754,2.41666666666667,2020,10,32.59086611675868,9.619422597863414,20.186708624609846,1000.4602252355174,82,82
01131_2020-10-29 05:00:00,2020299N18277,01131,Wilcox,2020-10-29 05:00:00,67,10059,6595.0,1397.20833333333,67,61.0717159081053,614320.390319632,2.79166666666667,2020,10,32.90507028150665,8.711185542756224,49.65921469190405,995.0823573218264,91,91
01099_2020-10-29 05:00:00,2020299N18277,01099,Monroe,2020-10-29 05:00:00,67,19404,7448.0,1397.20833333333,67,30.5217932541268,592244.876303077,2.79166666666667,2020,10,33.859829070644125,8.942119735748605,39.48858599956051,997.433572643058,91,91
01105_2020-10-29 05:00:00,2020299N18277,01105,Perry,2020-10-29 05:00:00,67,8035,4951.0,1397.20833333333,67,37.4698045938907,301069.879911912,2.79166666666667,2020,10,24.534012208501974,8.665561331155478,58.01819234966753,992.0908250711178,91,91
01001_2020-10-29 06:00:00,2020299N18277,01001,Autauga,2020-10-29 06:00:00,66,59759,30490.0,1397.25,66,16.3201498487503,975275.83481147,2.75,2020,10,34.406994818090425,9.152431217975842,34.580873748726724,995.7347425050814,90,90
01021_2020-10-29 06:00:00,2020299N18277,01021,Chilton,2020-10-29 06:00:00,66,45884,28034.0,1397.25,66,40.8602671328844,1874832.49712527,2.75,2020,10,30.459845195129045,9.286918081381383,40.84082803373196,993.4004113247862,90,90
01047_2020-10-29 06:00:00,2020299N18277,01047,Dallas,2020-10-29 06:00:00,66,36767,23364.0,1397.25,66,49.9913407230569,1838031.62436463,2.75,2020,10,32.49933003702222,8.651579933604973,50.94493628369972,994.2854849137929,90,90
01085_2020-10-29 06:00:00,2020299N18277,01085,Lowndes,2020-10-29 06:00:00,66,9777,5949.0,1397.25,66,26.4893893007653,258986.759193582,2.75,2020,10,33.29762447394317,8.969013503676976,25.44146136773209,997.7847384605354,90,90
01037_2020-10-29 07:00:00,2020299N18277,01037,Coosa,2020-10-29 07:00:00,65,10166,8676.0,1397.29166666667,65,39.1187961806331,397681.681972316,2.70833333333333,2020,10,34.5238681343747,9.643019041002935,30.22524925072613,995.795683534743,89,89
01063_2020-10-29 07:00:00,2020299N18277,01063,Greene,2020-10-29 07:00:00,29,7422,2601.0,1397.29166666667,29,4.03729334871203,29964.7912341407,1.20833333333333,2020,10,18.53238164972376,10.676649243710008,43.06369115081098,993.4443912037036,53,53
01051_2020-10-29 07:00:00,2020299N18277,01051,Elmore,2020-10-29 07:00:00,65,89563,47112.0,1397.29166666667,65,17.6852993082955,1583948.46194887,2.70833333333333,2020,10,32.763428777909205,9.410631660245684,23.261083946011308,998.1394487319532,89,89
01007_2020-10-29 07:00:00,2020299N18277,01007,Bibb,2020-10-29 07:00:00,65,22005,11546.0,1397.29166666667,65,16.1476500716502,355329.039826662,2.70833333333333,2020,10,21.7874890973491,8.830639801426354,48.61939547943972,991.0104770665324,89,89
01121_2020-10-29 08:00:00,2020299N18277,01121,Talladega,2020-10-29 08:00:00,64,80704,39098.0,1397.33333333333,64,24.4974393158939,1977041.3425499,2.66666666666667,2020,10,29.961829807858905,9.569899386123154,32.59773607072294,993.8401742788462,88,88
13149_2020-10-29 08:00:00,2020299N18277,13149,Heard,2020-10-29 08:00:00,60,11725,6117.0,1397.33333333333,60,16.0130783063593,187753.343142063,2.5,2020,10,31.79319351629504,10.202546350408356,21.085112687635117,998.355989747634,84,84
13113_2020-10-29 08:00:00,2020299N18277,13113,Fayette,2020-10-29 08:00:00,30,122030,53734.0,1397.33333333333,30,2.24812967581047,274339.264339152,1.25,2020,10,33.528905516689264,12.388630025295075,16.713668366225022,999.8444273361652,54,54
13143_2020-10-29 08:00:00,2020299N18277,13143,Haralson,2020-10-29 08:00:00,64,31337,14643.0,1397.33333333333,64,25.2953582659734,792680.64198081,2.66666666666667,2020,10,32.58783178167829,10.218694482048049,28.908936245272226,996.1108927436442,88,88
13045_2020-10-29 08:00:00,2020299N18277,13045,Carroll,2020-10-29 08:00:00,48,124592,54261.0,1397.33333333333,48,10.1033424986931,1258795.64859717,2.0,2020,10,32.41837294769287,11.13240290239122,27.066023284569383,997.30177671875,72,72
13077_2020-10-29 08:00:00,2020299N18277,13077,Coweta,2020-10-29 08:00:00,33,152882,55139.0,1397.33333333333,33,4.42926059594842,677154.218429787,1.375,2020,10,30.161898275522088,11.919843196151847,17.98590089880176,999.3392855425824,57,57
01027_2020-10-29 08:00:00,2020299N18277,01027,Clay,2020-10-29 08:00:00,64,14198,7003.0,1397.33333333333,64,32.4633478519401,460914.612801846,2.66666666666667,2020,10,33.061358000740164,9.980327631608402,29.503985557941686,996.0195364583332,88,88
13067_2020-10-29 09:00:00,2020299N18277,13067,Cobb,2020-10-29 09:00:00,44,771952,288188.0,1397.375,44,7.90522855245793,6102456.99152701,1.83333333333333,2020,10,31.545889374869216,11.463943793152561,28.71012269253177,997.1423446428572,68,68
01101_2020-10-29 09:00:00,2020299N18277,01101,Montgomery,2020-10-29 09:00:00,25,226361,105529.0,1397.375,25,2.78086694276543,629479.822031325,1.04166666666667,2020,10,30.469118218296924,12.010899836213586,15.336790638330502,999.8630488256867,49,49
13291_2020-10-29 09:00:00,2020299N18277,13291,Union,2020-10-29 09:00:00,41,26388,19165.0,1397.375,41,7.57422384555179,199868.618836421,1.70833333333333,2020,10,29.20981880714153,11.513581813657103,44.93990326407311,997.1389938038792,65,65
13097_2020-10-29 09:00:00,2020299N18277,13097,Douglas,2020-10-29 09:00:00,45,147316,60698.0,1397.375,45,5.9349566707305,874314.076905335,1.875,2020,10,30.18725193671461,11.43307919882998,24.702749228245526,997.5134986733492,69,69
13129_2020-10-29 09:00:00,2020299N18277,13129,Gordon,2020-10-29 09:00:00,40,58954,16132.0,1397.375,40,6.73616203609681,397123.696676052,1.66666666666667,2020,10,27.311968224947574,10.786565970446244,34.17622922064706,993.8153355532788,64,64
13115_2020-10-29 09:00:00,2020299N18277,13115,Floyd,2020-10-29 09:00:00,63,99443,46260.0,1397.375,63,11.1606571552097,1109849.22948552,2.625,2020,10,28.243380734414767,9.626859584323043,31.569460125562422,992.9941691820552,87,87
13055_2020-10-29 09:00:00,2020299N18277,13055,Chattooga,2020-10-29 09:00:00,31,24936,13504.0,1397.375,31,3.05241877437137,76115.1145577244,1.29166666666667,2020,10,25.311803852012776,11.51734703180254,37.74119495737652,992.0727530875748,55,55
13233_2020-10-29 09:00:00,2020299N18277,13233,Polk,2020-10-29 09:00:00,59,43709,19380.0,1397.375,59,12.1567881265732,531361.052224387,2.45833333333333,2020,10,31.019097413845405,10.413038748682048,27.57732118033765,994.4898844498504,83,83
13089_2020-10-29 09:00:00,2020299N18277,13089,DeKalb,2020-10-29 09:00:00,48,762820,347855.0,1397.375,48,8.33991461959724,6361853.67012117,2.0,2020,10,28.79051875721325,11.311022676410097,19.733952356671747,998.7810326704548,72,72
13063_2020-10-29 09:00:00,2020299N18277,13063,Clayton,2020-10-29 09:00:00,41,296564,119855.0,1397.375,41,1.41508471898161,419663.184600061,1.70833333333333,2020,10,33.08816943297516,11.455004448603198,15.16077871358878,999.5437552787164,65,65
13057_2020-10-29 09:00:00,2020299N18277,13057,Cherokee,2020-10-29 09:00:00,60,281278,114893.0,1397.375,60,8.08437080099048,2273955.650161,2.5,2020,10,31.56641037330199,10.801360940576048,36.301003284543086,997.1066813553372,84,84
01123_2020-10-29 09:00:00,2020299N18277,01123,Tallapoosa,2020-10-29 09:00:00,63,40977,21446.0,1397.375,63,22.7084263984329,930523.188528586,2.625,2020,10,32.09152354386748,9.845431577722165,24.620412078947222,998.210144262566,87,87
13015_2020-10-29 09:00:00,2020299N18277,13015,Bartow,2020-10-29 09:00:00,56,112816,36164.0,1397.375,56,10.4930706497356,1183786.25842057,2.33333333333333,2020,10,28.63287002012735,10.508777079005151,30.45820097207644,995.0426736664012,80,80
13013_2020-10-29 10:00:00,2020299N18277,13013,Barrow,2020-10-29 10:00:00,26,89299,34070.0,1397.41666666667,26,0.485253972187194,43332.6944623442,1.08333333333333,2020,10,29.876617020475653,12.573183076024769,18.89255408666091,1000.0399635104792,50,50
13227_2020-10-29 10:00:00,2020299N18277,13227,Pickens,2020-10-29 10:00:00,62,34826,10213.0,1397.41666666667,62,26.4216817293763,920161.487907259,2.58333333333333,2020,10,28.918853326277304,10.85726910388495,39.90625717084517,996.2911541193182,86,86
13139_2020-10-29 10:00:00,2020299N18277,13139,Hall,2020-10-29 10:00:00,55,212692,86143.0,1397.41666666667,55,9.01170047894528,1916716.59826783,2.29166666666667,2020,10,31.639750430458477,10.518803829176212,36.813853915942744,999.175176451659,79,79
13187_2020-10-29 10:00:00,2020299N18277,13187,Lumpkin,2020-10-29 10:00:00,62,34796,16140.0,1397.41666666667,62,25.2785573290824,879592.68082275,2.58333333333333,2020,10,33.09988700018988,10.561736940058774,48.41704207381565,998.4258827861952,86,86
13297_2020-10-29 10:00:00,2020299N18277,13297,Walton,2020-10-29 10:00:00,36,103065,34560.0,1397.41666666667,36,0.832792573733901,85831.7666118845,1.5,2020,10,30.753232189587184,11.675803879518359,12.421976120787718,1000.8886458333334,60,60
13111_2020-10-29 10:00:00,2020299N18277,13111,Fannin,2020-10-29 10:00:00,62,25737,21762.0,1397.41666666667,62,19.3167875816274,497156.161988345,2.58333333333333,2020,10,28.50928044752641,10.878587421982788,37.6906848819503,995.5850381747156,86,86
13085_2020-10-29 10:00:00,2020299N18277,13085,Dawson,2020-10-29 10:00:00,62,30138,14712.0,1397.41666666667,62,21.2243610936924,639659.794641702,2.58333333333333,2020,10,32.07216440836589,10.652703168410666,44.7110575224672,997.8974133184524,86,86
13137_2020-10-29 10:00:00,2020299N18277,13137,Habersham,2020-10-29 10:00:00,62,47475,18787.0,1397.41666666667,62,20.3847234093724,967764.743859955,2.58333333333333,2020,10,29.652192259863984,9.642486701108188,51.859534305366246,999.0172659060252,86,86
13135_2020-10-29 10:00:00,2020299N18277,13135,Gwinnett,2020-10-29 10:00:00,34,975353,348209.0,1397.41666666667,34,3.96379986059501,3866104.08543092,1.41666666666667,2020,10,28.123377033225143,11.802968959509524,21.350946157075512,998.8899730303456,58,58
13117_2020-10-29 10:00:00,2020299N18277,13117,Forsyth,2020-10-29 10:00:00,30,267237,101228.0,1397.41666666667,30,3.83768760827745,1025572.12337324,1.25,2020,10,28.81557183140673,12.261396334858867,34.156703582026545,998.2328680945694,54,54
13241_2020-10-29 11:00:00,2020299N18277,13241,Rabun,2020-10-29 11:00:00,61,17206,14888.0,1397.45833333333,61,39.3054987216455,676290.411004632,2.54166666666667,2020,10,28.48940963935377,9.739754677490351,60.514726945456864,998.5722665991271,85,85
13195_2020-10-29 11:00:00,2020299N18277,13195,Madison,2020-10-29 11:00:00,26,31473,14847.0,1397.45833333333,26,0.838376694256389,26386.2296983313,1.08333333333333,2020,10,29.375404428080174,11.698760321435321,16.974343049237163,1000.5799341555183,50,50
37113_2020-10-29 11:00:00,2020299N18277,37113,Macon,2020-10-29 11:00:00,37,38065,28331.0,1397.45833333333,37,3.97894309326965,151458.468845309,1.54166666666667,2020,10,28.801642298027453,11.65434787115967,51.37879569013559,997.7541527908066,61,61
13311_2020-10-29 11:00:00,2020299N18277,13311,White,2020-10-29 11:00:00,61,28806,33847.0,1397.45833333333,61,27.1447491094711,781931.642847424,2.54166666666667,2020,10,32.412076364352004,10.238268545238219,51.20238939696175,998.6329459891732,85,85
13223_2020-10-29 11:00:00,2020299N18277,13223,Paulding,2020-10-29 11:00:00,53,178421,62113.0,1397.45833333333,53,8.92230908507525,1591927.30926821,2.20833333333333,2020,10,28.71999684433264,10.976924710535508,25.726606268035763,996.1544303585122,77,77
13257_2020-10-29 11:00:00,2020299N18277,13257,Stephens,2020-10-29 11:00:00,55,26767,13917.0,1397.45833333333,55,9.8299920959977,263119.39843357,2.29166666666667,2020,10,28.050564016614643,9.37514343947842,37.10173044059122,999.5810407366072,79,79
45077_2020-10-29 12:00:00,2020299N18277,45077,Pickens,2020-10-29 12:00:00,60,133462,75254.0,1397.5,60,12.5358928560444,1673065.3323534,2.5,2020,10,34.38478091964148,8.671774983214002,50.11443894345986,999.1828643385808,84,84
45073_2020-10-29 12:00:00,2020299N18277,45073,Oconee,2020-10-29 12:00:00,60,80180,38699.0,1397.5,60,13.6433109975069,1093920.6757801,2.5,2020,10,30.752020478761697,8.562257578262681,52.22142918417539,999.284574515782,84,84
45045_2020-10-29 12:00:00,2020299N18277,45045,Greenville,2020-10-29 12:00:00,55,547950,249175.0,1397.5,55,7.92658396184609,4343371.68189356,2.29166666666667,2020,10,31.62553916782829,9.404965513141274,32.02861736959723,999.392094566373,79,79
37089_2020-10-29 12:00:00,2020299N18277,37089,Henderson,2020-10-29 12:00:00,38,118106,66001.0,1397.5,38,4.25934455538552,503054.148058363,1.58333333333333,2020,10,28.765827756498307,11.428415420851294,48.874111688499156,997.9120469545164,62,62
37175_2020-10-29 12:00:00,2020299N18277,37175,Transylvania,2020-10-29 12:00:00,50,33355,22886.0,1397.5,50,5.22609478510398,174316.391557143,2.08333333333333,2020,10,30.78124270776306,10.65330135337388,56.31975811257057,998.0468647411618,74,74
37039_2020-10-29 12:00:00,2020299N18277,37039,Cherokee,2020-10-29 12:00:00,33,29512,17116.0,1397.5,33,5.43327880345875,160346.924047675,1.375,2020,10,27.353021572902005,12.103171201559029,38.46242845948063,995.4362240138594,57,57
01015_2020-10-29 13:00:00,2020299N18277,01015,Calhoun,2020-10-29 13:00:00,59,115788,58817.0,1397.54166666667,59,20.5942252088293,2384564.14847993,2.45833333333333,2020,10,28.820824411352024,9.694293278084098,32.07341839168432,992.9669564171392,83,83
37003_2020-10-29 13:00:00,2020299N18277,37003,Alexander,2020-10-29 13:00:00,59,36512,18832.0,1397.54166666667,59,14.1102378929482,515193.005947324,2.45833333333333,2020,10,27.93027322817365,7.974449605287628,36.20670988671616,997.2142996953972,83,83
37149_2020-10-29 13:00:00,2020299N18277,37149,Polk,2020-10-29 13:00:00,59,19986,17594.0,1397.54166666667,59,20.3451877221636,406618.921815161,2.45833333333333,2020,10,33.435004197634186,9.198974585643624,43.58516207788712,998.3658933293268,83,83
37023_2020-10-29 13:00:00,2020299N18277,37023,Burke,2020-10-29 13:00:00,59,87881,29976.0,1397.54166666667,59,10.1056421700551,888093.939546608,2.45833333333333,2020,10,24.783323944939507,8.113219261680102,45.32569407968334,997.4767524594909,83,83
01117_2020-10-29 13:00:00,2020299N18277,01117,Shelby,2020-10-29 13:00:00,59,230115,105707.0,1397.54166666667,59,15.8278859156175,3642233.96747231,2.45833333333333,2020,10,26.78063390346673,9.290267628414748,36.53481713878976,991.8679191706732,83,83
01115_2020-10-29 13:00:00,2020299N18277,01115,St. Clair,2020-10-29 13:00:00,59,93932,49089.0,1397.54166666667,59,9.01829323099789,847106.319774094,2.45833333333333,2020,10,23.53475601196289,9.371714768262912,40.499071138738486,992.8711851851853,83,83
45083_2020-10-29 13:00:00,2020299N18277,45083,Spartanburg,2020-10-29 13:00:00,32,345831,142690.0,1397.54166666667,32,3.14651050453105,1088160.87429248,1.33333333333333,2020,10,27.78186984347961,10.866759143140627,18.102497549685975,999.54794653349,56,56
45007_2020-10-29 13:00:00,2020299N18277,45007,Anderson,2020-10-29 13:00:00,30,209581,110850.0,1397.54166666667,30,2.47766350924673,519271.195931439,1.25,2020,10,30.499798139747305,10.87285630291191,18.764587616956582,1000.2969923867984,54,54
37161_2020-10-29 13:00:00,2020299N18277,37161,Rutherford,2020-10-29 13:00:00,59,64963,38203.0,1397.54166666667,59,18.9816412677045,1233104.36167389,2.45833333333333,2020,10,29.66422285329304,8.564724058573043,37.86485775647423,998.0487603459254,83,83
37197_2020-10-29 14:00:00,2020299N18277,37197,Yadkin,2020-10-29 14:00:00,37,37463,20791.0,1397.58333333333,37,13.555868141061,507843.488168567,1.54166666666667,2020,10,30.34516046473707,9.890501713490266,30.19650571752896,996.759484054252,61,61
01055_2020-10-29 14:00:00,2020299N18277,01055,Etowah,2020-10-29 14:00:00,25,103088,53591.0,1397.58333333333,25,2.78406340851431,287003.528656923,1.04166666666667,2020,10,22.20987896962209,11.486369759766006,40.612163699257216,992.2763268581082,49,49
37035_2020-10-29 14:00:00,2020299N18277,37035,Catawba,2020-10-29 14:00:00,58,163462,77885.0,1397.58333333333,58,8.72466881858916,1426151.81442422,2.41666666666667,2020,10,28.35361126554964,8.440380150682394,24.874724396351425,998.2512465155517,82,82
37059_2020-10-29 14:00:00,2020299N18277,37059,Davie,2020-10-29 14:00:00,33,44090,21852.0,1397.58333333333,33,3.77841845140033,166590.469522241,1.375,2020,10,30.63467179131262,10.817370185500181,18.28334344186119,997.9206754725086,57,57
01029_2020-10-29 14:00:00,2020299N18277,01029,Cleburne,2020-10-29 14:00:00,58,15346,9331.0,1397.58333333333,58,34.8061890203834,534135.776706803,2.41666666666667,2020,10,30.66720748700594,10.335401328588379,27.528280534438395,995.1630807291668,82,82
01111_2020-10-29 14:00:00,2020299N18277,01111,Randolph,2020-10-29 14:00:00,58,22479,13651.0,1397.58333333333,58,25.6495272849958,576575.72383942,2.41666666666667,2020,10,33.44084789112375,10.101082582398684,23.88061124561961,997.5137455286168,82,82
37109_2020-10-29 14:00:00,2020299N18277,37109,Lincoln,2020-10-29 14:00:00,27,93095,37752.0,1397.58333333333,27,2.31638058910786,215643.450942996,1.125,2020,10,28.35441470775437,11.729173382911593,16.188945258008943,998.5996934567448,51,51
37097_2020-10-29 14:00:00,2020299N18277,37097,Iredell,2020-10-29 14:00:00,47,195897,76320.0,1397.58333333333,47,7.6917321802935,1506787.25892296,1.95833333333333,2020,10,27.309835979764237,9.560089618799928,20.177272768346462,998.0106239064932,71,71
01017_2020-10-29 14:00:00,2020299N18277,01017,Chambers,2020-10-29 14:00:00,50,34088,12345.0,1397.58333333333,50,5.47473500111506,186622.76671801,2.08333333333333,2020,10,33.63114961094681,10.837785076213597,15.365294497740457,999.5516019544314,74,74
37169_2020-10-29 15:00:00,2020299N18277,37169,Stokes,2020-10-29 15:00:00,57,45175,24918.0,1397.625,57,19.4430603876306,878340.253011211,2.375,2020,10,30.662761079921648,8.546862418238652,30.569561556893795,996.2713893711418,81,81
37067_2020-10-29 15:00:00,2020299N18277,37067,Forsyth,2020-10-29 15:00:00,57,389157,185289.0,1397.625,57,8.35503024998052,3251418.50699167,2.375,2020,10,30.633713943370875,8.683195575047046,21.031075037997844,997.3391045818234,81,81
37157_2020-10-29 16:00:00,2020299N18277,37157,Rockingham,2020-10-29 16:00:00,52,91957,50138.0,1397.66666666667,52,7.73144122222665,710960.140472296,2.16666666666667,2020,10,27.142227421921145,9.1368767471981,19.43448629579107,996.5443835910654,76,76
37081_2020-10-29 16:00:00,2020299N18277,37081,Guilford,2020-10-29 16:00:00,24,546101,219049.0,1397.66666666667,24,2.37719414377605,1298188.09911024,1.0,2020,10,27.127903320572592,12.226585225230366,13.36982164304407,998.0688459916548,48,48
37193_2020-10-29 16:00:00,2020299N18277,37193,Wilkes,2020-10-29 16:00:00,26,65784,37530.0,1397.66666666667,26,1.53818256516786,101187.801867002,1.08333333333333,2020,10,24.054065763875936,11.24281852129247,44.48758576416438,996.828378784332,50,50
51143_2020-10-29 16:00:00,2020299N18277,51143,Pittsylvania,2020-10-29 16:00:00,24,59952,34320.0,1397.66666666667,24,2.29008152614347,137294.967655354,1.0,2020,10,27.932263295385077,10.888737803899863,24.11171508382308,994.9447867358472,48,48
13265_2020-10-30 10:00:00,2020299N18277,13265,Taliaferro,2020-10-30 10:00:00,26,1600,1058.0,1398.41666666667,26,0.366664524616618,586.663239386588,1.08333333333333,2020,10,16.72922297624441,9.264980766589826,0.16162968061577784,1001.6158349609374,50,50
01035_2021-06-19 15:00:00,2021169N23268,01035,Conecuh,2021-06-19 15:00:00,29,11206,561.0,1630.58333333333,29,9.06773618538324,101613.051693405,1.20833333333333,2021,6,15.073565582858963,9.521869713000582,33.010780636359456,1007.94693607635,53,53
01131_2021-06-19 16:00:00,2021169N23268,01131,Wilcox,2021-06-19 16:00:00,50,10059,6640.0,1630.625,50,0.166718550432476,1677.02189880028,2.08333333333333,2021,6,17.173072362530206,8.612540253666948,55.42072806484533,1006.32086172397,74,74
13123_2021-06-20 07:00:00,2021169N23268,13123,Gilmer,2021-06-20 07:00:00,54,32407,17750.0,1631.25,54,1.39666410382752,45261.6936127383,2.25,2021,6,12.46234245570201,8.012080833539333,71.3021624350112,1010.0878721992924,78,78
47139_2021-06-20 07:00:00,2021169N23268,47139,Polk,2021-06-20 07:00:00,46,17863,9582.0,1631.25,46,0.330003661450684,5894.85540449357,1.91666666666667,2021,6,12.500291020801486,7.582552149086614,35.707459812921925,1009.3427314301553,70,70
01057_2021-06-22 09:00:00,2021169N23268,01057,Fayette,2021-06-22 09:00:00,38,16118,10649.0,1633.33333333333,38,0.293258854765579,4726.7462211116,1.58333333333333,2021,6,11.609649188188756,5.071787507211595,13.41472616765666,1010.8997902176072,62,62
12051_2021-07-04 07:00:00,2021182N09317,12051,Hendry,2021-07-04 07:00:00,39,41339,15195.0,1645.25,39,0.370384995064166,15311.3453109576,1.625,2021,7,10.345416751155868,4.372231481665662,24.126711238385234,1013.668245417732,63,63
12029_2021-07-06 00:00:00,2021182N09317,12029,Dixie,2021-07-06 00:00:00,46,17124,5439.0,1646.95833333333,46,1.3386311410773,22922.7196598077,1.91666666666667,2021,7,19.40283817153379,8.695810813312892,65.37557064937091,1009.4710920557228,70,70
34037_2021-07-07 00:00:00,2021182N09317,34037,Sussex,2021-07-07 00:00:00,52,146084,70139.0,1647.95833333333,52,4.59935078514243,671891.560096747,2.16666666666667,2021,7,13.337912236389355,6.686501504868846,31.90704611877567,1009.169891293174,76,76
34041_2021-07-07 00:00:00,2021182N09317,34041,Warren,2021-07-07 00:00:00,51,110926,52084.0,1647.95833333333,51,1.9732746484982,218887.463659312,2.125,2021,7,13.002365109972963,6.9108914204156795,22.98385768213417,1009.2454964471272,75,75
45029_2021-07-08 07:00:00,2021182N09317,45029,Colleton,2021-07-08 07:00:00,50,38599,27418.0,1649.25,50,1.19478095754865,46117.3501804202,2.08333333333333,2021,7,17.989775498154273,9.091051486019182,37.304500960387955,1007.008194141986,74,74
51093_2021-07-09 02:00:00,2021182N09317,51093,Isle of Wight,2021-07-09 02:00:00,42,40151,14645.0,1650.04166666667,42,0.655113729640605,26303.4713587999,1.75,2021,7,20.546979569033443,8.2483580142514,32.93706863536198,1005.44276122416,66,66
37149_2021-07-09 20:00:00,2021182N09317,37149,Polk,2021-07-09 20:00:00,43,19986,18863.0,1650.79166666667,43,0.417961087843927,8353.37030164873,1.79166666666667,2021,7,12.171053963441114,5.778665554646646,9.931383063443578,1014.8522794471154,67,67
13207_2021-07-09 23:00:00,2021182N09317,13207,Monroe,2021-07-09 23:00:00,30,29427,16405.0,1650.91666666667,30,0.237549527583054,6990.36994818653,1.25,2021,7,11.44898404598236,6.921203072954108,11.543585327453911,1015.9204140625,54,54
13087_2021-08-15 06:00:00,2021222N14301,13087,Decatur,2021-08-15 06:00:00,44,28982,14709.0,1687.20833333333,44,0.269160925101719,7800.82193129802,1.83333333333333,2021,8,22.30974470423901,7.973495642307347,53.507517801788374,1006.863327140748,68,68
21069_2021-08-15 14:00:00,2021222N14301,21069,Fleming,2021-08-15 14:00:00,24,15288,4779.0,1687.54166666667,24,4.37413684871312,66871.8041431262,1.0,2021,8,7.405964029332003,4.905776095317884,21.547669673357934,1016.079126180013,48,48
39015_2021-08-16 14:00:00,2021222N14301,39015,Brown,2021-08-16 14:00:00,32,43680,20328.0,1688.54166666667,32,0.209169618260527,9136.52892561984,1.33333333333333,2021,8,6.515549349434236,4.119500416229252,21.066946169251906,1014.6605415613512,56,56
13317_2021-08-16 16:00:00,2021222N14301,13317,Wilkes,2021-08-16 16:00:00,30,9599,1514.0,1688.625,30,0.560766182298547,5382.79458388375,1.25,2021,8,13.967626157014267,7.001639431454033,25.887415482128503,1011.1467991394928,54,54
12037_2021-08-16 17:00:00,2021222N14301,12037,Franklin,2021-08-16 17:00:00,25,12498,10595.0,1688.66666666667,25,3.61293062765455,45154.4069844266,1.04166666666667,2021,8,19.529049060008187,11.41842038366822,121.01864770569422,1004.8223220095095,49,49
12013_2021-08-16 21:00:00,2021222N14301,12013,Calhoun,2021-08-16 21:00:00,44,13464,4675.0,1688.83333333333,44,16.6705882352941,224452.8,1.83333333333333,2021,8,16.80685440137614,7.255816739677418,82.7111672879898,1002.9107421875,68,68
54001_2021-08-17 01:00:00,2021222N14301,54001,Barbour,2021-08-17 01:00:00,25,15414,6446.0,1689.0,25,5.1403971455166,79234.0816009929,1.04166666666667,2021,8,12.361238624412971,6.781611655840876,20.827108233464948,1014.4956699934554,49,49
12077_2021-08-17 01:00:00,2021222N14301,12077,Liberty,2021-08-17 01:00:00,25,7603,3349.0,1689.0,25,5.54673036727381,42171.7909823828,1.04166666666667,2021,8,18.33503078018474,8.544379090554045,73.5785838067139,1003.5003295155152,49,49
39105_2021-08-17 17:00:00,2021222N14301,39105,Meigs,2021-08-17 17:00:00,26,21969,12021.0,1689.66666666667,26,0.400898898364357,8807.34789816656,1.08333333333333,2021,8,13.478678427085311,6.508729832510112,82.7043899403881,1011.872775171776,50,50
37011_2021-08-18 00:00:00,2021222N14301,37011,Avery,2021-08-18 00:00:00,45,17571,1764.0,1689.95833333333,45,13.0759637188209,229757.758503401,1.875,2021,8,22.762189351595367,7.88386613214295,54.106400160190574,1013.4264660456732,69,69
37121_2021-08-18 00:00:00,2021222N14301,37121,Mitchell,2021-08-18 00:00:00,26,15094,10885.0,1689.95833333333,26,3.21451538814883,48519.8952687184,1.08333333333333,2021,8,22.7059802606639,8.795840609506213,48.2072549172626,1012.491326147152,50,50
21159_2021-08-18 02:00:00,2021222N14301,21159,Martin,2021-08-18 02:00:00,53,11095,5552.0,1690.04166666667,53,0.369236311239193,4096.67687319885,2.20833333333333,2021,8,14.93375503679036,5.473890187230244,73.5099252845021,1011.5501774418016,77,77
54005_2021-08-18 05:00:00,2021222N14301,54005,Boone,2021-08-18 05:00:00,44,20968,11514.3333333333,1690.16666666667,44,2.28221817235095,47853.5506378547,1.83333333333333,2021,8,15.579651536854035,6.408548765702306,32.20848010152305,1011.7499362098622,68,68
54043_2021-08-18 11:00:00,2021222N14301,54043,Lincoln,2021-08-18 11:00:00,59,19901,11398.8,1690.41666666667,59,1.77250394806106,35274.6010703632,2.45833333333333,2021,8,16.999823793110096,5.388182736543742,46.08629387656324,1011.206385361842,83,83
54085_2021-08-18 12:00:00,2021222N14301,54085,Ritchie,2021-08-18 12:00:00,55,8207,6543.0,1690.45833333333,55,0.827778331460391,6793.57676629543,2.29166666666667,2021,8,13.773035437693236,4.7823634846426275,41.02375489390885,1012.1929514575098,79,79
54047_2021-08-19 23:00:00,2021222N14301,54047,McDowell,2021-08-19 23:00:00,47,17850,10891.0,1691.91666666667,47,0.875309888899091,15624.2815168488,1.95833333333333,2021,8,8.029322580857711,4.015494267482376,7.919891757753814,1011.6575956075176,71,71
54063_2021-08-21 00:00:00,2021222N14301,54063,Monroe,2021-08-21 00:00:00,41,12296,7721.0,1692.95833333333,41,0.375858049475457,4621.55057635021,1.70833333333333,2021,8,8.446584084565353,3.920239009084515,1.984806834211245,1011.8784421227808,65,65
44009_2021-08-22 16:00:00,2021222N14301,44009,Washington,2021-08-22 16:00:00,58,130330,72701.0,1694.625,58,20.6626043658271,2692957.22699825,2.41666666666667,2021,8,20.771817898978824,9.250564367338455,59.86397565541842,1000.6552105381392,164,164
44003_2021-08-22 17:00:00,2021222N14301,44003,Kent,2021-08-22 17:00:00,28,171275,80817.0,1694.66666666667,28,2.78870782137422,477635.932105869,1.16666666666667,2021,8,19.67910672616268,10.290190143684434,55.318346490030706,1002.0995418176328,104,104
44009_2021-08-22 16:00:00,2021227N36297,44009,Washington,2021-08-22 16:00:00,58,130330,72701.0,1694.625,58,20.6626043658271,2692957.22699825,2.41666666666667,2021,8,20.771817898978824,9.250564367338455,59.86397565541842,1000.6552105381392,164,164
44003_2021-08-22 17:00:00,2021227N36297,44003,Kent,2021-08-22 17:00:00,28,171275,80817.0,1694.66666666667,28,2.78870782137422,477635.932105869,1.16666666666667,2021,8,19.67910672616268,10.290190143684434,55.318346490030706,1002.0995418176328,104,104
51099_2021-08-27 07:00:00,2021239N17281,51099,King George,2021-08-27 07:00:00,57,27856,11917.0,1699.25,57,0.716672514431599,19963.6295620066,2.375,2021,8,7.636043154276334,4.34449505347472,4.3120662404152625,1016.5868671123797,81,81
22105_2021-08-28 21:00:00,2021239N17281,22105,Tangipahoa,2021-08-28 21:00:00,477,137048,69113.0,1700.83333333333,477,228.13377548707,31265277.6629519,19.875,2021,8,34.70155426895251,9.186521256762843,234.70681234519495,992.7109286854215,501,168
28123_2021-08-28 22:00:00,2021239N17281,28123,Scott,2021-08-28 22:00:00,100,27707,14633.6666666667,1700.875,100,1.39680903598098,38701.3879599251,4.16666666666667,2021,8,25.61228769302368,9.594974674473526,106.88080965541303,998.818689453125,124,124
22075_2021-08-29 13:00:00,2021239N17281,22075,Plaquemines,2021-08-29 13:00:00,418,22516,12631.0,1701.5,418,233.901291842512,5266521.48712599,17.4166666666667,2021,8,39.375800933958665,12.50397979554748,297.9948073155665,994.1487997749308,442,168
47161_2021-08-29 14:00:00,2021239N17281,47161,Stewart,2021-08-29 14:00:00,50,14035,7668.0,1701.54166666667,50,0.338810641627543,4755.20735524257,2.08333333333333,2021,8,13.55281942764131,6.3608959309774695,42.10115394342948,1003.0804781868812,74,74
22057_2021-08-29 15:00:00,2021239N17281,22057,Lafourche,2021-08-29 15:00:00,748,95870,44137.0,1701.58333333333,748,430.164167095451,41239838.6994409,31.1666666666667,2021,8,31.885180068378787,9.765704875472725,298.20387702844886,985.9704228799272,772,168
22051_2021-08-29 16:00:00,2021239N17281,22051,Jefferson,2021-08-29 16:00:00,419,425884,211981.0,1701.625,419,209.152646592013,89074765.7411927,17.4583333333333,2021,8,39.680328493863584,10.883826111284126,371.2662848424125,990.3599479166668,443,168
22095_2021-08-29 17:00:00,2021239N17281,22095,St. John the Baptist,2021-08-29 17:00:00,602,39864,19744.0,1701.66666666667,602,361.236589837732,14400335.4172913,25.0833333333333,2021,8,34.15648693615878,9.482401668644586,251.22629110996107,986.5880765427216,626,168
22089_2021-08-29 17:00:00,2021239N17281,22089,St. Charles,2021-08-29 17:00:00,630,50998,22976.3333333333,1701.66666666667,630,375.677005875728,19158775.9456504,26.25,2021,8,32.91454316161173,9.404429224387926,263.81769187657926,985.0766020620206,654,168
22103_2021-08-29 17:00:00,2021239N17281,22103,St. Tammany,2021-08-29 17:00:00,247,273263,132031.0,1701.66666666667,247,119.511605327292,32658099.8065517,10.2916666666667,2021,8,36.46693803292733,9.882186471511867,239.32877131910234,997.5930552662036,271,168
22071_2021-08-29 17:00:00,2021239N17281,22071,Orleans,2021-08-29 17:00:00,269,369749,193765.0,1701.66666666667,269,164.335760546667,60762983.1263695,11.2083333333333,2021,8,39.400988042180806,10.791011468629018,279.09350486977274,994.3497209821428,293,168
22109_2021-08-29 17:00:00,2021239N17281,22109,Terrebonne,2021-08-29 17:00:00,646,104786,27759.75,1701.66666666667,646,405.459650922278,42486494.9815418,26.9166666666667,2021,8,30.719707213455685,9.54725054438747,171.6238096987952,987.6373756142508,670,168
22087_2021-08-29 18:00:00,2021239N17281,22087,St. Bernard,2021-08-29 18:00:00,220,44479,20654.0,1701.70833333333,220,128.706823049086,5724750.78240028,9.16666666666667,2021,8,33.43205389285043,11.986573779396432,256.4532762974775,1002.7841788047318,244,168
22093_2021-08-29 19:00:00,2021239N17281,22093,St. James,2021-08-29 19:00:00,582,19423,9897.8,1701.75,582,295.64517869724,5742316.3058365,24.25,2021,8,32.087217128182964,8.101274969651987,163.33291344857943,985.4613321235236,606,168
28043_2021-08-29 19:00:00,2021239N17281,28043,Grenada,2021-08-29 19:00:00,26,21088,11412.0,1701.75,26,0.384770417104802,8114.03855590606,1.08333333333333,2021,8,21.44033323566565,10.855922349179725,74.29446215856444,998.1993869382022,50,50
22005_2021-08-29 20:00:00,2021239N17281,22005,Ascension,2021-08-29 20:00:00,460,130458,58300.6666666667,1701.79166666667,460,137.89162907597,17989066.1459929,19.1666666666667,2021,8,32.611787328656945,8.032720945942334,153.2814464568845,988.446639072848,484,168
22047_2021-08-29 20:00:00,2021239N17281,22047,Iberville,2021-08-29 20:00:00,293,29506,9090.42857142857,1701.79166666667,293,82.1606858419398,2424233.19645228,12.2083333333333,2021,8,27.37388858765224,7.494442766999739,88.01400299100689,994.7322710213896,317,168
28105_2021-08-29 20:00:00,2021239N17281,28105,Oktibbeha,2021-08-29 20:00:00,78,51427,7675.0,1701.79166666667,78,1.38812945805874,71387.3336395868,3.25,2021,8,21.910266744816727,9.087828522879374,116.82252955597696,997.6169131654488,102,102
01023_2021-08-29 20:00:00,2021239N17281,01023,Choctaw,2021-08-29 20:00:00,49,12439,2892.5,1701.79166666667,49,0.332871492899203,4140.58850017319,2.04166666666667,2021,8,20.253380733200267,11.504485908501909,58.895842142733215,1003.1471446466246,73,73
22117_2021-08-29 21:00:00,2021239N17281,22117,Washington,2021-08-29 21:00:00,240,45025,24683.0,1701.83333333333,240,75.9969856330909,3421764.27812992,10.0,2021,8,33.18021206628708,8.524036579966003,218.02842606779274,998.4917659505206,264,168
22007_2021-08-29 21:00:00,2021239N17281,22007,Assumption,2021-08-29 21:00:00,333,20604,10490.0,1701.83333333333,333,147.062724471805,3030080.37501707,13.875,2021,8,31.477362154578632,7.93666390845088,121.77091298484001,989.3398120185576,357,168
28147_2021-08-29 21:00:00,2021239N17281,28147,Walthall,2021-08-29 21:00:00,143,13761,8688.0,1701.83333333333,143,43.0144665527784,591922.074232784,5.95833333333333,2021,8,33.45550736926851,8.440336712476592,213.39450931564014,997.9467792528196,167,167
22091_2021-08-29 22:00:00,2021239N17281,22091,St. Helena,2021-08-29 22:00:00,437,10822,6247.0,1701.875,437,232.111298999555,2511908.47777319,18.2083333333333,2021,8,34.8701747442673,7.785463882462076,149.07096705800603,990.552235122796,461,168
28045_2021-08-29 22:00:00,2021239N17281,28045,Hancock,2021-08-29 22:00:00,38,46094,26523.0,1701.875,38,4.99305215432822,230149.746001605,1.58333333333333,2021,8,28.807972347542343,17.752418303582864,155.83289508365942,1004.1539791478295,62,62
22101_2021-08-29 22:00:00,2021239N17281,22101,St. Mary,2021-08-29 22:00:00,28,47789,18905.0,1701.875,28,7.60597725469453,363482.047024597,1.16666666666667,2021,8,29.51182467015815,17.370434936308158,32.848549213601835,996.1640830592104,52,52
22037_2021-08-30 00:00:00,2021239N17281,22037,East Feliciana,2021-08-30 00:00:00,256,19135,10375.0,1701.95833333333,256,72.3699422730256,1384798.84539435,10.6666666666667,2021,8,29.903618105414772,7.234611354099728,80.38642790481077,990.5256652140024,280,168
22063_2021-08-30 00:00:00,2021239N17281,22063,Livingston,2021-08-30 00:00:00,414,148425,68420.0,1701.95833333333,414,181.139002350392,26885556.4238569,17.25,2021,8,33.30585795701152,8.069358482914904,185.713653860568,989.076226213023,438,168
22033_2021-08-30 00:00:00,2021239N17281,22033,East Baton Rouge,2021-08-30 00:00:00,171,450544,216086.0,1701.95833333333,171,67.333107984248,30336527.803655,7.125,2021,8,28.27535828334626,7.312472770938943,97.62825641060817,991.0431219139812,195,168
28157_2021-08-30 01:00:00,2021239N17281,28157,Wilkinson,2021-08-30 01:00:00,116,8143,5922.0,1702.0,116,36.1890464295378,294687.405075727,4.83333333333333,2021,8,23.954286306440046,7.585623104596803,38.17010932108292,992.7260594484216,140,140
22125_2021-08-30 01:00:00,2021239N17281,22125,West Feliciana,2021-08-30 01:00:00,185,15381,6354.0,1702.0,185,51.0154316969962,784668.354931498,7.70833333333333,2021,8,23.947813737476974,6.756057206996321,51.852543944004154,992.949201388889,209,168
28109_2021-08-30 02:00:00,2021239N17281,28109,Pearl River,2021-08-30 02:00:00,75,57261,30236.0,1702.04166666667,75,20.1473715197765,1153658.64059393,3.125,2021,8,27.65748577524757,11.731617872859097,136.16503591659753,1003.6177097710164,99,99
22121_2021-08-30 02:00:00,2021239N17281,22121,West Baton Rouge,2021-08-30 02:00:00,45,28034,12840.0,1702.04166666667,45,7.32663551401869,205394.9,1.875,2021,8,26.79414379006565,12.219335668653889,58.513539474420604,992.923374071782,69,69
28065_2021-08-30 03:00:00,2021239N17281,28065,Jefferson Davis,2021-08-30 03:00:00,37,11088,7889.0,1702.08333333333,37,3.2018354291765,35501.9512387091,1.54166666666667,2021,8,26.98719480276691,14.856518179884205,141.81231185771105,1001.1602410605136,61,61
28005_2021-08-30 03:00:00,2021239N17281,28005,Amite,2021-08-30 03:00:00,186,12619,11863.0,1702.08333333333,186,62.5058043459202,788760.745041168,7.75,2021,8,31.516539478302004,7.420372993337415,111.47329917617351,992.046146918403,210,168
22077_2021-08-30 04:00:00,2021239N17281,22077,Pointe Coupee,2021-08-30 04:00:00,43,20151,5091.0,1702.125,43,7.55411510508741,152222.973482616,1.79166666666667,2021,8,22.800008842389875,11.239189060156974,32.902125161530265,995.4096995398118,67,67
28113_2021-08-30 04:00:00,2021239N17281,28113,Pike,2021-08-30 04:00:00,157,39644,20043.0,1702.125,157,62.5628606414138,2480242.04726821,6.54166666666667,2021,8,32.80518322132952,7.925759828120246,197.5734101992017,994.6383556916874,181,168
28037_2021-08-30 05:00:00,2021239N17281,28037,Franklin,2021-08-30 05:00:00,141,7642,6539.0,1702.16666666667,141,27.2254089099894,208056.574890139,5.875,2021,8,29.962178197182897,7.301258925082777,90.98809240001044,994.4301306818182,165,165
28031_2021-08-30 07:00:00,2021239N17281,28031,Covington,2021-08-30 07:00:00,112,18098,11527.0,1702.25,112,2.17670618131743,39394.0284694829,4.66666666666667,2021,8,26.107101435743328,8.552177393603555,125.0776518033291,1001.306420838452,136,136
28085_2021-08-30 07:00:00,2021239N17281,28085,Lincoln,2021-08-30 07:00:00,115,34717,18004.0,1702.25,115,17.6977797365377,614413.819113379,4.79166666666667,2021,8,30.989149884479804,8.437400787331427,150.09595456172934,996.8368698279616,139,139
28077_2021-08-30 08:00:00,2021239N17281,28077,Lawrence,2021-08-30 08:00:00,102,11713,8726.0,1702.29166666667,102,8.66021086408434,101437.04985102,4.25,2021,8,30.362542406420843,9.044877332672664,168.57642975361648,999.0878535703856,126,126
28021_2021-08-30 08:00:00,2021239N17281,28021,Claiborne,2021-08-30 08:00:00,100,8805,5287.0,1702.29166666667,100,11.9099938843548,104867.496151744,4.16666666666667,2021,8,26.521529033396508,8.105025245617162,87.32301540267055,998.1896970915842,124,124
28063_2021-08-30 08:00:00,2021239N17281,28063,Jefferson,2021-08-30 08:00:00,79,7087,4907.0,1702.29166666667,79,7.83058751971422,55495.3737522147,3.29166666666667,2021,8,28.00521846875143,8.768720682853251,68.13536978015088,996.8329576544264,103,103
28001_2021-08-30 08:00:00,2021239N17281,28001,Adams,2021-08-30 08:00:00,35,28408,17108.0,1702.29166666667,35,5.6640168342296,160903.390226794,1.45833333333333,2021,8,24.766457668389904,11.017319291621224,38.62999003501931,995.3735219895622,59,59
28029_2021-08-30 09:00:00,2021239N17281,28029,Copiah,2021-08-30 09:00:00,55,27719,15730.0,1702.33333333333,55,11.3408443318532,314356.864034639,2.29166666666667,2021,8,29.741544716641545,11.139759312765536,130.60205190700773,998.3447353316328,79,79
28127_2021-08-30 10:00:00,2021239N17281,28127,Simpson,2021-08-30 10:00:00,36,25587,15933.5,1702.375,36,4.12797338856461,105622.455093203,1.5,2021,8,26.372786745764436,13.53607581037417,136.92137012348007,999.6721019644292,60,60
28099_2021-08-30 12:00:00,2021239N17281,28099,Neshoba,2021-08-30 12:00:00,64,28673,11352.0,1702.45833333333,64,0.942245390984355,27017.0020956944,2.66666666666667,2021,8,22.77438002678454,10.017162710459276,102.7660403345786,999.4011065364156,88,88
28079_2021-08-30 16:00:00,2021239N17281,28079,Leake,2021-08-30 16:00:00,58,21135,11412.0,1702.625,58,0.685731481176857,14492.9348546729,2.41666666666667,2021,8,23.851536618886204,9.59987416822648,91.61569666493514,998.3743202255566,82,82
54015_2021-08-30 19:00:00,2021239N17281,54015,Clay,2021-08-30 19:00:00,67,7814,3865.0,1702.75,67,2.134136937837,16676.1460322583,2.79166666666667,2021,8,9.994735422160105,5.655569348112531,74.00215900129062,1000.9867206452154,91,91
01065_2021-08-30 22:00:00,2021239N17281,01065,Hale,2021-08-30 22:00:00,51,14595,6932.0,1702.875,51,0.38199653779573,5575.23946912868,2.125,2021,8,19.792578698630116,9.57101288543154,76.04572649624738,1001.8582949131168,75,75
28069_2021-08-30 23:00:00,2021239N17281,28069,Kemper,2021-08-30 23:00:00,50,8654,5792.0,1702.91666666667,50,0.44240333878056,3828.55849380696,2.08333333333333,2021,8,20.67441409862936,10.285583500579804,91.83343722476987,1000.3525862930506,74,74
13123_2021-08-30 23:00:00,2021239N17281,13123,Gilmer,2021-08-30 23:00:00,50,32407,17771.0,1702.91666666667,50,1.7326543244612,56150.1286928141,2.08333333333333,2021,8,18.75269621273257,9.30135332276662,58.7250198531931,1002.6286217570756,74,74
51091_2021-08-31 13:00:00,2021239N17281,51091,Highland,2021-08-31 13:00:00,28,2301,2342.0,1703.5,28,0.273697694278395,629.778394534586,1.16666666666667,2021,8,14.700797821095671,7.256789271424457,57.97436759660554,1001.8856149528826,52,52
51017_2021-08-31 14:00:00,2021239N17281,51017,Bath,2021-08-31 14:00:00,27,4049,3630.0,1703.54166666667,27,0.284573002754821,1152.23608815427,1.125,2021,8,15.569853913680369,6.9248574018031235,53.80838566986116,1001.627190625,51,51
28015_2021-08-31 16:00:00,2021239N17281,28015,Carroll,2021-08-31 16:00:00,31,9731,1279.0,1703.625,31,0.788115715402658,7669.15402658327,1.29166666666667,2021,8,13.983277894218883,7.543534118046771,4.493051271863123,998.2226086905212,55,55
37075_2021-09-01 04:00:00,2021239N17281,37075,Graham,2021-09-01 04:00:00,44,7980,6294.0,1704.125,44,1.81744518589133,14503.2125834128,1.83333333333333,2021,9,21.10057929572936,8.94035528855802,64.73726595067765,1002.898219053398,68,68
28051_2021-09-01 23:00:00,2021239N17281,28051,Holmes,2021-09-01 23:00:00,25,16121,4875.0,1704.91666666667,25,2.19794871794872,35433.1312820513,1.04166666666667,2021,9,8.453016727894274,4.688309209828267,0.6149559841518841,1008.388713300354,49,49
28007_2021-09-01 23:00:00,2021239N17281,28007,Attala,2021-09-01 23:00:00,26,17509,7526.0,1704.91666666667,26,2.99747541854903,52482.797103375,1.08333333333333,2021,9,9.420827448771352,4.679296907649473,1.5272862178365485,1008.4174977799393,50,50
42091_2021-09-01 23:00:00,2021239N17281,42091,Montgomery,2021-09-01 23:00:00,29,864683,343466.0,1704.91666666667,29,2.45219387052329,2120370.35254569,1.20833333333333,2021,9,18.57625696178725,9.201243995900924,52.48444445617152,1000.6242522527727,53,53
28163_2021-09-02 00:00:00,2021239N17281,28163,Yazoo,2021-09-02 00:00:00,25,25948,1330.0,1704.95833333333,25,2.79774436090226,72595.8706766917,1.04166666666667,2021,9,7.190321946243861,4.2402868898119905,0.7712914477877899,1008.3706991206852,49,49
34019_2021-09-02 02:00:00,2021239N17281,34019,Hunterdon,2021-09-02 02:00:00,32,129777,60593.0,1705.04166666667,32,2.93605351448259,381032.216949007,1.33333333333333,2021,9,20.4048625302602,9.36748644157312,65.26563954389985,1001.969110504518,56,56
12065_2021-09-09 07:00:00,2021252N28273,12065,Jefferson,2021-09-09 07:00:00,25,15042,8477.0,1712.25,25,1.3780319956516,20728.3572785914,1.04166666666667,2021,9,9.19999087870982,6.056745571505486,29.877177716186495,1008.681693168138,49,49
28005_2021-09-11 14:00:00,2021256N21265,28005,Amite,2021-09-11 14:00:00,26,12619,12143.0,1714.54166666667,26,2.36256042673779,29813.1500250042,1.08333333333333,2021,9,11.957114569346112,5.5045660205682125,3.584276671366145,1017.8281907552084,50,50
22081_2021-09-12 19:00:00,2021256N21265,22081,Red River,2021-09-12 19:00:00,24,7420,5101.0,1715.75,24,0.268967985949197,1995.74245574304,1.0,2021,9,9.014716420854842,5.771224128185632,6.226303029709453,1015.5579025175642,48,48
48321_2021-09-14 01:00:00,2021256N21265,48321,Matagorda,2021-09-14 01:00:00,118,36125,16388.0,1717.0,118,32.6997349297311,1181277.92433653,4.91666666666667,2021,9,20.08359306233789,6.7116595406077,48.99843415064586,1004.9905653652444,142,142
48481_2021-09-14 04:00:00,2021256N21265,48481,Wharton,2021-09-14 04:00:00,114,41824,22973.0,1717.125,114,26.4402645368377,1105837.6239887,4.75,2021,9,17.71593167286328,6.369566901823702,24.13020344956223,1004.9984270881872,138,138
48039_2021-09-14 04:00:00,2021256N21265,48039,Brazoria,2021-09-14 04:00:00,70,388181,145867.0,1717.125,70,16.1811282720587,6281206.55377601,2.91666666666667,2021,9,21.014943933699676,8.705762702642174,71.21945507919393,1003.3597227035534,94,94
48015_2021-09-14 04:00:00,2021256N21265,48015,Austin,2021-09-14 04:00:00,101,31097,17426.0,1717.125,101,25.1007865660255,780559.159843694,4.20833333333333,2021,9,17.053123213762156,7.103685191055019,13.809685525341541,1007.5154792944786,125,125
48473_2021-09-14 06:00:00,2021256N21265,48473,Waller,2021-09-14 06:00:00,66,61894,29531.0,1717.20833333333,66,14.4228106132476,892685.440096348,2.75,2021,9,17.8970697776944,8.27458433644704,15.422034451701478,1007.032778952206,90,90
48167_2021-09-14 06:00:00,2021256N21265,48167,Galveston,2021-09-14 06:00:00,48,357117,131851.0,1717.20833333333,48,7.97641821137103,2848514.54239019,2.0,2021,9,22.680925409370488,11.987941937863456,122.27896180452134,1004.6721286324477,72,72
48071_2021-09-14 07:00:00,2021256N21265,48071,Chambers,2021-09-14 07:00:00,68,51288,22850.0,1717.25,68,9.84896758519855,505133.849509663,2.83333333333333,2021,9,21.151997336741665,8.741928380625302,130.13181291822406,1004.4316791679264,92,92
48089_2021-09-14 07:00:00,2021256N21265,48089,Colorado,2021-09-14 07:00:00,36,20754,15251.0,1717.25,36,6.02654708640153,125074.958231177,1.5,2021,9,16.161337322215136,9.630613568174486,8.475799477264207,1007.5797230857332,60,60
22077_2021-09-16 00:00:00,2021256N21265,22077,Pointe Coupee,2021-09-16 00:00:00,49,20151,5091.0,1718.95833333333,49,0.526812021213907,10615.7890394814,2.04166666666667,2021,9,7.935910175924433,5.331876274221363,20.728244470936335,1006.275074780608,73,73
25023_2021-10-27 05:00:00,2021299N33284,25023,Plymouth,2021-10-27 05:00:00,91,533069,206642.0,1760.16666666667,91,42.2444169266957,22519189.0866968,3.79166666666667,2021,10,32.56285193629157,14.536685997122673,71.68560821381502,990.0702738119008,115,115
25001_2021-10-27 07:00:00,2021299N33284,25001,Barnstable,2021-10-27 07:00:00,71,232457,185552.0,1760.25,71,32.1024295076313,7462434.45605545,2.95833333333333,2021,10,31.485381774290765,17.098187303947114,45.50202277040453,986.682527763861,95,95
25021_2021-10-27 10:00:00,2021299N33284,25021,Norfolk,2021-10-27 10:00:00,55,725531,269037.0,1760.375,55,8.06570977088696,5851922.47578139,2.29166666666667,2021,10,29.61589844317983,12.84130720631576,31.693927643884354,993.3470408387824,79,79
25007_2021-10-27 10:00:00,2021299N33284,25007,Dukes,2021-10-27 10:00:00,63,20868,20273.0,1760.375,63,12.8542396290633,268242.272579293,2.625,2021,10,30.185672893080607,16.787620075508915,28.68045065951848,986.5256740552326,87,87
44003_2021-10-27 11:00:00,2021299N33284,44003,Kent,2021-10-27 11:00:00,31,171275,80823.0,1760.41666666667,31,4.53511395498979,776751.642640877,1.29166666666667,2021,10,25.86860518524612,13.908089371632212,16.35761264765608,992.6149350845412,55,55
25005_2021-10-27 11:00:00,2021299N33284,25005,Bristol,2021-10-27 11:00:00,42,580068,202065.0,1760.41666666667,42,7.03828289692341,4082682.68345257,1.75,2021,10,28.71111494885921,14.621394123663311,22.396459870201358,990.4169546140408,66,66
44009_2021-10-27 12:00:00,2021299N33284,44009,Washington,2021-10-27 12:00:00,34,130330,72700.0,1760.45833333333,34,6.86209137184542,894336.368492613,1.41666666666667,2021,10,26.563798752074806,15.24618101545508,13.397426148073171,991.0983970646968,58,58
12051_2022-09-27 17:00:00,2022263N10313,12051,Hendry,2022-09-27 17:00:00,196,41339,15770.0,2095.66666666667,196,52.2607511035892,2160407.18987127,8.16666666666667,2022,9,29.585371705272312,8.868335777052435,63.782837270867816,992.7709913150044,220,168
12021_2022-09-28 13:00:00,2022263N10313,12021,Collier,2022-09-28 13:00:00,165,397994,266091.0,2096.5,165,60.2103428481238,23963355.1914962,6.875,2022,9,31.90221790022993,9.691955763544042,61.4167069801179,994.6859206120092,189,168
12027_2022-09-28 14:00:00,2022263N10313,12027,DeSoto,2022-09-28 14:00:00,224,35312,15719.0,2096.54166666667,224,107.25274725795,3787309.01117275,9.33333333333333,2022,9,34.42957217830002,8.856254730941961,136.37131988664106,985.6250405553344,248,168
12071_2022-09-28 14:00:00,2022263N10313,12071,Lee,2022-09-28 14:00:00,263,822453,474231.0,2096.54166666667,263,129.068807614851,106153028.029257,10.9583333333333,2022,9,33.89491654413044,10.572971698054252,154.5206312934589,984.7481048558096,287,168
12115_2022-09-28 15:00:00,2022263N10313,12115,Sarasota,2022-09-28 15:00:00,204,462286,289988.0,2096.58333333333,204,74.3586167520388,34374947.503833,8.5,2022,9,36.71109159383786,10.665444155229265,233.62489503704234,987.9367775988752,228,168
12081_2022-09-28 15:00:00,2022263N10313,12081,Manatee,2022-09-28 15:00:00,152,429125,237346.0,2096.58333333333,152,47.6588885921035,20451620.5670864,6.33333333333333,2022,9,33.01914715606894,9.887475932147337,197.79446536479247,992.4396106858222,176,168
12015_2022-09-28 16:00:00,2022263N10313,12015,Charlotte,2022-09-28 16:00:00,228,202661,125746.0,2096.625,228,131.884606780839,26727866.2948116,9.5,2022,9,35.08754816567501,9.791824717888106,159.2516330978297,984.8125768262468,252,168
12043_2022-09-28 22:00:00,2022263N10313,12043,Glades,2022-09-28 22:00:00,123,12454,6799.0,2096.875,123,38.8406365122899,483721.287124058,5.125,2022,9,29.72128616208615,8.893276921407388,32.079410867299885,990.9416953125,147,147
12055_2022-09-28 23:00:00,2022263N10313,12055,Highlands,2022-09-28 23:00:00,118,105618,65335.0,2096.91666666667,118,62.6931510373638,6621525.22626429,4.91666666666667,2022,9,29.317417563115796,8.885194833593609,71.29117258180445,990.1561966339452,142,142
12105_2022-09-28 23:00:00,2022263N10313,12105,Polk,2022-09-28 23:00:00,96,787404,355057.0,2096.91666666667,96,26.2357114515537,20658104.1397992,4.0,2022,9,29.321977189501872,9.777605338116613,182.7253767873006,994.71184138332,120,120
12127_2022-09-29 00:00:00,2022263N10313,12127,Volusia,2022-09-29 00:00:00,119,579192,310300.0,2096.95833333333,119,42.9121489069536,24854373.3497163,4.95833333333333,2022,9,24.519443478560436,9.491900693612493,175.6269956507545,997.1735238898318,143,143
12095_2022-09-29 04:00:00,2022263N10313,12095,Orange,2022-09-29 04:00:00,70,1452726,631967.0,2097.125,70,12.8982912827745,18737683.1020598,2.91666666666667,2022,9,25.15576158456467,10.150175690475054,142.88164521824925,994.0636348146984,94,94
12093_2022-09-29 04:00:00,2022263N10313,12093,Okeechobee,2022-09-29 04:00:00,68,40412,22938.0,2097.125,68,25.8958496817508,1046503.07733891,2.83333333333333,2022,9,28.21529385389864,10.643892175820953,44.98182598128491,992.527224473834,92,92
12097_2022-09-29 04:00:00,2022263N10313,12097,Osceola,2022-09-29 04:00:00,39,422545,198813.0,2097.125,39,3.37672332547404,1426817.55756243,1.625,2022,9,27.063418047291037,13.059174610502179,124.2110080612748,992.8691612793652,63,63
12111_2022-09-29 05:00:00,2022263N10313,12111,St. Lucie,2022-09-29 05:00:00,39,358704,173837.0,2097.16666666667,39,4.78086943516052,1714916.98986982,1.625,2022,9,26.58917615189016,13.863592686986488,26.748568954733187,996.016060505319,63,63
12061_2022-09-29 05:00:00,2022263N10313,12061,Indian River,2022-09-29 05:00:00,48,167352,99474.0,2097.16666666667,48,7.55761154064953,1264781.40655078,2.0,2022,9,26.83720474445356,12.008170079777743,40.425908516486935,994.3592833480564,72,72
12069_2022-09-29 06:00:00,2022263N10313,12069,Lake,2022-09-29 06:00:00,42,410139,169649.0,2097.20833333333,42,5.29934800236066,2173469.2903402,1.75,2022,9,24.207420615613565,13.164281532458045,121.63439614416765,998.3076927037569,66,66
12009_2022-09-29 07:00:00,2022263N10313,12009,Brevard,2022-09-29 07:00:00,62,630693,330448.0,2097.25,62,9.3894470536968,5921858.5306372,2.58333333333333,2022,9,24.75423455962732,10.721167809834826,105.43303029387795,992.6277006274768,86,86
12109_2022-09-29 08:00:00,2022263N10313,12109,St. Johns,2022-09-29 08:00:00,38,306841,132884.0,2097.29166666667,38,3.1958422791015,980615.440761784,1.58333333333333,2022,9,27.4635015785104,17.17582871334426,134.55373876253236,1002.3500020304764,62,62
12107_2022-09-29 10:00:00,2022263N10313,12107,Putnam,2022-09-29 10:00:00,35,74731,42472.0,2097.375,35,5.25023680894843,392355.446969525,1.45833333333333,2022,9,23.702810374066868,14.064952851829279,79.1082076442662,1003.8781648773008,59,59
51073_2022-09-29 15:00:00,2022263N10313,51073,Gloucester,2022-09-29 15:00:00,47,39493,20570.2,2097.58333333333,47,1.08251081830116,42751.5997471678,1.95833333333333,2022,9,26.357136695213573,12.575609598086926,58.335194154185984,1006.7355404922386,71,71
45025_2022-09-29 20:00:00,2022263N10313,45025,Chesterfield,2022-09-29 20:00:00,43,43683,20027.0,2097.79166666667,43,1.61088345332123,70368.2218914313,1.79166666666667,2022,9,30.383331046351174,14.006712122510079,107.01311305142877,997.5656263161852,67,67
51147_2022-09-29 21:00:00,2022263N10313,51147,Prince Edward,2022-09-29 21:00:00,42,21927,11461.0,2097.83333333333,42,0.902152431959481,19781.4963755755,1.75,2022,9,22.53615511187148,12.065261981465735,44.53197040037304,1005.7015581711742,66,66
51049_2022-09-29 21:00:00,2022263N10313,51049,Cumberland,2022-09-29 21:00:00,43,9746,5560.0,2097.83333333333,43,1.35323741007194,13188.6517985612,1.79166666666667,2022,9,20.54194033033795,11.306601120314243,43.90288232519147,1006.952499020376,67,67
45043_2022-09-30 15:00:00,2022263N10313,45043,Georgetown,2022-09-30 15:00:00,33,64722,37525.0,2098.58333333333,33,5.26731275063883,340911.015846847,1.375,2022,9,25.727494832434576,13.166688624897041,161.62957479539784,984.547740200765,57,57
45089_2022-09-30 15:00:00,2022263N10313,45089,Williamsburg,2022-09-30 15:00:00,30,30058,20725.0,2098.58333333333,30,4.49652977679973,135156.692031046,1.25,2022,9,28.82317345765616,13.025720465306003,136.733504710719,989.7599098807052,54,54
37017_2022-09-30 16:00:00,2022263N10313,37017,Bladen,2022-09-30 16:00:00,27,29446,22125.0,2098.625,27,1.86385309663237,54883.0182834366,1.125,2022,9,24.688064627595,14.128090209812983,109.62533764285288,993.2575355425824,51,51
37047_2022-09-30 17:00:00,2022263N10313,37047,Columbus,2022-09-30 17:00:00,27,49885,30095.0,2098.66666666667,27,4.57080138250759,228014.426966391,1.125,2022,9,26.020443516204896,13.9432926303467,120.33839085681815,989.8974827361252,51,51
45019_2022-09-30 17:00:00,2022263N10313,45019,Charleston,2022-09-30 17:00:00,24,419279,241137.0,2098.66666666667,24,3.10255195219565,1300834.87996464,1.0,2022,9,27.031333915004748,14.158047045107807,97.90106417505424,991.5582851192644,48,48
45033_2022-09-30 17:00:00,2022263N10313,45033,Dillon,2022-09-30 17:00:00,24,27738,13413.0,2098.66666666667,24,2.86083405615524,79353.815049634,1.0,2022,9,28.313753353506677,14.14646593236472,142.3987444274427,990.3722434618792,48,48
45067_2022-09-30 18:00:00,2022263N10313,45067,Marion,2022-09-30 18:00:00,27,28450,17647.0,2098.70833333333,27,3.47034506261033,98731.317031264,1.125,2022,9,27.879816156473517,12.995738645351016,149.41352208681064,988.9271769093812,51,51
37155_2022-09-30 18:00:00,2022263N10313,37155,Robeson,2022-09-30 18:00:00,29,116663,48305.0,2098.70833333333,29,5.40243709136318,630264.518389703,1.20833333333333,2022,9,28.32242812297892,13.576210467366193,120.29990958074454,991.2934039046656,53,53
37125_2022-09-30 20:00:00,2022263N10313,37125,Moore,2022-09-30 20:00:00,27,105531,63474.0,2098.79166666667,27,3.83896515247143,405129.831505462,1.125,2022,9,31.06975686809291,13.472723637116028,109.33809966651175,996.9363512652852,51,51
37165_2022-09-30 21:00:00,2022263N10313,37165,Scotland,2022-09-30 21:00:00,43,34162,14183.0,2098.83333333333,43,2.9677085825054,101382.86059555,1.79166666666667,2022,9,32.20941096616079,12.189799128708877,108.96213635162688,993.3586426957834,67,67
37085_2022-09-30 21:00:00,2022263N10313,37085,Harnett,2022-09-30 21:00:00,24,138832,65206.0,2098.83333333333,24,2.55284789743275,354416.979296384,1.0,2022,9,28.76384300938581,14.24870023145406,118.49444645882426,997.076018568485,48,48
37105_2022-09-30 22:00:00,2022263N10313,37105,Lee,2022-09-30 22:00:00,24,65476,36020.0,2098.875,24,2.63603553581344,172597.062742921,1.0,2022,9,30.08653880209818,13.77099305659605,118.07518326983292,997.5912143590328,48,48
37019_2022-09-30 22:00:00,2022263N10313,37019,Brunswick,2022-09-30 22:00:00,38,153064,112249.0,2098.875,38,0.670178946572994,102580.270278249,1.58333333333333,2022,9,28.94267839176864,12.981100989671061,82.66479379072581,991.0156490495392,62,62
37001_2022-09-30 22:00:00,2022263N10313,37001,Alamance,2022-09-30 22:00:00,25,176353,88974.0,2098.875,25,2.87589455523984,507172.632500212,1.04166666666667,2022,9,27.028089973317595,12.359525204863331,97.57417134206854,1000.679178334686,49,49
37151_2022-09-30 22:00:00,2022263N10313,37151,Randolph,2022-09-30 22:00:00,24,146043,73787.0,2098.875,24,2.47929163975633,362083.188944933,1.0,2022,9,29.79653450772432,12.743997553018017,85.87017760325935,999.8640283956112,48,48
37135_2022-09-30 23:00:00,2022263N10313,37135,Orange,2022-09-30 23:00:00,33,150477,89129.0,2098.91666666667,33,4.03922689908379,607810.746093431,1.375,2022,9,27.14643061469583,11.696170579695728,99.39885171568571,1000.3816016544118,57,57
37169_2022-10-01 00:00:00,2022263N10313,37169,Stokes,2022-10-01 00:00:00,43,45175,25632.0,2098.95833333333,43,5.94742585201643,268674.962864842,1.79166666666667,2022,9,24.20122753739848,10.889696950182032,64.88881903075817,1003.6487591628088,67,67
51141_2022-10-01 00:00:00,2022263N10313,51141,Patrick,2022-10-01 00:00:00,45,17643,12368.0,2098.95833333333,45,10.2776520051746,181328.614327296,1.875,2022,9,21.841559058551752,11.166074980664218,69.35541202544829,1004.86487697897,69,69
37081_2022-10-01 00:00:00,2022263N10313,37081,Guilford,2022-10-01 00:00:00,29,546101,226272.0,2098.95833333333,29,4.46648872203628,2439153.95759274,1.20833333333333,2022,9,26.56599204377694,11.25062826347392,81.02201075367206,1001.4674909002132,53,53
51590_2022-10-01 02:00:00,2022263N10313,51590,Danville,2022-10-01 02:00:00,57,42229,18524.0,2099.04166666667,57,9.3054955733103,392961.772565321,2.375,2022,10,24.58589875464346,10.400893922638184,83.22302129703994,1002.4236243872552,81,81
