event_id,storm,CountyFIPS,county,event_start,duration_hours,county_pop,pre_outage_tracked_customers,days_since_data_start,n_periods,integral,pop_hours_supply_lost,duration_days,year,month,max_gust,mean_gust_7d,total_precip_7d,pressure_min_7d,weather_hours_available,weather_hours_used,t90_lastcross,censored_lastcross,crossing_time_lastcross,t50,t50_censored,peak_outage_clean,threshold_used_t90,threshold_used_t50,crossing_time_t50,t90,t90_censored
54059_2017-06-24 04:00:00,2017171N24271,54059,Mingo,2017-06-24 04:00:00,62,22573,13970.0,174.125,62,4.77878915456688,107871.607586038,2.58333333333333,2017,6,20.08078265085094,6.98082268656967,18.274363243156458,1004.6533843268172,86,86,12.655841008240278,0,2017-06-24 16:39:21.027629665,11.3272405660375,0,0.47537580529706513,0.1,0.23768790264853257,2017-06-24 15:19:38.066037735,12.655841008240278,0
48355_2017-08-25 21:00:00,2017228N14314,48355,Nueces,2017-08-25 21:00:00,241,351674,143346.0,236.833333333333,241,59.3811952795346,20882822.468735,10.0416666666667,2017,8,23.61434429538961,12.115826871934669,131.43496739886243,994.0946907001336,265,168,163.03567415730333,0,2017-09-01 16:02:08.426966292,76.33354880413694,0,0.7328556111993269,0.1,0.3664278055996634,2017-08-29 01:20:00.775694893,163.03567415730333,0
48391_2017-08-25 22:00:00,2017228N14314,48391,Refugio,2017-08-25 22:00:00,409,6632,4527.0,236.875,409,253.371423550923,1680359.28098972,17.0416666666667,2017,8,27.200504788745206,11.924649178212846,176.83670550501074,991.719007880774,433,168,382.21368421052614,0,2017-09-10 20:12:49.263157894,260.91379310344803,0,0.9890560875512996,0.1,0.4945280437756498,2017-09-05 18:54:49.655172413,382.21368421052614,0
48409_2017-08-25 22:00:00,2017228N14314,48409,San Patricio,2017-08-25 22:00:00,291,69954,30060.0,236.875,291,112.724403564193,7885522.92692956,12.125,2017,8,24.878361208976116,12.038954027522218,148.0696087179154,993.9478722155744,315,168,237.77792792792778,0,2017-09-04 19:46:40.540540540,122.13696456901083,0,0.9068121226978825,0.1,0.45340606134894124,2017-08-31 00:08:13.072448439,237.77792792792778,0
48239_2017-08-26 00:00:00,2017228N14314,48239,Jackson,2017-08-26 00:00:00,172,15142,4458.0,236.958333333333,172,94.3516086477872,1428672.05814479,7.16666666666667,2017,8,31.236187964894288,12.635323802736629,291.14989669864985,995.4064719847156,196,168,153.7592452830186,0,2017-09-01 09:45:33.283018867,127.69909502262416,0,0.7759623992837958,0.1,0.3879811996418979,2017-08-31 07:41:56.742081447,153.7592452830186,0
48321_2017-08-26 00:00:00,2017228N14314,48321,Matagorda,2017-08-26 00:00:00,168,36125,15562.0,236.958333333333,168,39.9672009706017,1443815.13506299,7.0,2017,8,30.64475657613145,13.732302218688222,338.40556524169216,999.0008193210664,192,168,138.28707482993195,0,2017-08-31 18:17:13.469387755,43.200598802395,0,0.6829252822529494,0.1,0.3414626411264747,2017-08-27 19:12:02.155688622,138.28707482993195,0
48007_2017-08-26 01:00:00,2017228N14314,48007,Aransas,2017-08-26 01:00:00,451,24944,19431.0,237.0,451,325.38767319175,8116470.120095,18.7916666666667,2017,8,28.396930522544714,12.760304590389064,167.82543028102202,988.2812334558824,475,168,404.93248638838475,0,2017-09-11 21:55:56.950998185,326.7912004974225,0,0.977613092481087,0.1,0.4888065462405435,2017-09-08 15:47:28.321790721,404.93248638838475,0
48175_2017-08-26 01:00:00,2017228N14314,48175,Goliad,2017-08-26 01:00:00,330,7131,2933.0,237.0,330,111.260386574965,793397.816666073,13.75,2017,8,28.58893541959704,11.392843913765764,143.93400748066946,992.184988066826,354,168,237.56666666666638,0,2017-09-04 22:33:59.999999999,107.58962021814722,0,0.9245892018779343,0.1,0.4622946009389671,2017-08-30 12:35:22.632785330,237.56666666666638,0
48057_2017-08-26 03:00:00,2017228N14314,48057,Calhoun,2017-08-26 03:00:00,271,19706,7499.0,237.083333333333,271,173.098546472863,3411079.95679424,11.2916666666667,2017,8,28.85185513006369,13.237592305887807,236.14912069073176,992.1379642724804,295,168,246.23344594594585,0,2017-09-05 09:14:00.405405405,165.9638888888889,0,0.9902653687158288,0.1,0.4951326843579144,2017-09-02 00:57:50.000000000,246.23344594594585,0
48025_2017-08-26 06:00:00,2017228N14314,48025,Bee,2017-08-26 06:00:00,114,30394,8880.0,237.208333333333,114,36.1777192679203,1099585.59942917,4.75,2017,8,25.04966492073558,13.264975769093862,161.26480024736634,995.9792024131132,138,138,87.46885245901639,0,2017-08-29 21:28:07.868852459,37.177489177489164,0,0.7438708694990102,0.1,0.3719354347495051,2017-08-27 19:10:38.961038961,87.46885245901639,0
48469_2017-08-26 07:00:00,2017228N14314,48469,Victoria,2017-08-26 07:00:00,302,91065,30106.0,237.25,302,109.140866431263,9938913.00156295,12.5833333333333,2017,8,28.32871808851564,11.359259610396075,186.593675718688,991.586521362587,326,168,251.54107485604584,0,2017-09-05 18:32:27.869481765,137.42097264437666,0,0.860783731141263,0.1,0.4303918655706315,2017-09-01 00:25:15.501519756,251.54107485604584,0
48089_2017-08-26 17:00:00,2017228N14314,48089,Colorado,2017-08-26 17:00:00,81,20754,5500.0,237.666666666667,81,8.17485316441942,169660.902574361,3.375,2017,8,26.10550927966053,16.069669310832023,424.75207025399783,1002.0078712369112,105,105,76.42723311546834,0,2017-08-29 21:25:38.039215686,76.4715313207361,0,0.19307109346806206,0.1,0.09653554673403103,2017-08-29 21:28:17.512754650,76.42723311546834,0
22085_2017-08-28 19:00:00,2017228N14314,22085,Sabine,2017-08-28 19:00:00,76,21985,8290.0,239.75,76,5.27999589806098,116080.709818871,3.16666666666667,2017,8,15.836761553922967,10.522152108056753,225.14467113996614,1001.9545973196392,100,100,74.22650887573944,0,2017-08-31 21:13:35.431952662,73.55079681274889,0,0.313387949808151,0.1,0.1566939749040755,2017-08-31 20:33:02.868525896,74.22650887573944,0
48245_2017-08-30 05:00:00,2017228N14314,48245,Jefferson,2017-08-30 05:00:00,114,250830,117068.0,241.166666666667,114,11.7596406039316,2949670.65268417,4.75,2017,8,21.109897215364192,7.094368470758807,183.60845393347554,997.4314398644028,138,138,43.90726805328333,0,2017-09-01 00:54:26.164991820,85.24467350172527,0,0.17044794478422798,0.1,0.08522397239211399,2017-09-02 18:14:40.824606211,43.90726805328333,0
48071_2017-08-30 05:00:00,2017228N14314,48071,Chambers,2017-08-30 05:00:00,92,51288,12430.125,241.166666666667,92,9.12678646490122,468094.624211854,3.83333333333333,2017,8,21.663463869290887,7.569809119635674,143.31855044104472,1001.337966860641,116,116,90.33530499075778,0,2017-09-02 23:20:07.097966728,88.59655532359055,0,0.28189365279529216,0.1,0.14094682639764608,2017-09-02 21:35:47.599164926,90.33530499075778,0
48361_2017-08-30 10:00:00,2017228N14314,48361,Orange,2017-08-30 10:00:00,199,84934,41233.0,241.375,199,79.0355627325453,6712806.485126,8.29166666666667,2017,8,17.159171994034327,5.668355200333805,180.06250455744507,994.7800989179584,223,168,185.9256749602964,0,2017-09-07 03:55:32.429857067,103.50755071035583,0,0.7357698930468314,0.1,0.3678849465234157,2017-09-03 17:30:27.182557281,185.9256749602964,0
48419_2017-08-30 20:00:00,2017228N14314,48419,Shelby,2017-08-30 20:00:00,33,24008,3995.0,241.791666666667,33,1.07909887359199,25907.0057571965,1.375,2017,8,14.318107627050884,9.165878236840204,64.8714513852557,1004.750668487363,57,57,14.373217115689167,0,2017-08-31 10:22:23.581616481,14.5031695721075,0,0.15894868585732166,0.1,0.07947434292866083,2017-08-31 10:30:11.410459587,14.373217115689167,0
22081_2017-08-30 23:00:00,2017228N14314,22081,Red River,2017-08-30 23:00:00,24,7420,3236.0,241.916666666667,24,5.85012360939431,43407.9171817058,1.0,2017,8,16.451302454678178,10.431119280155519,93.86201878787134,1001.9641763026932,48,48,23.444050632911388,0,2017-08-31 22:26:38.582278481,23.036708860759443,0,0.2994437577255871,0.1,0.14972187886279356,2017-08-31 22:02:12.151898734,23.444050632911388,0
28053_2017-09-01 00:00:00,2017228N14314,28053,Humphreys,2017-09-01 00:00:00,24,7333,2644.0,242.958333333333,24,2.49697428139183,18310.3124054463,1.0,2017,8,14.985363532609467,7.4683779284291205,36.83440003757086,1003.0026462654148,48,48,16.220143884891943,0,2017-09-01 16:13:12.517985611,4.132075471698055,0,0.22692889561270801,0.1,0.11346444780635401,2017-09-01 04:07:55.471698113,16.220143884891943,0
47161_2017-09-01 06:00:00,2017228N14314,47161,Stewart,2017-09-01 06:00:00,48,14035,7491.0,243.208333333333,48,3.24669603524229,45567.3788546256,2.0,2017,9,19.02641545286273,9.377548663791913,116.92619098553266,1003.5570801361388,72,72,46.09169859514667,0,2017-09-03 04:05:30.114942528,12.4266304347825,0,0.31624616206114003,0.1,0.15812308103057002,2017-09-01 18:25:35.869565217,46.09169859514667,0
12037_2017-09-09 19:00:00,2017242N16333,12037,Franklin,2017-09-09 19:00:00,122,12498,9491.0,251.75,122,13.3911488345658,167362.578134403,5.08333333333333,2017,9,27.279316418163774,12.005696650264223,92.75071839806628,995.318711524024,146,146,120.81230949589667,0,2017-09-14 19:48:44.314185228,120.85638921453666,0,0.19262817370845994,0.1,0.09631408685422997,2017-09-14 19:51:23.001172332,120.81230949589667,0
12067_2017-09-09 20:00:00,2017242N16333,12067,Lafayette,2017-09-09 20:00:00,191,7786,786.0,251.791666666667,191,89.8808888826583,699812.600840377,7.95833333333333,2017,9,33.24103419673335,9.33372824364903,153.91627978281795,982.8335295608108,215,168,186.8025644925564,0,2017-09-17 14:48:09.232173203,101.99445531637305,0,0.9625681705503223,0.1,0.48128408527516114,2017-09-14 01:59:40.039138943,186.8025644925564,0
12013_2017-09-09 21:00:00,2017242N16333,12013,Calhoun,2017-09-09 21:00:00,54,13464,976.0,251.833333333333,54,8.9500948356099,120504.076866652,2.25,2017,9,25.291777432175497,14.104932238401753,89.23010366751612,996.0105648189046,78,78,53.30243902439,0,2017-09-12 02:18:08.780487804,51.934782608695556,0,0.5524889107934944,0.1,0.2762444553967472,2017-09-12 00:56:05.217391304,53.30243902439,0
12075_2017-09-09 22:00:00,2017242N16333,12075,Levy,2017-09-09 22:00:00,190,45260,5563.0,251.875,190,64.4138282251013,2915369.86546809,7.91666666666667,2017,9,33.16905834937835,9.553963984025225,145.73360884242518,976.9195070858868,214,168,170.764203411355,0,2017-09-17 00:45:51.132280878,97.618620689655,0,0.8714050097928049,0.1,0.43570250489640244,2017-09-13 23:37:07.034482758,170.764203411355,0
13193_2017-09-09 22:00:00,2017242N16333,13193,Macon,2017-09-09 22:00:00,118,11765,3712.0,251.875,118,32.7853128644046,385719.20584972,4.91666666666667,2017,9,33.13878472414039,10.140381344398833,119.4398227066182,992.0352254409976,142,142,98.42399999999972,0,2017-09-14 00:25:26.399999999,73.65521660115,0,0.9119373776908023,0.1,0.45596868884540115,2017-09-12 23:39:18.779764140,98.42399999999972,0
13183_2017-09-09 23:00:00,2017242N16333,13183,Long,2017-09-09 23:00:00,101,18348,2442.0,251.916666666667,101,26.4625248625249,485534.406177606,4.20833333333333,2017,9,37.283030738359614,11.632547388505346,167.87112111593652,994.9004571759258,125,125,96.19999999999972,0,2017-09-13 23:11:59.999999999,79.11819887429638,0,0.7436527436527437,0.1,0.37182637182637185,2017-09-13 06:07:05.515947467,96.19999999999972,0
12079_2017-09-10 02:00:00,2017242N16333,12079,Madison,2017-09-10 02:00:00,124,18198,3749.0,252.041666666667,124,53.5771571473622,974997.105767696,5.16666666666667,2017,9,34.06154558214091,9.72362998221226,136.38472335484133,985.0380013020834,148,148,119.83281313067306,0,2017-09-15 01:49:58.127270423,94.16257668711638,0,0.8350259291270528,0.1,0.4175129645635264,2017-09-14 00:09:45.276073619,119.83281313067306,0
12011_2017-09-10 06:00:00,2017242N16333,12011,Broward,2017-09-10 06:00:00,178,1947026,939274.0,252.208333333333,178,50.9309517657027,99163887.2925691,7.41666666666667,2017,9,40.3859262631634,10.2815714867722,150.30149385171725,984.8973236343504,202,168,153.04680648042861,0,2017-09-16 15:02:48.503329543,70.920751212465,0,0.7419475041361733,0.1,0.37097375206808664,2017-09-13 04:55:14.704364874,153.04680648042861,0
12086_2017-09-10 06:00:00,2017242N16333,12086,Miami-Dade,2017-09-10 06:00:00,210,2673837,1124137.0,252.208333333333,210,62.6986500102262,167645970.247393,8.75,2017,9,44.31942065412536,11.152698144575902,182.87326527942236,985.2187494258,234,168,181.80815224063832,0,2017-09-17 19:48:29.348066298,75.40429087020445,0,0.8081141355546522,0.1,0.4040570677773261,2017-09-13 09:24:15.447132736,181.80815224063832,0
12125_2017-09-10 11:00:00,2017242N16333,12125,Union,2017-09-10 11:00:00,133,15460,5345.0,252.416666666667,133,54.993459561233,850198.884816662,5.54166666666667,2017,9,33.14872428403801,8.893727335460145,191.48056313253375,980.9217052585342,157,157,128.33181818181805,0,2017-09-15 19:19:54.545454545,82.11805555555556,0,0.8782039289055191,0.1,0.43910196445275956,2017-09-13 21:07:05.000000000,128.33181818181805,0
13305_2017-09-10 12:00:00,2017242N16333,13305,Wayne,2017-09-10 12:00:00,85,30896,6807.0,252.458333333333,85,28.5438055348416,881889.415804467,3.54166666666667,2017,9,37.52360531152117,11.900419767230284,174.5111590677646,992.4911123511904,109,109,77.44797297297278,0,2017-09-13 17:26:52.702702702,41.82,0,1.0,0.1,0.5,2017-09-12 05:49:12.000000000,77.44797297297278,0
13273_2017-09-10 14:00:00,2017242N16333,13273,Terrell,2017-09-10 14:00:00,83,8754,3418.0,252.541666666667,83,16.4010762905038,143575.02184707,3.45833333333333,2017,9,36.16776949294069,10.922489118553022,118.69068722322717,989.9135051766716,107,107,80.36560550761055,0,2017-09-13 22:21:56.179827398,49.1806722689075,0,0.4497695852534562,0.1,0.2248847926267281,2017-09-12 15:10:50.420168067,80.36560550761055,0
12111_2017-09-10 14:00:00,2017242N16333,12111,St. Lucie,2017-09-10 14:00:00,131,358704,127029.0,252.541666666667,131,39.8613853891109,14298438.3846156,5.45833333333333,2017,9,37.70381251511965,9.968194197102939,81.53300602866567,987.67180043693,155,155,117.27373737373722,0,2017-09-15 11:16:25.454545454,50.98922855970444,0,0.7487975186768375,0.1,0.37439875933841876,2017-09-12 16:59:21.222814936,117.27373737373722,0
12099_2017-09-10 14:00:00,2017242N16333,12099,Palm Beach,2017-09-10 14:00:00,147,1518477,742679.0,252.541666666667,147,48.3090383845822,73356163.6791051,6.125,2017,9,38.76315124119104,9.680660974300334,111.91816701818986,984.6623378897737,171,168,127.02598707824833,0,2017-09-15 21:01:33.553481694,62.8821382567625,0,0.75025953339195,0.1,0.375129766695975,2017-09-13 04:52:55.697724345,127.02598707824833,0
12021_2017-09-10 14:00:00,2017242N16333,12021,Collier,2017-09-10 14:00:00,263,397994,212167.0,252.541666666667,263,118.692897564778,47239061.0733962,10.9583333333333,2017,9,47.97644738424183,9.8269038396845,212.19024908584794,965.3838709223444,287,168,247.5624464355278,0,2017-09-20 21:33:44.807167900,130.32528864220166,0,0.9265672795486575,0.1,0.46328363977432874,2017-09-16 00:19:31.039111926,247.5624464355278,0
13231_2017-09-10 16:00:00,2017242N16333,13231,Pike,2017-09-10 16:00:00,95,19990,4756.0,252.625,95,21.8057808994904,435897.560180814,3.95833333333333,2017,9,25.59872404298826,9.89696865774144,91.67751167437326,996.2179437785388,119,119,92.23458579339167,0,2017-09-14 12:14:04.508856210,58.80971237603889,0,0.6446304440346149,0.1,0.32231522201730745,2017-09-13 02:48:34.964553740,92.23458579339167,0
13227_2017-09-10 16:00:00,2017242N16333,13227,Pickens,2017-09-10 16:00:00,102,34826,4417.2,252.625,102,28.0350371294082,976348.203068769,4.25,2017,9,26.167712688446045,9.417265297358515,62.580829507417306,1001.1059410511364,126,126,91.84131049131305,0,2017-09-14 11:50:28.717768727,59.37988244991778,0,0.8170208418471598,0.1,0.4085104209235799,2017-09-13 03:22:47.576819704,91.84131049131305,0
12093_2017-09-10 16:00:00,2017242N16333,12093,Okeechobee,2017-09-10 16:00:00,175,40412,20093.0,252.625,175,79.3521562543671,3206779.33855148,7.29166666666667,2017,9,43.15726875418012,9.170118304016828,118.35535903131765,980.6558183127136,199,168,143.2979377839914,0,2017-09-16 15:17:52.576022369,103.15309799265944,0,0.99328124222366,0.1,0.49664062111183,2017-09-14 23:09:11.152773574,143.2979377839914,0
12051_2017-09-10 16:00:00,2017242N16333,12051,Hendry,2017-09-10 16:00:00,300,41339,9738.0,252.625,300,135.441962739839,5599035.2977022,12.5,2017,9,44.06321571915961,9.31983176902979,205.88198718309195,970.1731393861892,324,168,224.8814569536422,0,2017-09-20 00:52:53.245033112,143.07299200609054,0,1.0,0.1,0.5,2017-09-16 15:04:22.771221926,224.8814569536422,0
13199_2017-09-10 16:00:00,2017242N16333,13199,Meriwether,2017-09-10 16:00:00,95,20845,1333.0,252.625,95,22.0495713210697,459623.314187697,3.95833333333333,2017,9,24.26494678081852,9.825846279336945,90.76817028390445,996.4657708849012,119,119,68.45440425983472,0,2017-09-13 12:27:15.855335405,44.98356323690861,0,0.8645733205169284,0.1,0.4322866602584642,2017-09-12 12:59:00.827652871,68.45440425983472,0
13061_2017-09-10 17:00:00,2017242N16333,13061,Clay,2017-09-10 17:00:00,76,2845,1564.0,252.666666666667,76,22.095019901636,62860.3316201544,3.16666666666667,2017,9,28.30719434033643,10.973769951382199,114.13815428779736,993.1623838682432,100,100,57.64652777777778,0,2017-09-13 02:38:47.500000000,43.45256410256389,0,1.0,0.1,0.5,2017-09-12 12:27:09.230769230,57.64652777777778,0
13171_2017-09-10 17:00:00,2017242N16333,13171,Lamar,2017-09-10 17:00:00,138,19467,2542.0,252.666666666667,138,38.8380165630381,756059.668432663,5.75,2017,9,26.75697667638683,8.130219668928973,99.14800080122146,995.7977884951116,162,162,136.2269372693725,0,2017-09-16 09:13:36.974169741,75.08550709870723,0,0.8683229813664596,0.1,0.4341614906832298,2017-09-13 20:05:07.825555346,136.2269372693725,0
12129_2017-09-10 18:00:00,2017242N16333,12129,Wakulla,2017-09-10 18:00:00,107,35178,15461.0,252.708333333333,107,23.0348909932965,810321.395362186,4.45833333333333,2017,9,31.210941680908203,10.147348884320442,107.18215435122453,991.8288584375,131,131,97.50331075996972,0,2017-09-14 19:30:11.918735891,52.00495049504944,0,0.5133561865338594,0.1,0.2566780932669297,2017-09-12 22:00:17.821782178,97.50331075996972,0
12107_2017-09-10 18:00:00,2017242N16333,12107,Putnam,2017-09-10 18:00:00,207,74731,20133.0,252.708333333333,207,79.228861602759,5920852.05643578,8.625,2017,9,35.622321998268546,8.356245735016893,158.56333189626775,981.5370082438648,231,168,167.88218661639945,0,2017-09-17 17:52:55.871819038,114.43357142857138,0,0.891275265731034,0.1,0.445637632865517,2017-09-15 12:26:00.857142857,167.88218661639945,0
12041_2017-09-10 19:00:00,2017242N16333,12041,Gilchrist,2017-09-10 19:00:00,173,18992,4797.0,252.75,173,64.3622175053202,1222367.23486104,7.20833333333333,2017,9,32.68536102737205,7.910275415291532,174.3184216617458,980.031367527174,197,168,148.8402411714261,0,2017-09-16 23:50:24.868217134,72.04972856913139,0,0.9613122467651287,0.1,0.48065612338256436,2017-09-13 19:02:59.022848873,148.8402411714261,0
12049_2017-09-10 21:00:00,2017242N16333,12049,Hardee,2017-09-10 21:00:00,175,25645,2812.0,252.833333333333,175,87.4002236755517,2241378.73615952,7.29166666666667,2017,9,42.6029511779785,8.305069200760977,195.72771546840667,971.01893225,199,168,172.15532994923834,0,2017-09-18 01:09:19.187817258,109.70631617639167,0,0.9538795442213782,0.1,0.4769397721106891,2017-09-15 10:42:22.738235010,172.15532994923834,0
12055_2017-09-10 22:00:00,2017242N16333,12055,Highlands,2017-09-10 22:00:00,219,105618,54806.0,252.875,219,142.440173938316,15044246.291017,9.125,2017,9,44.645656787773056,8.699503809994438,172.2967806856449,973.4384547078296,243,168,216.54451691805946,0,2017-09-19 22:32:40.260905014,163.31765085884612,0,0.9523515973456141,0.1,0.47617579867280707,2017-09-17 17:19:03.543091846,216.54451691805946,0
12029_2017-09-10 22:00:00,2017242N16333,12029,Dixie,2017-09-10 22:00:00,167,17124,1806.0,252.875,167,73.5574367956428,1259597.54768859,6.95833333333333,2017,9,32.14372665221432,8.300142144972199,138.7223802765001,981.744273814006,191,168,161.40008534699888,0,2017-09-17 15:24:00.307249196,77.12925170068,0,0.9537863189201555,0.1,0.47689315946007776,2017-09-14 03:07:45.306122448,161.40008534699888,0
12105_2017-09-10 23:00:00,2017242N16333,12105,Polk,2017-09-10 23:00:00,192,787404,106169.0,252.916666666667,192,43.4272046678154,34194754.6642565,8.0,2017,9,42.59030972886636,8.350609184174264,170.2714692691411,974.7197781544812,216,168,162.45878594249194,0,2017-09-17 17:27:31.629392971,117.11590495242778,0,0.4262937819280948,0.1,0.2131468909640474,2017-09-15 20:06:57.257828740,162.45878594249194,0
12035_2017-09-11 00:00:00,2017242N16333,12035,Flagler,2017-09-11 00:00:00,190,126705,58355.0,252.958333333333,190,67.5772757488715,8562378.72376077,7.91666666666667,2017,9,38.3003936577522,8.937893636548665,127.8353928028211,983.7977379893237,214,168,149.8971880492089,0,2017-09-17 05:53:49.876977152,69.57597442143722,0,0.8756618743252738,0.1,0.4378309371626369,2017-09-13 21:34:33.507917174,149.8971880492089,0
12015_2017-09-11 00:00:00,2017242N16333,12015,Charlotte,2017-09-11 00:00:00,188,202661,114552.0,252.958333333333,188,47.885063010151,9704434.75470022,7.83333333333333,2017,9,40.51598401081837,8.577106524930775,167.92629374241181,970.2506089154408,212,168,143.67597765363112,0,2017-09-16 23:40:33.519553072,70.98004314994583,0,0.6174226552133529,0.1,0.30871132760667647,2017-09-13 22:58:48.155339805,143.67597765363112,0
12103_2017-09-11 00:00:00,2017242N16333,12103,Pinellas,2017-09-11 00:00:00,168,961739,541750.0,252.958333333333,168,68.8142949131587,66181391.1754863,7.0,2017,9,43.06226785026151,9.404027970930587,151.04290168704134,975.1239532830944,192,168,160.12296022437528,0,2017-09-17 16:07:22.656807751,114.37545608143111,0,0.7677729214282694,0.1,0.3838864607141347,2017-09-15 18:22:31.641893152,160.12296022437528,0
12071_2017-09-11 00:00:00,2017242N16333,12071,Lee,2017-09-11 00:00:00,240,822453,260826.0,252.958333333333,240,97.1921323929368,79935960.862968,10.0,2017,9,39.95001785627758,8.662563909163712,154.57914812147516,967.6371055317004,264,168,216.4818116462975,0,2017-09-20 00:28:54.521926671,96.17770090672444,0,0.9314504688949721,0.1,0.46572523444748604,2017-09-15 00:10:39.723264208,216.4818116462975,0
12085_2017-09-11 00:00:00,2017242N16333,12085,Martin,2017-09-11 00:00:00,116,162006,94195.0,252.958333333333,116,48.1410629919414,7799141.05107246,4.83333333333333,2017,9,37.03185366634624,9.850267564114263,74.38884041130352,986.8561755423184,140,140,95.52749110320278,0,2017-09-14 23:31:38.967971530,47.69537503705889,0,0.862073358458517,0.1,0.4310366792292585,2017-09-12 23:41:43.350133412,95.52749110320278,0
12117_2017-09-11 00:00:00,2017242N16333,12117,Seminole,2017-09-11 00:00:00,191,478772,211093.0,252.958333333333,191,69.9670086461089,33498244.6635148,7.95833333333333,2017,9,39.111801124271295,8.3751292106539,105.16330691784802,982.7114677526596,215,168,170.77504760177695,0,2017-09-18 02:46:30.171366397,114.12925994487361,0,0.7347898793422805,0.1,0.36739493967114023,2017-09-15 18:07:45.335801545,170.77504760177695,0
13025_2017-09-11 01:00:00,2017242N16333,13025,Brantley,2017-09-11 01:00:00,92,18183,1766.0,253.0,92,33.0695602116786,601303.813328953,3.83333333333333,2017,9,39.92872256000748,10.513872206902306,191.5469495517374,989.5152037513922,116,116,83.13443348296639,0,2017-09-14 12:08:03.960538679,38.97806354009055,0,1.0,0.1,0.5,2017-09-12 15:58:41.028744326,83.13443348296639,0
12121_2017-09-11 01:00:00,2017242N16333,12121,Suwannee,2017-09-11 01:00:00,161,45411,6348.0,253.0,161,73.9047928518712,3356090.54819632,6.70833333333333,2017,9,33.1387630368388,7.779667440071654,179.90478663637606,982.2636305414244,185,168,143.33488372093,0,2017-09-17 00:20:05.581395348,69.93928599375194,0,0.9922405876951331,0.1,0.49612029384756656,2017-09-13 22:56:21.429577507,143.33488372093,0
12095_2017-09-11 01:00:00,2017242N16333,12095,Orange,2017-09-11 01:00:00,173,1452726,382514.0,253.0,173,52.8478404184892,76773431.8197902,7.20833333333333,2017,9,42.50166494858325,8.438115913173633,110.70856601280633,981.2734645100504,197,168,125.77988229494028,0,2017-09-16 06:46:47.576261785,76.802581624905,0,0.6682119699189926,0.1,0.3341059849594963,2017-09-14 05:48:09.293849658,125.77988229494028,0
12023_2017-09-11 01:00:00,2017242N16333,12023,Columbia,2017-09-11 01:00:00,168,71908,31282.0,253.0,168,55.834276090648,4014931.12512632,7.0,2017,9,32.87210430150099,7.9906483990071635,205.68063264035155,981.6870075847592,192,168,114.51003861003834,0,2017-09-15 19:30:36.138996138,46.308448808727775,0,0.9705394190871369,0.1,0.48526970954356846,2017-09-12 23:18:30.415711420,114.51003861003834,0
12097_2017-09-11 01:00:00,2017242N16333,12097,Osceola,2017-09-11 01:00:00,160,422545,50236.0,253.0,160,31.2744575033316,13214865.6457453,6.66666666666667,2017,9,43.1111639458869,8.59143024477589,108.4173563652284,981.3335810396212,184,168,115.86670574443139,0,2017-09-15 20:52:00.140679953,64.21439296585278,0,0.42301177207441887,0.1,0.21150588603720943,2017-09-13 17:12:51.814677070,115.86670574443139,0
13101_2017-09-11 01:00:00,2017242N16333,13101,Echols,2017-09-11 01:00:00,109,3686,639.0,253.0,109,67.830985915493,250025.014084507,4.54166666666667,2017,9,33.81960398908974,9.275524319116707,174.11051694740166,983.88158325785,133,133,94.95263157894722,0,2017-09-14 23:57:09.473684210,71.60858585858584,0,1.0,0.1,0.5,2017-09-14 00:36:30.909090909,94.95263157894722,0
13229_2017-09-11 01:00:00,2017242N16333,13229,Pierce,2017-09-11 01:00:00,72,20168,4101.0,253.0,72,26.3660083105748,531749.655607673,3.0,2017,9,36.90234494698712,11.79347376363718,180.85125008395866,989.5404572947214,96,96,64.98810408921916,0,2017-09-13 17:59:17.174721189,24.62068965517222,0,1.0,0.1,0.5,2017-09-12 01:37:14.482758620,64.98810408921916,0
12127_2017-09-11 01:00:00,2017242N16333,12127,Volusia,2017-09-11 01:00:00,187,579192,261351.0,253.0,187,65.9369437972425,38190150.3518125,7.79166666666667,2017,9,36.8481420062967,8.836308807389246,107.73642242868151,984.5824931312546,211,168,160.34128586609972,0,2017-09-17 17:20:28.629117959,98.51044975106805,0,0.7224537116751036,0.1,0.3612268558375518,2017-09-15 03:30:37.619103845,160.34128586609972,0
12101_2017-09-11 01:00:00,2017242N16333,12101,Pasco,2017-09-11 01:00:00,136,608794,250797.0,253.0,136,41.7020677359474,25387968.6252383,5.66666666666667,2017,9,41.70996387439667,8.468801712012205,150.1088411087852,972.7591256119948,160,160,123.22296914803277,0,2017-09-16 04:13:22.688932918,80.17979669804528,0,0.5904701039454145,0.1,0.2952350519727073,2017-09-14 09:10:47.268112963,123.22296914803277,0
12083_2017-09-11 01:00:00,2017242N16333,12083,Marion,2017-09-11 01:00:00,197,396415,138863.0,253.0,197,70.672581490682,28015671.3916287,8.20833333333333,2017,9,34.11790983244758,7.880155841033531,145.78067060587546,977.174596322056,221,168,170.84503165022807,0,2017-09-18 03:50:42.113940821,109.25105932203388,0,0.72406616593333,0.1,0.362033082966665,2017-09-15 14:15:03.813559322,170.84503165022807,0
12123_2017-09-11 02:00:00,2017242N16333,12123,Taylor,2017-09-11 02:00:00,135,21283,1604.0,253.041666666667,135,45.961315901204,978194.686325324,5.625,2017,9,34.09334099879031,8.81434055505948,121.74696566147702,985.838708247951,159,159,124.71715296198028,0,2017-09-16 06:43:01.750663129,47.51966292134806,0,0.7864824554517623,0.1,0.39324122772588116,2017-09-13 01:31:10.786516853,124.71715296198028,0
12069_2017-09-11 03:00:00,2017242N16333,12069,Lake,2017-09-11 03:00:00,207,410139,149938.0,253.083333333333,207,60.752518202616,24916977.0631027,8.625,2017,9,39.14408603661508,7.949885876345948,128.8648486204498,978.0561218969684,231,168,166.97565789473666,0,2017-09-18 01:58:32.368421052,92.15606936416167,0,0.6853366057970628,0.1,0.3426683028985314,2017-09-14 23:09:21.849710982,166.97565789473666,0
12047_2017-09-11 03:00:00,2017242N16333,12047,Hamilton,2017-09-11 03:00:00,145,13217,3302.0,253.083333333333,145,60.7836148143837,803377.03700171,6.04166666666667,2017,9,33.59822485511869,7.873274622635862,182.04551506860014,983.0063405885217,169,168,132.12262872628722,0,2017-09-16 15:07:21.463414634,89.09908689296,0,0.9104247104247104,0.1,0.4552123552123552,2017-09-14 20:05:56.712814656,132.12262872628722,0
12017_2017-09-11 03:00:00,2017242N16333,12017,Citrus,2017-09-11 03:00:00,168,162529,87665.0,253.083333333333,168,59.5509419809906,9678755.04922842,7.0,2017,9,39.45761649679736,8.194532689005072,129.4141633414341,973.7942397251946,192,168,122.92148336376167,0,2017-09-16 05:55:17.340109542,86.214499085225,0,0.7126903553299493,0.1,0.35634517766497464,2017-09-14 17:12:52.196706810,122.92148336376167,0
12109_2017-09-11 03:00:00,2017242N16333,12109,St. Johns,2017-09-11 03:00:00,163,306841,106680.0,253.083333333333,163,48.7164072609951,14948191.120371,6.79166666666667,2017,9,37.59778542093711,9.298829412956328,146.92156460645637,985.1818936610456,187,168,132.16413690476168,0,2017-09-16 15:09:50.892857142,48.15927821486111,0,0.8159039352068843,0.1,0.40795196760344216,2017-09-13 03:09:33.401573500,132.16413690476168,0
12001_2017-09-11 03:00:00,2017242N16333,12001,Alachua,2017-09-11 03:00:00,134,284030,120032.0,253.083333333333,134,29.2629568023201,8311557.62056297,5.58333333333333,2017,9,33.57631889163939,7.989727200386677,160.72545707390972,979.3423797242256,158,158,113.54142678347917,0,2017-09-15 20:32:29.136420525,45.05247011478722,0,0.5485361200962097,0.1,0.27426806004810483,2017-09-13 00:03:08.892413234,113.54142678347917,0
12019_2017-09-11 04:00:00,2017242N16333,12019,Clay,2017-09-11 04:00:00,133,226589,83949.0,253.125,133,38.1403132085061,8642175.42960219,5.54166666666667,2017,9,36.437456351060135,8.488040478473275,161.36228999955793,982.6076364683494,157,157,91.00329557157555,0,2017-09-14 23:00:11.864057672,35.65242163923222,0,0.8346416361925408,0.1,0.4173208180962704,2017-09-12 15:39:08.717901236,91.00329557157555,0
13039_2017-09-11 04:00:00,2017242N16333,13039,Camden,2017-09-11 04:00:00,119,57013,15790.0,253.125,119,53.2059394225794,3033430.22429952,4.95833333333333,2017,9,41.00648326289897,9.566831165881338,189.52672059258103,989.5053730867348,143,143,115.49999999999972,0,2017-09-15 23:29:59.999999999,45.114462209302225,0,1.0,0.1,0.5,2017-09-13 01:06:52.063953488,115.49999999999972,0
12119_2017-09-11 04:00:00,2017242N16333,12119,Sumter,2017-09-11 04:00:00,154,144970,71787.0,253.125,154,25.9524392164142,3762325.11320357,6.41666666666667,2017,9,40.881807798342784,7.699343727179897,137.41894770696732,975.0032136496112,178,168,122.47415824915805,0,2017-09-16 06:28:26.969696969,79.1517994678614,0,0.3188878209146503,0.1,0.15944391045732514,2017-09-14 11:09:06.478084301,122.47415824915805,0
12053_2017-09-11 04:00:00,2017242N16333,12053,Hernando,2017-09-11 04:00:00,161,206896,94931.0,253.125,161,35.6024426210731,7366002.96852954,6.70833333333333,2017,9,42.611528844179226,8.067403815211515,137.18096618221176,973.0785060356496,185,168,113.29313647246583,0,2017-09-15 21:17:35.291300877,65.68176750785445,0,0.5227586352192645,0.1,0.26137931760963223,2017-09-13 21:40:54.363028276,113.29313647246583,0
12007_2017-09-11 05:00:00,2017242N16333,12007,Bradford,2017-09-11 05:00:00,165,27313,9842.0,253.166666666667,165,67.3680106754015,1840022.47557724,6.875,2017,9,34.51330017339989,7.986167158120132,168.18907788237104,981.182261782787,189,168,151.98207547169807,0,2017-09-17 12:58:55.471698113,59.0868725868725,0,0.968705547652916,0.1,0.484352773826458,2017-09-13 16:05:12.741312741,151.98207547169807,0
12031_2017-09-11 05:00:00,2017242N16333,12031,Duval,2017-09-11 05:00:00,114,1016536,441262.0,253.166666666667,114,29.6208022314269,30110611.8171258,4.75,2017,9,38.96708894794376,9.520305193062653,163.18256871189274,985.4359378422782,138,138,105.82212259297361,0,2017-09-15 14:49:19.641334705,42.16230231839,0,0.5683210333356733,0.1,0.28416051666783665,2017-09-12 23:09:44.288346204,105.82212259297361,0
13049_2017-09-11 06:00:00,2017242N16333,13049,Charlton,2017-09-11 06:00:00,110,12781,2565.0,253.208333333333,110,53.2384569068619,680440.717726602,4.58333333333333,2017,9,37.6609181171872,9.1057058085275,191.62268950386755,985.8237703408356,134,134,103.03333333333333,0,2017-09-15 13:02:00.000000000,58.31853281853278,0,0.9957627118644068,0.1,0.4978813559322034,2017-09-13 16:19:06.718146718,103.03333333333333,0
13275_2017-09-11 06:00:00,2017242N16333,13275,Thomas,2017-09-11 06:00:00,63,45561,2814.0,253.208333333333,63,20.5906301737732,938129.701347279,2.625,2017,9,35.35114134329337,11.54050399456292,120.6567946838698,986.8051508969908,87,87,61.445997088791664,0,2017-09-13 19:26:45.589519650,31.85057471264361,0,0.7529650965774314,0.1,0.3764825482887157,2017-09-12 13:51:02.068965517,61.445997088791664,0
12003_2017-09-11 07:00:00,2017242N16333,12003,Baker,2017-09-11 07:00:00,162,27803,9130.0,253.25,162,63.8119362130248,1774163.26253073,6.75,2017,9,35.97570651915015,7.96013189377784,185.94073117970254,982.5883370535714,186,168,137.23333333333332,0,2017-09-17 00:14:00.000000000,65.28083322686389,0,0.9601716257811771,0.1,0.48008581289058855,2017-09-14 00:16:50.999616710,137.23333333333332,0
12073_2017-09-11 07:00:00,2017242N16333,12073,Leon,2017-09-11 07:00:00,60,297369,24516.0,253.25,60,17.2734090825562,5136576.38547066,2.5,2017,9,34.726072603974,11.588798806546425,104.82173908850763,990.4068481517328,84,84,45.889243027888334,0,2017-09-13 04:53:21.274900398,29.827506728436667,0,0.6116073249316857,0.1,0.30580366246584284,2017-09-12 12:49:39.024222372,45.889243027888334,0
13005_2017-09-11 07:00:00,2017242N16333,13005,Bacon,2017-09-11 07:00:00,65,11191,2215.0,253.25,65,18.2074324532662,203759.376584502,2.70833333333333,2017,9,35.322288775362104,11.896122190159597,159.82067742292156,989.9253806915808,89,89,54.21212121212111,0,2017-09-13 13:12:43.636363636,21.0593186547,0,0.6887363746467501,0.1,0.34436818732337504,2017-09-12 04:03:33.547156920,54.21212121212111,0
13161_2017-09-11 08:00:00,2017242N16333,13161,Jeff Davis,2017-09-11 08:00:00,101,14889,2638.0,253.291666666667,101,42.1348036304982,627345.091254488,4.20833333333333,2017,9,38.42120212261493,9.61053464245136,145.34690328945334,991.1691115384616,125,125,98.17636560080528,0,2017-09-15 10:10:34.916162899,23.129032258064445,0,1.0,0.1,0.5,2017-09-12 07:07:44.516129032,98.17636560080528,0
13001_2017-09-11 08:00:00,2017242N16333,13001,Appling,2017-09-11 08:00:00,100,18428,3816.0,253.291666666667,100,39.0010910025397,718712.104994802,4.16666666666667,2017,9,33.31855879107725,9.451013057507433,155.47538987876283,992.1618683252428,124,124,74.659226761675,0,2017-09-14 10:39:33.216342030,36.94405594405583,0,1.0,0.1,0.5,2017-09-12 20:56:38.601398601,74.659226761675,0
12039_2017-09-11 08:00:00,2017242N16333,12039,Gadsden,2017-09-11 08:00:00,60,43403,14999.0,253.291666666667,60,21.3854902216648,928194.432090917,2.5,2017,9,32.98252074949204,11.534230127021786,109.34344185622273,992.2154982507116,84,84,57.285185185185,0,2017-09-13 17:17:06.666666666,39.27302275189583,0,0.6244416294419628,0.1,0.3122208147209814,2017-09-12 23:16:22.881906825,57.285185185185,0
13027_2017-09-11 09:00:00,2017242N16333,13027,Brooks,2017-09-11 09:00:00,89,16253,922.0,253.333333333333,89,55.4066484354277,900524.257021007,3.70833333333333,2017,9,35.37717121802956,9.475435699579421,128.83633091200167,985.7041339148772,113,113,84.82966101694889,0,2017-09-14 21:49:46.779661016,61.75521821631861,0,0.938177874186551,0.1,0.4690889370932755,2017-09-13 22:45:18.785578747,84.82966101694889,0
13003_2017-09-11 09:00:00,2017242N16333,13003,Atkinson,2017-09-11 09:00:00,109,8183,2563.0,253.333333333333,109,49.0591194378219,401450.774359696,4.54166666666667,2017,9,35.803226067038146,9.000308972657756,164.51967652366662,986.8276978400736,133,133,105.46499999999972,0,2017-09-15 18:27:53.999999999,61.06827145674333,0,0.8965593295103661,0.1,0.44827966475518305,2017-09-13 22:04:05.777244276,105.46499999999972,0
13069_2017-09-11 09:00:00,2017242N16333,13069,Coffee,2017-09-11 09:00:00,109,43172,3424.0,253.333333333333,109,56.1052968465539,2422177.87545943,4.54166666666667,2017,9,38.2803254961574,9.117195003899235,154.37269377101077,989.022817914604,133,133,97.25356645731888,0,2017-09-15 10:15:12.839246348,64.50615983994945,0,1.0,0.1,0.5,2017-09-14 01:30:22.175423818,97.25356645731888,0
13293_2017-09-11 10:00:00,2017242N16333,13293,Upson,2017-09-11 10:00:00,68,28086,9585.0,253.375,68,14.3618570150057,403367.116123451,2.83333333333333,2017,9,26.574654504527214,10.08090263019963,92.95623746390143,995.2205602355072,92,92,58.20965517241361,0,2017-09-13 20:12:34.758620689,42.26689275893666,0,0.450469992769342,0.1,0.225234996384671,2017-09-13 04:16:00.813932172,58.20965517241361,0
13243_2017-09-11 10:00:00,2017242N16333,13243,Randolph,2017-09-11 10:00:00,43,6116,2937.0,253.375,43,8.14499003709964,49814.7590669014,1.79166666666667,2017,9,33.11846857137613,11.901216071777533,104.25326513617117,991.7555286640444,67,67,24.848333333333333,0,2017-09-12 10:50:54.000000000,14.333219382016944,0,0.4348111658456486,0.1,0.2174055829228243,2017-09-12 00:19:59.589775261,24.848333333333333,0
13079_2017-09-11 10:00:00,2017242N16333,13079,Crawford,2017-09-11 10:00:00,100,12140,1141.0,253.375,100,41.0396485173797,498221.33300099,4.16666666666667,2017,9,31.008852010891765,8.30682255219103,104.8752231793593,993.8441396604936,124,124,83.15207550710694,0,2017-09-14 21:09:07.471825585,49.15754477399611,0,0.941779417794178,0.1,0.470889708897089,2017-09-13 11:09:27.161186386,83.15207550710694,0
13201_2017-09-11 10:00:00,2017242N16333,13201,Miller,2017-09-11 10:00:00,54,5807,1177.0,253.375,54,3.62786745964316,21067.0263381478,2.25,2017,9,30.49778451781341,11.852591315107865,114.74299947798683,991.585408740942,78,78,12.578832116788055,0,2017-09-11 22:34:43.795620437,12.718978102189721,0,0.16737468139337297,0.1,0.08368734069668649,2017-09-11 22:43:08.321167883,12.578832116788055,0
12077_2017-09-11 10:00:00,2017242N16333,12077,Liberty,2017-09-11 10:00:00,30,7603,3302.0,253.375,30,10.2101756511205,77627.9654754694,1.25,2017,9,26.868268276545155,14.143106500690294,92.55515400645272,994.847556718384,54,54,28.926495726495556,0,2017-09-12 14:55:35.384615384,14.183411214953056,0,0.612053301029679,0.1,0.3060266505148395,2017-09-12 00:11:00.280373831,28.926495726495556,0
13159_2017-09-11 10:00:00,2017242N16333,13159,Jasper,2017-09-11 10:00:00,112,15951,1043.5,253.375,112,52.8694380304858,843320.406024279,4.66666666666667,2017,9,33.62081876225496,7.923460690891481,91.92658671914204,996.2521584587696,136,136,110.9392801158925,0,2017-09-16 00:56:21.408417213,55.82311953146972,0,0.9978876214617659,0.1,0.49894381073088295,2017-09-13 17:49:23.230313291,110.9392801158925,0
13255_2017-09-11 10:00:00,2017242N16333,13255,Spalding,2017-09-11 10:00:00,82,68919,3464.0,253.375,82,27.5837205013971,1901042.43323579,3.41666666666667,2017,9,29.822113663259177,9.353666514107129,85.97657522845147,996.7029087752522,106,106,71.06308119395166,0,2017-09-14 09:03:47.092298226,48.411290322580555,0,0.7653631284916201,0.1,0.38268156424581007,2017-09-13 10:24:40.645161290,71.06308119395166,0
13173_2017-09-11 11:00:00,2017242N16333,13173,Lanier,2017-09-11 11:00:00,91,10171,1737.0,253.416666666667,91,29.4289004029937,299321.345998849,3.79166666666667,2017,9,37.66825499831205,9.474508713098679,148.50204642059987,985.2308590011962,115,115,63.46104651162778,0,2017-09-14 02:27:39.767441860,37.34132420091306,0,0.8883131836499712,0.1,0.4441565918249856,2017-09-13 00:20:28.767123287,63.46104651162778,0
13307_2017-09-11 11:00:00,2017242N16333,13307,Webster,2017-09-11 11:00:00,58,2328,469.0,253.416666666667,58,25.0767643314275,58378.7073635632,2.41666666666667,2017,9,36.27986445624707,10.647251074965569,95.05427806865647,991.2289177707372,82,82,52.64499999999972,0,2017-09-13 15:38:41.999999999,38.22690184785194,0,0.8509719222462203,0.1,0.42548596112311016,2017-09-13 01:13:36.846652267,52.64499999999972,0
13309_2017-09-11 11:00:00,2017242N16333,13309,Wheeler,2017-09-11 11:00:00,101,7314,840.0,253.416666666667,101,26.6416666666667,194857.15,4.20833333333333,2017,9,36.71190328630133,9.134910596237441,134.74864569125756,992.260914614899,125,125,51.652173913043335,0,2017-09-13 14:39:07.826086956,17.951754385964723,0,0.7916666666666666,0.1,0.3958333333333333,2017-09-12 04:57:06.315789473,51.652173913043335,0
13131_2017-09-11 11:00:00,2017242N16333,13131,Grady,2017-09-11 11:00:00,39,26008,9045.0,253.416666666667,39,12.6201496091413,328224.851034548,1.625,2017,9,36.37555649653237,13.238228925010826,105.81858813906251,988.4553337459852,63,63,34.38168316831667,0,2017-09-12 21:22:54.059405940,15.27631578947361,0,0.6603648424543946,0.1,0.3301824212271973,2017-09-12 02:16:34.736842105,34.38168316831667,0
13065_2017-09-11 11:00:00,2017242N16333,13065,Clinch,2017-09-11 11:00:00,87,6662,1715.0,253.416666666667,87,48.5580174927114,323493.512536443,3.625,2017,9,35.36689650473868,9.618698153172527,157.78163889188764,985.1695153197496,111,111,85.55479452054777,0,2017-09-15 00:33:17.260273972,38.43224932249306,0,1.0,0.1,0.5,2017-09-13 01:25:56.097560975,85.55479452054777,0
13019_2017-09-11 11:00:00,2017242N16333,13019,Berrien,2017-09-11 11:00:00,62,18214,3864.0,253.416666666667,62,23.1322463768116,421330.735507246,2.58333333333333,2017,9,35.735052228508515,11.869565300429773,144.22116735991875,986.6789199131168,86,86,59.45900216919722,0,2017-09-13 22:27:32.407809110,36.19150641025639,0,0.7564699792960663,0.1,0.37823498964803315,2017-09-12 23:11:29.423076923,59.45900216919722,0
13259_2017-09-11 11:00:00,2017242N16333,13259,Stewart,2017-09-11 11:00:00,94,4648,1350.0,253.416666666667,94,11.672291179458,54252.8094021209,3.91666666666667,2017,9,31.106795401900943,8.092020263612381,92.82876098086592,993.02083183204,118,118,42.66585365853639,0,2017-09-13 05:39:57.073170731,38.85003862992528,0,0.2746710526315789,0.1,0.13733552631578946,2017-09-13 01:51:00.139067731,42.66585365853639,0
13087_2017-09-11 11:00:00,2017242N16333,13087,Decatur,2017-09-11 11:00:00,60,28982,13485.0,253.416666666667,60,8.24739629354091,239026.039379403,2.5,2017,9,33.487156671238694,11.308361783991336,116.40262148438357,991.1499614911417,84,84,38.2723684210525,0,2017-09-13 01:16:20.526315789,11.906843407384722,0,0.39639006094702295,0.1,0.19819503047351147,2017-09-11 22:54:24.636266585,38.2723684210525,0
13249_2017-09-11 12:00:00,2017242N16333,13249,Schley,2017-09-11 12:00:00,82,4496,608.0,253.458333333333,82,34.760491920782,156283.171675836,3.41666666666667,2017,9,34.82988479219634,9.360941128522914,98.05098212399017,991.96236170977,106,106,76.09999999999972,0,2017-09-14 16:05:59.999999999,25.654738684671113,0,0.9977494373593399,0.1,0.4988747186796699,2017-09-12 13:39:17.059264816,76.09999999999972,0
13075_2017-09-11 12:00:00,2017242N16333,13075,Cook,2017-09-11 12:00:00,87,17404,1566.0,253.458333333333,87,36.360153256705,632812.107279693,3.625,2017,9,37.81839556398644,9.711016305219252,135.66958127889487,986.2146411780974,111,111,82.07058823529388,0,2017-09-14 22:04:14.117647058,31.417808219178056,0,0.9910600255427842,0.1,0.4955300127713921,2017-09-12 19:25:04.109589041,82.07058823529388,0
13169_2017-09-11 12:00:00,2017242N16333,13169,Jones,2017-09-11 12:00:00,125,28472,7129.0,253.458333333333,125,59.3482694928787,1689763.92900124,5.20833333333333,2017,9,33.35734192062827,7.404285005761349,107.42728191647022,995.380678998162,149,149,107.54187327823666,0,2017-09-15 23:32:30.743801652,77.47014925373111,0,1.0,0.1,0.5,2017-09-14 17:28:12.537313432,107.54187327823666,0
13177_2017-09-11 12:00:00,2017242N16333,13177,Lee,2017-09-11 12:00:00,59,33642,7435.0,253.458333333333,59,9.53065028382018,320630.136848279,2.45833333333333,2017,9,38.567479067070536,11.23865892116213,112.44354414385418,989.2165704487644,83,83,38.51951219512195,0,2017-09-13 02:31:10.243902439,27.03063399724639,0,0.2769248528223479,0.1,0.13846242641117396,2017-09-12 15:01:50.282390087,38.51951219512195,0
13037_2017-09-11 12:00:00,2017242N16333,13037,Calhoun,2017-09-11 12:00:00,32,5469,2020.0,253.458333333333,32,6.38903291259191,34941.6209989652,1.33333333333333,2017,9,31.62450153717367,13.841890273266296,107.1069865550488,990.5130788478648,56,56,30.4183908045975,0,2017-09-12 18:25:06.206896551,7.714710447809722,0,0.30875174304442277,0.1,0.15437587152221138,2017-09-11 19:42:52.957612115,30.4183908045975,0
13271_2017-09-11 13:00:00,2017242N16333,13271,Telfair,2017-09-11 13:00:00,101,12354,3511.0,253.5,101,40.4107091996582,499233.901452578,4.20833333333333,2017,9,37.18168151484126,9.075167603923154,136.29854233642888,990.8127250414822,125,125,76.60899999999972,0,2017-09-14 17:36:32.399999999,37.56398809523805,0,0.9874679578467673,0.1,0.49373397892338367,2017-09-13 02:33:50.357142857,76.60899999999972,0
13167_2017-09-11 13:00:00,2017242N16333,13167,Johnson,2017-09-11 13:00:00,80,9242,1848.0,253.5,80,25.6700277457932,237242.396426621,3.33333333333333,2017,9,38.774337061193606,9.678395453910714,124.43332114744169,995.1417536734272,104,104,59.48644427417916,0,2017-09-14 00:29:11.199387045,30.294559099436945,0,0.8255528255528255,0.1,0.41277641277641275,2017-09-12 19:17:40.412757973,59.48644427417916,0
13107_2017-09-11 13:00:00,2017242N16333,13107,Emanuel,2017-09-11 13:00:00,61,22929,6240.0,253.5,61,25.2327190451133,578561.014985402,2.54166666666667,2017,9,36.20812741192905,11.299157853464393,114.27939467830586,995.5779843971948,85,85,58.667350037965,0,2017-09-13 23:40:02.460136674,28.8534634718775,0,0.9142796066695169,0.1,0.45713980333475845,2017-09-12 17:51:12.468498759,58.667350037965,0
13207_2017-09-11 13:00:00,2017242N16333,13207,Monroe,2017-09-11 13:00:00,99,29427,3392.0,253.5,99,43.7438699235042,1287250.86023896,4.125,2017,9,29.480379734039307,8.238866622932559,100.9561154153198,995.426446875,123,123,77.59853403587388,0,2017-09-14 18:35:54.722529146,43.240819016431665,0,1.0,0.1,0.5,2017-09-13 08:14:26.948459154,77.59853403587388,0
13209_2017-09-11 13:00:00,2017242N16333,13209,Montgomery,2017-09-11 13:00:00,60,8655,1657.0,253.5,60,22.0947495473748,191230.057332529,2.5,2017,9,35.98203472974824,11.701958750644675,127.46241402895592,993.3329909806912,84,84,58.655813953488334,0,2017-09-13 23:39:20.930232558,29.880323054331665,0,0.7235968617984309,0.1,0.36179843089921543,2017-09-12 18:52:49.162995594,58.655813953488334,0
13197_2017-09-11 13:00:00,2017242N16333,13197,Marion,2017-09-11 13:00:00,74,7449,1541.0,253.5,74,30.2395860276609,225254.676320046,3.08333333333333,2017,9,30.88838048184172,9.351461972379704,88.0120486897872,992.9163831865028,98,98,58.38255471969139,0,2017-09-13 23:22:57.196990889,40.77887788778861,0,0.7605337078651685,0.1,0.38026685393258425,2017-09-13 05:46:43.960396039,58.38255471969139,0
13315_2017-09-11 14:00:00,2017242N16333,13315,Wilcox,2017-09-11 14:00:00,80,8761,2195.0,253.541666666667,80,37.1172120544672,325183.894809187,3.33333333333333,2017,9,33.83114709659499,9.795265515754512,139.4437918943182,989.8010849808674,104,104,76.59122807017528,0,2017-09-14 18:35:28.421052631,32.33333333333306,0,0.9507323568575233,0.1,0.47536617842876167,2017-09-12 22:19:59.999999999,76.59122807017528,0
13141_2017-09-11 14:00:00,2017242N16333,13141,Hancock,2017-09-11 14:00:00,106,8387,3195.0,253.541666666667,106,63.7327849415353,534526.867304657,4.41666666666667,2017,9,38.0556853612264,8.086755854319303,99.40694776693515,996.6515774739584,130,130,105.2493264849025,0,2017-09-15 23:14:57.575345649,83.41234606245361,0,0.8674435542607429,0.1,0.43372177713037147,2017-09-15 01:24:44.445824833,105.2493264849025,0
13091_2017-09-11 14:00:00,2017242N16333,13091,Dodge,2017-09-11 14:00:00,58,19802,3706.0,253.541666666667,58,19.1011872638964,378241.710199676,2.41666666666667,2017,9,34.85247349033694,11.26244656777103,136.50752341878072,991.330972170858,82,82,50.41647058823528,0,2017-09-13 16:24:59.294117647,34.01362683438139,0,0.6726929303831625,0.1,0.33634646519158123,2017-09-13 00:00:49.056603773,50.41647058823528,0
13269_2017-09-11 14:00:00,2017242N16333,13269,Taylor,2017-09-11 14:00:00,78,7737,3209.0,253.541666666667,78,14.8489660660602,114886.450453108,3.25,2017,9,28.33845868637752,9.09738727009845,97.42048776117188,993.3763164765422,102,102,55.98571428571417,0,2017-09-13 21:59:08.571428571,27.074157251257777,0,0.7867016205910391,0.1,0.39335081029551955,2017-09-12 17:04:26.966104528,55.98571428571417,0
13239_2017-09-11 14:00:00,2017242N16333,13239,Quitman,2017-09-11 14:00:00,54,2249,777.0,253.541666666667,54,10.3603515224864,23300.430574072,2.25,2017,9,26.191751698779456,10.135557942465983,93.69059737510742,993.5410136345542,78,78,53.052348993288334,0,2017-09-13 19:03:08.456375838,52.6040268456375,0,0.27136752136752135,0.1,0.13568376068376067,2017-09-13 18:36:14.496644295,53.052348993288334,0
13023_2017-09-11 15:00:00,2017242N16333,13023,Bleckley,2017-09-11 15:00:00,74,12257,2888.0,253.583333333333,74,31.0976454293629,381163.840027701,3.08333333333333,2017,9,31.870247006950887,9.57714679551668,134.80696286337928,992.581447589686,98,98,55.01379310344806,0,2017-09-13 22:00:49.655172413,30.678733031674167,0,0.9854570637119113,0.1,0.49272853185595566,2017-09-12 21:40:43.438914027,55.01379310344806,0
13287_2017-09-11 15:00:00,2017242N16333,13287,Turner,2017-09-11 15:00:00,60,8842,2656.0,253.583333333333,60,28.5436328373291,252382.801547663,2.5,2017,9,36.08459035770313,11.407056273257256,136.4519625990274,988.6280064928208,84,84,44.071428571428335,0,2017-09-13 11:04:17.142857142,23.61194029850722,0,0.9855287569573283,0.1,0.49276437847866417,2017-09-12 14:36:42.985074626,44.071428571428335,0
01067_2017-09-11 15:00:00,2017242N16333,01067,Henry,2017-09-11 15:00:00,37,17655,7494.33333333333,253.583333333333,37,6.40239520958084,113034.28742515,1.54166666666667,2017,9,24.996319426430595,12.155398324267678,82.04540319436799,994.806258816189,61,61,31.984234234234165,0,2017-09-12 22:59:03.243243243,28.146428571428334,0,0.27990685296074513,0.1,0.13995342648037257,2017-09-12 19:08:47.142857142,31.984234234234165,0
13035_2017-09-11 15:00:00,2017242N16333,13035,Butts,2017-09-11 15:00:00,84,26649,1809.0,253.583333333333,84,36.0209569911867,959922.482858135,3.5,2017,9,32.10608925617916,8.867611130099363,90.32814903403391,996.2748177083332,108,108,81.5102739726025,0,2017-09-15 00:30:36.986301369,36.5974025974025,0,1.0,0.1,0.5,2017-09-13 03:35:50.649350649,81.5102739726025,0
13321_2017-09-11 15:00:00,2017242N16333,13321,Worth,2017-09-11 15:00:00,56,20424,1375.0,253.583333333333,56,21.7869090909091,444975.831272727,2.33333333333333,2017,9,38.55809860094698,11.575987852925548,122.9917257135675,988.0570124779156,80,80,54.032258064516114,0,2017-09-13 21:01:56.129032258,25.5964467005075,0,0.7629090909090909,0.1,0.38145454545454544,2017-09-12 16:35:47.208121827,54.032258064516114,0
13289_2017-09-11 15:00:00,2017242N16333,13289,Twiggs,2017-09-11 15:00:00,122,7680,1498.0,253.583333333333,122,47.2951437354567,363226.703888307,5.08333333333333,2017,9,31.65527272681667,7.369134085539425,127.25565927996213,993.3935971746574,146,146,100.871,0,2017-09-15 19:52:15.600000000,60.4122140116525,0,0.7709251101321586,0.1,0.3854625550660793,2017-09-14 03:24:43.970441949,100.871,0
13279_2017-09-11 15:00:00,2017242N16333,13279,Toombs,2017-09-11 15:00:00,84,26837,7802.0,253.583333333333,84,5.06921302230197,136042.469879518,3.5,2017,9,34.6171894125176,9.635762768649416,123.07154386857054,993.8143438770325,108,108,27.62075471698111,0,2017-09-12 18:37:14.716981132,25.2047872340425,0,0.2698026147141758,0.1,0.1349013073570879,2017-09-12 16:12:17.234042553,27.62075471698111,0
13319_2017-09-11 16:00:00,2017242N16333,13319,Wilkinson,2017-09-11 16:00:00,90,8681,2167.0,253.625,90,37.3834058502188,324525.346185749,3.75,2017,9,36.33453676859538,8.595489264426872,125.46741955189239,994.4286423611112,114,114,78.29113924050611,0,2017-09-14 22:17:28.101265822,31.86117003460972,0,0.920545073375262,0.1,0.460272536687631,2017-09-12 23:51:40.212124595,78.29113924050611,0
01005_2017-09-11 16:00:00,2017242N16333,01005,Barbour,2017-09-11 16:00:00,30,24706,10897.0,253.625,30,3.95953014591172,97824.1517848949,1.25,2017,9,22.971888467167204,12.149543377463143,76.56962920995325,995.844002633427,54,54,24.530952380952222,0,2017-09-12 16:31:51.428571428,25.1,0,0.19629255758465633,0.1,0.09814627879232816,2017-09-12 17:06:00.000000000,24.530952380952222,0
13283_2017-09-11 16:00:00,2017242N16333,13283,Treutlen,2017-09-11 16:00:00,34,6365,1385.0,253.625,34,6.49819494584838,41361.0108303249,1.41666666666667,2017,9,35.94466737173136,13.300121853652511,122.70857621599168,994.147999089806,58,58,29.720183486238334,0,2017-09-12 21:43:12.660550458,29.275229357798054,0,0.2700361010830325,0.1,0.13501805054151625,2017-09-12 21:16:30.825688073,29.720183486238334,0
13277_2017-09-11 16:00:00,2017242N16333,13277,Tift,2017-09-11 16:00:00,51,41412,12586.0,253.625,51,15.005800095344,621420.193548387,2.125,2017,9,39.72522893695325,12.321155352477644,131.08720942205636,987.5428769605512,75,75,34.051199999999724,0,2017-09-13 02:03:04.319999999,20.493394308943056,0,0.7642618782774512,0.1,0.3821309391387256,2017-09-12 12:29:36.219512195,34.051199999999724,0
13093_2017-09-11 17:00:00,2017242N16333,13093,Dooly,2017-09-11 17:00:00,63,10572,3171.0,253.666666666667,63,22.2828302621694,235574.081531655,2.625,2017,9,33.03132171925052,10.552814319159612,121.73559180051473,990.746381748072,87,87,53.92749044924778,0,2017-09-13 22:55:38.965617292,30.959876543209724,0,0.6005303384807362,0.1,0.3002651692403681,2017-09-12 23:57:35.555555555,53.92749044924778,0
13235_2017-09-11 17:00:00,2017242N16333,13235,Pulaski,2017-09-11 17:00:00,74,9984,4445.0,253.666666666667,74,30.8072087314479,307579.171974775,3.08333333333333,2017,9,33.300279449462884,9.698253971878362,134.37329566851258,991.3100703125,98,98,56.26785714285695,0,2017-09-14 01:16:04.285714285,26.453124999999723,0,0.8832395950506187,0.1,0.44161979752530933,2017-09-12 19:27:11.249999999,56.26785714285695,0
13211_2017-09-11 17:00:00,2017242N16333,13211,Morgan,2017-09-11 17:00:00,102,21031,3956.0,253.666666666667,102,21.820364514571,458904.086105942,4.25,2017,9,35.43378505077991,8.027748286859248,80.96225180658051,997.3438590315932,126,126,73.02799999999972,0,2017-09-14 18:01:40.799999999,52.18257783165,0,0.41498118532455314,0.1,0.20749059266227657,2017-09-13 21:10:57.280193940,73.02799999999972,0
13303_2017-09-11 17:00:00,2017242N16333,13303,Washington,2017-09-11 17:00:00,84,19738,1758.0,253.666666666667,84,35.8201894535901,707018.899434961,3.5,2017,9,38.26982209899209,9.02374965006404,116.97051883146,996.0831619540128,108,108,65.49095466582611,0,2017-09-14 10:29:27.436796974,50.12079510703361,0,1.0,0.1,0.5,2017-09-13 19:07:14.862385321,65.49095466582611,0
13297_2017-09-11 18:00:00,2017242N16333,13297,Walton,2017-09-11 18:00:00,80,103065,26362.0,253.708333333333,80,11.9699640899613,1233684.34893186,3.33333333333333,2017,9,34.1184470994132,9.183317857456732,74.10439325030893,998.13276343936,104,104,48.024032258064445,0,2017-09-13 18:01:26.516129032,23.750417535070834,0,0.38830761588375917,0.1,0.19415380794187959,2017-09-12 17:45:01.503126255,48.024032258064445,0
13225_2017-09-11 18:00:00,2017242N16333,13225,Peach,2017-09-11 18:00:00,79,28562,3475.0,253.708333333333,79,42.3328219687982,1209110.06107282,3.29166666666667,2017,9,30.75644104250016,8.755299150626414,113.88442174741819,992.654777217742,103,103,70.42805309048194,0,2017-09-14 16:25:40.991125735,45.076357216328056,0,1.0,0.1,0.5,2017-09-13 15:04:34.885978781,70.42805309048194,0
13263_2017-09-11 19:00:00,2017242N16333,13263,Talbot,2017-09-11 19:00:00,69,5747,2815.0,253.75,69,19.52654575143,112219.058433468,2.875,2017,9,26.84097373030568,9.130141140064394,86.61279642158225,994.4600590410306,93,93,51.19577464788722,0,2017-09-13 22:11:44.788732394,37.26717557251889,0,0.5710464727515882,0.1,0.2855232363757941,2017-09-13 08:16:01.832061068,51.19577464788722,0
13237_2017-09-11 19:00:00,2017242N16333,13237,Putnam,2017-09-11 19:00:00,105,22984,6793.0,253.75,105,56.850433919704,1306650.37321048,4.375,2017,9,35.7916229627409,7.657573912096634,93.76245455878133,996.356896149862,129,129,102.32068965517222,0,2017-09-16 01:19:14.482758620,72.08151382823861,0,1.0,0.1,0.5,2017-09-14 19:04:53.449781659,102.32068965517222,0
13113_2017-09-11 19:00:00,2017242N16333,13113,Fayette,2017-09-11 19:00:00,49,122030,37369.0,253.75,49,9.98110391005421,1217994.11014392,2.04166666666667,2017,9,25.870968031651767,10.982647698330492,86.50547730311463,997.5352882281552,73,73,39.570767807585554,0,2017-09-13 10:34:14.764107308,30.422257171691665,0,0.3464447512200813,0.1,0.17322237561004064,2017-09-13 01:25:20.125818090,39.570767807585554,0
13009_2017-09-11 19:00:00,2017242N16333,13009,Baldwin,2017-09-11 19:00:00,99,43635,2633.0,253.75,99,36.5717309717038,1595807.4809503,4.125,2017,9,35.66950347517554,7.741783886170905,111.49035345288962,995.6492377912186,123,123,90.04180790960444,0,2017-09-15 13:02:30.508474576,41.650182893569166,0,0.7790948817117886,0.1,0.3895474408558943,2017-09-13 12:39:00.658416849,90.04180790960444,0
01081_2017-09-11 19:00:00,2017242N16333,01081,Lee,2017-09-11 19:00:00,25,180773,59069.0,253.75,25,3.17127427246102,573280.764055596,1.04166666666667,2017,9,21.908383886275757,11.680439531120367,80.4722270034554,996.5717512600806,49,49,8.476614310645555,0,2017-09-12 03:28:35.811518324,6.585611510791111,0,0.245103184411451,0.1,0.1225515922057255,2017-09-12 01:35:08.201438848,8.476614310645555,0
01113_2017-09-11 19:00:00,2017242N16333,01113,Russell,2017-09-11 19:00:00,33,58555,22249.0,253.75,33,7.26225897793159,425241.574452784,1.375,2017,9,24.64399058202345,10.607356369583346,83.61935842204896,995.1406155081776,57,57,27.448978201634723,0,2017-09-12 22:26:56.321525885,19.61128775834639,0,0.4411434221762776,0.1,0.2205717110881388,2017-09-12 14:36:40.635930047,27.448978201634723,0
13135_2017-09-11 20:00:00,2017242N16333,13135,Gwinnett,2017-09-11 20:00:00,44,975353,69402.0,253.791666666667,44,6.9532834224715,6781905.84595784,1.83333333333333,2017,9,31.137978984943214,12.310831326606248,69.28650451044163,999.2071841940424,68,68,25.06504772599639,0,2017-09-12 21:03:54.171813587,21.065582939681946,0,0.28099951714147753,0.1,0.14049975857073876,2017-09-12 17:03:56.098582855,25.06504772599639,0
13077_2017-09-11 20:00:00,2017242N16333,13077,Coweta,2017-09-11 20:00:00,50,152882,39115.0,253.791666666667,50,7.12862317083628,1089838.16760379,2.08333333333333,2017,9,24.707962748768573,10.238617141798409,97.77875924687629,997.5493104395604,74,74,28.0652777777775,0,2017-09-13 00:03:54.999999999,23.94696995812083,0,0.2997265455288916,0.1,0.1498632727644458,2017-09-12 19:56:49.091849235,28.0652777777775,0
13149_2017-09-11 21:00:00,2017242N16333,13149,Heard,2017-09-11 21:00:00,30,11725,1083.0,253.833333333333,30,4.52709430852349,53080.180767438,1.25,2017,9,23.37828700549971,11.056407916488764,99.10278557432514,997.6912280658516,54,54,28.51620553359667,0,2017-09-13 01:30:58.339920948,26.284678087514443,0,0.29211992830373146,0.1,0.14605996415186573,2017-09-12 23:17:04.841115052,28.51620553359667,0
13185_2017-09-11 21:00:00,2017242N16333,13185,Lowndes,2017-09-11 21:00:00,53,119739,30376.0,253.833333333333,53,12.7282393995259,1524066.65745984,2.20833333333333,2017,9,36.93947075386725,9.980667310152032,103.500084286552,984.7116691321498,77,77,45.388721804511114,0,2017-09-13 18:23:19.398496240,22.661654135338335,0,0.5206083750329207,0.1,0.26030418751646034,2017-09-12 19:39:41.954887218,45.388721804511114,0
12043_2017-09-11 22:00:00,2017242N16333,12043,Glades,2017-09-11 22:00:00,238,12454,3354.0,253.875,238,25.0147391039648,311533.560800778,9.91666666666667,2017,9,18.356985316069228,5.251853221839999,14.969862513142917,997.4126565047554,262,168,209.93749999999972,0,2017-09-20 15:56:14.999999999,109.29878048780472,0,0.36895522388059704,0.1,0.18447761194029852,2017-09-16 11:17:55.609756097,209.93749999999972,0
01025_2017-10-06 15:00:00,2017277N11279,01025,Clarke,2017-10-06 15:00:00,52,22515,7753.0,278.583333333333,52,1.63562491938604,36826.0950599768,2.16666666666667,2017,10,16.750017088670457,8.408848707113432,47.88108007124499,997.3726847151022,76,76,49.7390625,0,2017-10-08 16:44:20.625000000,49.263020833333336,0,0.27073390945440473,0.1,0.13536695472720237,2017-10-08 16:15:46.875000000,49.7390625,0
28059_2017-10-08 03:00:00,2017277N11279,28059,Jackson,2017-10-08 03:00:00,35,144975,20333.0,280.083333333333,35,10.5121578658611,1524000.08660321,1.45833333333333,2017,10,20.550869709590696,9.910752546806323,67.34543064793677,996.5257104952832,59,59,23.7129903536975,0,2017-10-09 02:42:46.765273311,18.425890912327777,0,0.6571684284366609,0.1,0.32858421421833045,2017-10-08 21:25:33.207284380,23.7129903536975,0
28039_2017-10-08 05:00:00,2017277N11279,28039,George,2017-10-08 05:00:00,25,25206,2508.0,280.166666666667,25,10.0136181858062,252403.259991431,1.04166666666667,2017,10,17.50846648951459,8.70434849071254,49.290246372254735,995.5859393928964,49,49,20.552733686066944,0,2017-10-09 01:33:09.841269841,12.531054047992777,0,0.7777259475218659,0.1,0.38886297376093293,2017-10-08 17:31:51.794572774,20.552733686066944,0
01097_2017-10-08 08:00:00,2017277N11279,01097,Mobile,2017-10-08 08:00:00,24,411411,205829.0,280.291666666667,24,3.10252685481638,1276413.67586686,1.0,2017,10,20.33012152843164,10.193306548986303,73.45922934499903,997.5723946045072,48,48,12.080810397553334,0,2017-10-08 20:04:50.917431192,10.635326886693056,0,0.23830218287996346,0.1,0.11915109143998173,2017-10-08 18:38:07.176792095,12.080810397553334,0
21219_2018-05-25 23:00:00,2018146N19273,21219,Todd,2018-05-25 23:00:00,191,12404,680.0,509.916666666667,191,5.575,69152.3,7.95833333333333,2018,5,16.72705066110205,6.687822625154615,92.75401644702032,1001.90663488353,215,168,109.63636363636361,0,2018-05-30 12:38:10.909090909,109.38181818181806,0,0.2823529411764706,0.1,0.1411764705882353,2018-05-30 12:22:54.545454545,109.63636363636361,0
26161_2018-05-28 22:00:00,2018146N19273,26161,Washtenaw,2018-05-28 22:00:00,68,366376,21898.0,512.875,68,3.17453648735044,1163073.98008951,2.83333333333333,2018,5,15.336912779933227,7.936548316863435,8.893418446992275,1001.9194040871124,92,92,66.07233174711055,0,2018-05-31 16:04:20.394289598,66.277362338545,0,0.1862270526988766,0.1,0.0931135263494383,2018-05-31 16:16:38.504418762,66.07233174711055,0
01043_2018-05-29 15:00:00,2018146N19273,01043,Cullman,2018-05-29 15:00:00,34,90665,5613.0,513.583333333333,34,2.3399107662114,212148.009618556,1.41666666666667,2018,5,13.550635798431433,8.480531973730361,26.987183987060828,1002.355182849937,58,58,9.8657534246575,0,2018-05-30 00:51:56.712328767,9.718651211801667,0,0.24973281083006768,0.1,0.12486640541503384,2018-05-30 00:43:07.144362486,9.8657534246575,0
18125_2018-05-31 19:00:00,2018146N19273,18125,Pike,2018-05-31 19:00:00,26,12168,3424.2,515.75,26,2.51099820694802,30553.8261821436,1.08333333333333,2018,5,11.46844793739119,5.817445344575413,19.50934528816901,1007.2301566590312,50,50,6.974786324786111,0,2018-06-01 01:58:29.230769230,6.7188881319725,0,0.23071565894762563,0.1,0.11535782947381282,2018-06-01 01:43:07.997275101,6.974786324786111,0
18117_2018-05-31 20:00:00,2018146N19273,18117,Orange,2018-05-31 20:00:00,31,19623,3639.0,515.791666666667,31,5.3643858202803,105265.34295136,1.29166666666667,2018,5,12.762020517896106,6.314461717769286,30.24574662374206,1007.717457204254,55,55,29.20616438356139,0,2018-06-02 01:12:22.191780821,6.348729792147778,0,0.40010992030777687,0.1,0.20005496015388843,2018-06-01 02:20:55.427251732,29.20616438356139,0
18175_2018-05-31 20:00:00,2018146N19273,18175,Washington,2018-05-31 20:00:00,24,28224,14018.0,515.791666666667,24,8.00805634854883,226019.382381442,1.0,2018,5,12.988868730288026,6.616120928286379,37.33531556402643,1007.9089074966756,48,48,14.994273858921112,0,2018-06-01 10:59:39.385892116,14.241506615147777,0,0.5683093437423762,0.1,0.2841546718711881,2018-06-01 10:14:29.423814532,14.994273858921112,0
18093_2018-05-31 20:00:00,2018146N19273,18093,Lawrence,2018-05-31 20:00:00,25,45222,21390.0,515.791666666667,25,3.79111278495945,171441.702361436,1.04166666666667,2018,5,12.63930239827614,6.367064268742653,32.03077224361908,1007.3521198326772,49,49,11.637614678898888,0,2018-06-01 07:38:15.412844036,3.3848312642244442,0,0.39798212138637673,0.1,0.19899106069318837,2018-05-31 23:23:05.392551208,11.637614678898888,0
37079_2018-09-11 18:00:00,2018242N13343,37079,Greene,2018-09-11 18:00:00,144,20211,2562.75,618.708333333333,144,30.8608275029179,623728.184661473,6.0,2018,9,31.625014625252767,12.606473783060258,215.93592143140395,1000.5703889686396,168,168,122.68267326732666,0,2018-09-16 20:40:57.623762376,101.67021009571833,0,0.8860265417642467,0.1,0.44301327088212333,2018-09-15 23:40:12.756344586,122.68267326732666,0
37013_2018-09-13 14:00:00,2018242N13343,37013,Beaufort,2018-09-13 14:00:00,175,44272,10869.0,620.541666666667,175,52.3093163187351,2315838.05206304,7.29166666666667,2018,9,30.365516178782396,12.488895194655097,187.86289950014978,1002.8182771341465,199,168,153.29163636363612,0,2018-09-19 23:17:29.890909090,83.36282691760472,0,0.7543244855353415,0.1,0.37716224276767074,2018-09-17 01:21:46.176903377,153.29163636363612,0
37031_2018-09-13 15:00:00,2018242N13343,37031,Carteret,2018-09-13 15:00:00,244,69380,26658.0,620.583333333333,244,146.307037552765,10150782.2654109,10.1666666666667,2018,9,42.63888337354543,17.14924267358084,378.92243330974054,992.3614027941444,268,168,241.25294300840832,0,2018-09-23 16:15:10.594830270,149.57895977150528,0,0.9893153598134047,0.1,0.49465767990670234,2018-09-19 20:34:44.255177419,241.25294300840832,0
37049_2018-09-13 17:00:00,2018242N13343,37049,Craven,2018-09-13 17:00:00,264,100874,21161.0,620.666666666667,264,122.794384055905,12386760.6972553,11.0,2018,9,35.04263461288528,13.94834095954867,331.3120826522806,996.0350804570894,288,168,217.7204081632653,0,2018-09-22 18:43:13.469387755,157.70731707317054,0,0.852610284984207,0.1,0.4263051424921035,2018-09-20 06:42:26.341463414,217.7204081632653,0
37103_2018-09-13 20:00:00,2018242N13343,37103,Jones,2018-09-13 20:00:00,217,9233,5204.0,620.791666666667,217,116.457785084556,1075254.72968571,9.04166666666667,2018,9,36.59244880368632,14.075229889076608,412.1986417599293,992.0276360887096,241,168,210.6219745222928,0,2018-09-22 14:37:19.108280254,161.05414012738834,0,0.8118542686242524,0.1,0.4059271343121262,2018-09-20 13:03:14.904458598,210.6219745222928,0
37061_2018-09-13 21:00:00,2018242N13343,37061,Duplin,2018-09-13 21:00:00,197,48990,21096.0,620.833333333333,197,107.138247566613,5248702.74828838,8.20833333333333,2018,9,36.6750158709149,14.575064040253462,446.1144814549317,990.8791691497094,221,168,171.48877995642695,0,2018-09-21 00:29:19.607843137,123.80226076802278,0,0.9550977284733227,0.1,0.4775488642366614,2018-09-19 00:48:08.138764882,171.48877995642695,0
37137_2018-09-13 21:00:00,2018242N13343,37137,Pamlico,2018-09-13 21:00:00,173,12381,6112.0,620.833333333333,173,121.146669753044,1499916.91821243,7.20833333333333,2018,9,37.76792053824632,14.527009620148888,283.93749436315653,998.5785311695968,197,168,169.20692520775611,0,2018-09-20 22:12:24.930747922,137.47849280254445,0,0.9771630370806357,0.1,0.48858151854031784,2018-09-19 14:28:42.574089160,169.20692520775611,0
37095_2018-09-14 01:00:00,2018242N13343,37095,Hyde,2018-09-14 01:00:00,68,4576,2969.0,621.0,68,17.5348602222971,80239.5203772314,2.83333333333333,2018,9,32.488981751391755,17.70728860201497,157.48542215166563,1004.6083981805097,92,92,46.0570621468925,0,2018-09-15 23:03:25.423728813,38.8811154598825,0,0.6194004715392388,0.1,0.3097002357696194,2018-09-15 15:52:52.015655577,46.0570621468925,0
37163_2018-09-14 01:00:00,2018242N13343,37163,Sampson,2018-09-14 01:00:00,145,59120,22395.0,621.0,145,56.9490698589246,3366829.01005962,6.04166666666667,2018,9,35.535829744125344,14.438918997922098,396.8320620287013,995.4956947715124,169,168,133.26859756097556,0,2018-09-19 14:16:06.951219512,87.15082571012111,0,0.7977592947288327,0.1,0.39887964736441633,2018-09-17 16:09:02.972556436,133.26859756097556,0
37133_2018-09-14 01:00:00,2018242N13343,37133,Onslow,2018-09-14 01:00:00,188,207298,86872.0,621.0,188,82.3355718072146,17067999.364492,7.83333333333333,2018,9,36.08838374876241,14.64719996911057,510.3912570105154,984.2200419329076,212,168,162.74456262351,0,2018-09-20 19:44:40.425444636,118.54830864250694,0,0.7839371202356841,0.1,0.39196856011784204,2018-09-18 23:32:53.911113025,162.74456262351,0
45033_2018-09-14 01:00:00,2018242N13343,45033,Dillon,2018-09-14 01:00:00,116,27738,10388.0,621.0,116,50.0096958931316,1387168.94468369,4.83333333333333,2018,9,31.15340310405613,15.189177160881451,305.7715287288963,992.5843753693852,140,140,109.47380952380945,0,2018-09-18 14:28:25.714285714,66.92303036735112,0,0.9158063970214927,0.1,0.45790319851074635,2018-09-16 19:55:22.909322464,109.47380952380945,0
37107_2018-09-14 02:00:00,2018242N13343,37107,Lenoir,2018-09-14 02:00:00,119,54633,12215.0,621.041666666667,119,47.8333963634366,2613281.94352363,4.95833333333333,2018,9,35.642413662030144,14.91180218202315,303.911492838569,996.1851853590744,143,143,117.9803636363636,0,2018-09-18 23:58:49.309090909,76.55158957565834,0,0.6904625460499386,0.1,0.3452312730249693,2018-09-17 06:33:05.722472370,117.9803636363636,0
37141_2018-09-14 04:00:00,2018242N13343,37141,Pender,2018-09-14 04:00:00,202,65737,33733.0,621.125,202,106.653733824859,7011096.50044473,8.41666666666667,2018,9,32.374337549269065,13.94555262095526,474.30224909898277,982.8795059933732,226,168,189.20882572924444,0,2018-09-22 01:12:31.772625280,133.8347889374089,0,0.8474350235604422,0.1,0.4237175117802211,2018-09-19 17:50:05.240174672,189.20882572924444,0
45089_2018-09-14 07:00:00,2018242N13343,45089,Williamsburg,2018-09-14 07:00:00,56,30058,6509.66666666667,621.25,56,8.42289689821994,253175.434966695,2.33333333333333,2018,9,25.576664582327684,15.568436582912051,173.43737269970066,992.7246189380186,80,80,39.631613408654445,0,2018-09-15 22:37:53.808271156,36.96228414221972,0,0.3433305115491595,0.1,0.17166525577457975,2018-09-15 19:57:44.222911991,39.631613408654445,0
37101_2018-09-14 07:00:00,2018242N13343,37101,Johnston,2018-09-14 07:00:00,82,234778,72361.0,621.25,82,13.6430894668224,3203097.25884164,3.41666666666667,2018,9,29.243621401809616,17.041458860431174,214.1862060065921,1002.8929776278408,106,106,44.394263363754725,0,2018-09-16 03:23:39.348109517,40.60523600411945,0,0.3887924332728686,0.1,0.1943962166364343,2018-09-15 23:36:18.849614830,44.394263363754725,0
45027_2018-09-14 07:00:00,2018242N13343,45027,Clarendon,2018-09-14 07:00:00,36,30913,8317.0,621.25,36,3.69107613592333,114102.236589798,1.5,2018,9,24.82517448905465,16.66402161260307,93.48301541164412,996.6593749999998,60,60,34.56594110115222,0,2018-09-15 17:33:57.387964148,35.01899071870056,0,0.16344713312963086,0.1,0.08172356656481543,2018-09-15 18:01:08.366587322,34.56594110115222,0
37191_2018-09-14 08:00:00,2018242N13343,37191,Wayne,2018-09-14 08:00:00,92,117286,42519.0,621.291666666667,92,23.5877505010242,2766512.90526313,3.83333333333333,2018,9,34.11928071096895,16.716572390046558,251.00517732253363,999.1367818099404,116,116,83.93126177024472,0,2018-09-17 19:55:52.542372881,64.33604146708444,0,0.4464827488887321,0.1,0.22324137444436604,2018-09-17 00:20:09.749281504,83.93126177024472,0
45061_2018-09-14 08:00:00,2018242N13343,45061,Lee,2018-09-14 08:00:00,90,16153,6202.0,621.291666666667,90,6.91162369219769,111643.457500069,3.75,2018,9,25.34765721945616,14.808646744029613,244.9303893713681,998.5809615100472,114,114,40.49489051094889,0,2018-09-16 00:29:41.605839416,37.338909879365,0,0.31033945811273744,0.1,0.15516972905636872,2018-09-15 21:20:20.075565714,40.49489051094889,0
37153_2018-09-14 08:00:00,2018242N13343,37153,Richmond,2018-09-14 08:00:00,128,42778,16444.0,621.291666666667,128,34.8206417453306,1489557.41258175,5.33333333333333,2018,9,26.94999189758301,13.413122644022891,306.0555008780211,1003.4310990625004,152,152,104.24799999999972,0,2018-09-18 16:14:52.799999999,41.818610969573335,0,0.8403857508364495,0.1,0.42019287541822475,2018-09-16 01:49:06.999490464,104.24799999999972,0
37017_2018-09-14 09:00:00,2018242N13343,37017,Bladen,2018-09-14 09:00:00,149,29446,20012.0,621.333333333333,149,76.9039819684644,2264514.6530434,6.20833333333333,2018,9,33.180293596707855,13.464758729304647,438.0078657356264,990.0353167925824,173,168,132.20256410256388,0,2018-09-19 21:12:09.230769230,88.90137688188028,0,0.9094734873281586,0.1,0.4547367436640793,2018-09-18 01:54:04.956774769,132.20256410256388,0
37047_2018-09-14 09:00:00,2018242N13343,37047,Columbus,2018-09-14 09:00:00,181,49885,29742.0,621.333333333333,181,78.5022726137205,3916085.86933545,7.54166666666667,2018,9,30.92608972965093,12.780402425327214,310.11167105359397,985.856297575102,205,168,146.4759791445472,0,2018-09-20 11:28:33.524920370,79.07224939856027,0,0.9859462730726557,0.1,0.49297313653632785,2018-09-17 16:04:20.097834817,146.4759791445472,0
37019_2018-09-14 09:00:00,2018242N13343,37019,Brunswick,2018-09-14 09:00:00,185,153064,97925.0,621.333333333333,185,64.7276060871203,9907466.29811898,7.70833333333333,2018,9,32.23862681235037,13.413810583915737,333.0303165769797,983.8014853830643,209,168,154.04275011018055,0,2018-09-20 19:02:33.900396650,62.703959452359165,0,0.8714924641588041,0.1,0.43574623207940205,2018-09-16 23:42:14.254028493,154.04275011018055,0
45067_2018-09-14 10:00:00,2018242N13343,45067,Marion,2018-09-14 10:00:00,88,28450,12785.0,621.375,88,29.2251936314206,831456.758813915,3.66666666666667,2018,9,30.25193251888972,15.917357961899976,277.19075945599377,990.3072241834482,112,112,78.44237918215612,0,2018-09-17 16:26:32.565055762,37.11643434401389,0,0.8493338827084191,0.1,0.42466694135420957,2018-09-15 23:06:59.163638450,78.44237918215612,0
45025_2018-09-14 10:00:00,2018242N13343,45025,Chesterfield,2018-09-14 10:00:00,85,43683,10718.0,621.375,85,28.4638026927674,1243384.29302816,3.54166666666667,2018,9,25.58516828993741,16.102761229554442,265.164501402442,1001.562513819946,109,109,79.85400943396222,0,2018-09-17 17:51:14.433962264,57.54359016099278,0,0.6785041224970554,0.1,0.3392520612485277,2018-09-16 19:32:36.924579574,79.85400943396222,0
37129_2018-09-14 10:00:00,2018242N13343,37129,New Hanover,2018-09-14 10:00:00,184,234921,127363.0,621.375,184,94.4828632980405,22196008.728839,7.66666666666667,2018,9,33.88922833405899,13.799308354813821,424.4622061642588,979.1644329562316,208,168,174.967515151515,0,2018-09-21 16:58:03.054545454,105.93469699315695,0,0.9005441140676649,0.1,0.45027205703383244,2018-09-18 19:56:04.909175365,174.967515151515,0
37155_2018-09-14 11:00:00,2018242N13343,37155,Robeson,2018-09-14 11:00:00,160,116663,45365.0,621.416666666667,160,73.838650137601,8614238.44100294,6.66666666666667,2018,9,34.57014523171509,13.286771554751386,353.9767825520743,993.5092310313134,184,168,150.596120689655,0,2018-09-20 17:35:46.034482758,89.67556677206528,0,0.8351748540169752,0.1,0.4175874270084876,2018-09-18 04:40:32.040379435,150.596120689655,0
37051_2018-09-14 12:00:00,2018242N13343,37051,Cumberland,2018-09-14 12:00:00,118,336699,52611.0,621.458333333333,118,28.8647465630458,9718731.30303094,4.91666666666667,2018,9,33.9487675863599,15.212125251945547,365.2759861055906,998.7625474612194,142,142,103.96506078343083,0,2018-09-18 19:57:54.218820351,60.30654299601444,0,0.4494441075399232,0.1,0.2247220537699616,2018-09-17 00:18:23.554785652,103.96506078343083,0
37125_2018-09-14 12:00:00,2018242N13343,37125,Moore,2018-09-14 12:00:00,109,105531,49399.0,621.458333333333,109,31.51993254151,3326330.00103809,4.54166666666667,2018,9,25.056410066459488,14.480105845990158,276.74907193843114,1004.9139812967052,133,133,99.65324675324666,0,2018-09-18 15:39:11.688311688,59.47522738843639,0,0.5661114003123373,0.1,0.28305570015616865,2018-09-16 23:28:30.818598371,99.65324675324666,0
37085_2018-09-14 12:00:00,2018242N13343,37085,Harnett,2018-09-14 12:00:00,107,138832,40213.0,621.458333333333,107,27.5148054224233,3819935.46640587,4.45833333333333,2018,9,27.83400842196526,14.987311004182354,263.8172338704989,1003.2136495535716,131,131,83.63134328358194,0,2018-09-17 23:37:52.835820895,55.30397557048972,0,0.5481164596918221,0.1,0.27405822984591105,2018-09-16 19:18:14.312053763,83.63134328358194,0
37007_2018-09-14 13:00:00,2018242N13343,37007,Anson,2018-09-14 13:00:00,87,22202,10537.0,621.5,87,21.9067292268028,486373.202293476,3.625,2018,9,27.13187945597881,15.711624211114042,271.666793068787,1004.2253362894146,111,111,81.44576271186416,0,2018-09-17 22:26:44.745762711,74.57919606044305,0,0.43617728006073836,0.1,0.21808864003036918,2018-09-17 15:34:45.105817595,81.44576271186416,0
45051_2018-09-14 13:00:00,2018242N13343,45051,Horry,2018-09-14 13:00:00,53,383101,159734.0,621.5,53,12.2892074488787,4708007.66287289,2.20833333333333,2018,9,30.511465072631847,18.665116967407567,254.23102581227673,985.7111513157896,77,77,35.33810845041861,0,2018-09-16 00:20:17.190421507,30.7742514625925,0,0.41892799133730374,0.1,0.20946399566865187,2018-09-15 19:46:27.305265333,35.33810845041861,0
37105_2018-09-14 13:00:00,2018242N13343,37105,Lee,2018-09-14 13:00:00,65,65476,25934.0,621.5,65,11.9267092270897,780913.213352923,2.70833333333333,2018,9,24.67114115805521,17.811432694133444,228.85469475720268,1005.2036005930656,89,89,53.895154185021944,0,2018-09-16 18:53:42.555066079,35.21257177391778,0,0.41800488418559906,0.1,0.20900244209279953,2018-09-16 00:12:45.258386104,53.895154185021944,0
37165_2018-09-14 14:00:00,2018242N13343,37165,Scotland,2018-09-14 14:00:00,147,34162,9467.0,621.541666666667,147,61.0573194051841,2085840.1455199,6.125,2018,9,28.484156913067924,12.606098426034654,328.609642586727,999.8636650508284,171,168,125.67213114754084,0,2018-09-19 19:40:19.672131147,94.08018823765417,0,0.7783192350128724,0.1,0.3891596175064362,2018-09-18 12:04:48.677655555,125.67213114754084,0
37037_2018-09-14 14:00:00,2018242N13343,37037,Chatham,2018-09-14 14:00:00,59,79864,36159.0,621.541666666667,59,5.1972999692485,415077.164744062,2.45833333333333,2018,9,23.692598199524337,17.373433552496245,180.4572819532114,1007.198777999161,83,83,30.00204081632639,0,2018-09-15 20:00:07.346938775,30.73191094619639,0,0.17824054868774025,0.1,0.08912027434387013,2018-09-15 20:43:54.879406307,30.00204081632639,0
45069_2018-09-14 15:00:00,2018242N13343,45069,Marlboro,2018-09-14 15:00:00,103,26039,4448.0,621.583333333333,103,39.0369360572148,1016482.77799382,4.29166666666667,2018,9,28.722570336546887,14.875321665464682,302.4752804057955,998.4497129252958,127,127,100.1984126984125,0,2018-09-18 19:11:54.285714285,55.24149065703167,0,0.7747302158273381,0.1,0.38736510791366907,2018-09-16 22:14:29.366365314,100.1984126984125,0
37123_2018-09-14 19:00:00,2018242N13343,37123,Montgomery,2018-09-14 19:00:00,99,25894,14532.0,621.75,99,22.3982444407426,579980.14154859,4.125,2018,9,26.215729228104696,14.3692688792337,256.00211061537266,1006.54305677599,123,123,79.3346475507764,0,2018-09-18 02:20:04.731182795,72.12673742242778,0,0.4035498073747936,0.1,0.2017749036873968,2018-09-17 19:07:36.254720740,79.3346475507764,0
45041_2018-09-14 19:00:00,2018242N13343,45041,Florence,2018-09-14 19:00:00,48,136721,53697.0,621.75,48,8.02590531684703,1097309.80082464,2.0,2018,9,28.984484536307203,18.208645628089187,247.29972098543703,993.7116670730792,72,72,29.162676775951113,0,2018-09-16 00:09:45.636393424,25.652326178229167,0,0.31099776530594836,0.1,0.15549888265297418,2018-09-15 20:39:08.374241625,29.162676775951113,0
45031_2018-09-14 22:00:00,2018242N13343,45031,Darlington,2018-09-14 22:00:00,67,62398,21422.0,621.875,67,10.902465682517,680292.053657695,2.79166666666667,2018,9,27.421420533778303,17.0915259955071,286.8791943715917,997.6154736493644,91,91,43.85617283950611,0,2018-09-16 17:51:22.222222222,22.6292324675,0,0.41067795906505583,0.1,0.20533897953252792,2018-09-15 20:37:45.236883000,43.85617283950611,0
37093_2018-09-14 23:00:00,2018242N13343,37093,Hoke,2018-09-14 23:00:00,116,53787,22023.0,621.916666666667,116,37.8761615651504,2037245.10210474,4.83333333333333,2018,9,29.63275657634877,13.524619301275681,352.8066827642914,1000.7906825759924,140,140,94.93059701492528,0,2018-09-18 21:55:50.149253731,48.62179005066667,0,0.6488168233637643,0.1,0.32440841168188217,2018-09-16 23:37:18.444182400,94.93059701492528,0
45055_2018-09-15 02:00:00,2018242N13343,45055,Kershaw,2018-09-15 02:00:00,40,67751,6996.0,622.041666666667,40,4.42087674098195,299518.820078268,1.66666666666667,2018,9,24.020653475940158,17.636193923251817,181.7370381811695,1002.0754237999674,64,64,28.106511056510833,0,2018-09-16 06:06:23.439803439,14.365336203619444,0,0.24842725204122607,0.1,0.12421362602061303,2018-09-15 16:21:55.210333030,28.106511056510833,0
12063_2018-10-09 00:00:00,2018280N18273,12063,Jackson,2018-10-09 00:00:00,553,48211,3999.0,645.958333333333,553,343.401171354844,16555713.8721884,23.0416666666667,2018,10,22.274640911293822,8.129007238681679,56.87959723722065,986.1032854177564,577,168,551.9474538745386,0,2018-10-31 23:56:50.833948339,467.63926074625,0,0.9884558874973763,0.1,0.49422794374868817,2018-10-28 11:38:21.338686500,551.9474538745386,0
45089_2018-10-09 19:00:00,2018280N18273,45089,Williamsburg,2018-10-09 19:00:00,56,30058,8296.0,646.75,56,2.02242044358727,60789.9136933462,2.33333333333333,2018,10,22.453394163693627,10.74124954915393,27.41018362648599,998.0573614983144,80,80,49.58703703703694,0,2018-10-11 20:35:13.333333333,46.636752136751944,0,0.2539778206364513,0.1,0.12698891031822565,2018-10-11 17:38:12.307692307,49.58703703703694,0
13153_2018-10-10 01:00:00,2018280N18273,13153,Houston,2018-10-10 01:00:00,65,169631,27380.0,647.0,65,10.4804236669102,1777804.74704164,2.70833333333333,2018,10,22.95168615180208,11.117335415629155,71.67819861556066,986.7561710757672,89,89,50.67842323651445,0,2018-10-12 03:40:42.323651452,42.369000786781946,0,0.5951789627465303,0.1,0.29758948137326513,2018-10-11 19:22:08.402832415,50.67842323651445,0
37013_2018-10-10 06:00:00,2018280N18273,37013,Beaufort,2018-10-10 06:00:00,61,44272,13427.0,647.208333333333,61,3.66679079466746,162336.162061518,2.54166666666667,2018,10,22.967637807334345,9.276952046759671,9.346736719513808,992.9225862042686,85,85,55.072093023255555,0,2018-10-12 13:04:19.534883720,49.4315476190475,0,0.31086616518954346,0.1,0.15543308259477173,2018-10-12 07:25:53.571428571,55.072093023255555,0
12129_2018-10-10 13:00:00,2018280N18273,12129,Wakulla,2018-10-10 13:00:00,156,35178,15752.0,647.5,156,68.5806566441014,2412530.3394262,6.5,2018,10,30.008693422953293,7.543487354286134,71.00103186815977,993.613506875,180,168,129.91516709511555,0,2018-10-15 22:54:54.601542416,64.39584793465362,0,0.9824784154393092,0.1,0.4912392077196546,2018-10-13 05:23:45.052564753,129.91516709511555,0
12077_2018-10-10 13:00:00,2018280N18273,12077,Liberty,2018-10-10 13:00:00,388,7603,3310.0,647.5,388,206.088592348317,1566891.56762425,16.1666666666667,2018,10,29.221366813087915,7.125129236257156,72.76766639872426,988.212079186183,412,168,376.3893617021275,0,2018-10-26 05:23:21.702127659,221.82754453588888,0,0.9993957703927493,0.1,0.49969788519637465,2018-10-19 18:49:39.160329200,376.3893617021275,0
13095_2018-10-10 14:00:00,2018280N18273,13095,Dougherty,2018-10-10 14:00:00,268,82966,4842.0,647.541666666667,268,107.414232391497,8911729.20459292,11.1666666666667,2018,10,29.787201089942904,7.192398429349753,82.64104175160138,985.4629020802786,292,168,219.88759689922472,0,2018-10-19 17:53:15.348837209,106.79607250755278,0,0.9802471284371737,0.1,0.4901235642185868,2018-10-15 00:47:45.861027190,219.88759689922472,0
12045_2018-10-10 15:00:00,2018280N18273,12045,Gulf,2018-10-10 15:00:00,514,15314,13645.0,647.583333333333,514,208.094036632377,3186752.07698822,21.4166666666667,2018,10,30.97727404729901,8.19732583506004,93.41737167056245,986.8047144846796,538,168,439.37195121951197,0,2018-10-28 22:22:19.024390243,176.79690933166472,0,0.9968896875863976,0.1,0.4984448437931988,2018-10-17 23:47:48.873593993,439.37195121951197,0
12059_2018-10-10 16:00:00,2018280N18273,12059,Holmes,2018-10-10 16:00:00,221,19651,5106.0,647.625,221,105.123950960912,2065790.76033288,9.20833333333333,2018,10,22.92962301195282,6.307741255437152,57.784989087352734,990.665231636598,245,168,201.90710059171585,0,2018-10-19 01:54:25.562130177,104.64452588181389,0,0.9275580665411174,0.1,0.4637790332705587,2018-10-15 00:38:40.293174530,201.90710059171585,0
12037_2018-10-10 16:00:00,2018280N18273,12037,Franklin,2018-10-10 16:00:00,151,12498,10332.0,647.625,151,109.19524696696,1364722.19659307,6.29166666666667,2018,10,32.092459918261774,8.287282677395476,98.85104808134136,992.7133151901902,175,168,149.62267895109832,0,2018-10-16 21:37:21.644223954,102.52318153290139,0,0.9977739063104917,0.1,0.49888695315524584,2018-10-14 22:31:23.453518445,149.62267895109832,0
12039_2018-10-10 16:00:00,2018280N18273,12039,Gadsden,2018-10-10 16:00:00,345,43403,15094.0,647.625,345,192.617146222732,8360161.99750523,14.375,2018,10,27.61054343019084,6.891530957811837,68.95904313239218,987.9014940109108,369,168,320.9672597864767,0,2018-10-24 00:58:02.135231316,197.76229508196695,0,1.0,0.1,0.5,2018-10-18 21:45:44.262295081,320.9672597864767,0
12131_2018-10-10 17:00:00,2018280N18273,12131,Walton,2018-10-10 17:00:00,56,83304,25365.0,647.666666666667,56,21.5488762338243,1795107.5857825,2.33333333333333,2018,10,22.91248107051621,9.594885515624394,67.7371313141366,992.2612630935754,80,80,54.25667686034639,0,2018-10-12 23:15:24.036697247,36.450958864002224,0,0.6413528128261076,0.1,0.3206764064130538,2018-10-12 05:27:03.451910408,54.25667686034639,0
12005_2018-10-10 17:00:00,2018280N18273,12005,Bay,2018-10-10 17:00:00,504,185134,115953.0,647.666666666667,504,189.113881077374,35011409.2593786,21.0,2018,10,27.984699722350115,7.456459336661648,67.58988947345412,985.9625283741386,528,168,466.9670584942625,0,2018-10-30 03:58:01.410579345,223.4909324912561,0,0.879841145921727,0.1,0.4399205729608635,2018-10-20 00:29:27.356968522,466.9670584942625,0
13087_2018-10-10 17:00:00,2018280N18273,13087,Decatur,2018-10-10 17:00:00,249,28982,13350.0,647.666666666667,249,126.343380030166,3661683.84003428,10.375,2018,10,28.79388489610567,6.8770955986238205,72.23954866896933,984.6164664124016,273,168,221.5744186046511,0,2018-10-19 22:34:27.906976744,126.50111612895445,0,0.9839700374531836,0.1,0.4919850187265918,2018-10-15 23:30:04.018064236,221.5744186046511,0
12013_2018-10-10 18:00:00,2018280N18273,12013,Calhoun,2018-10-10 18:00:00,511,13464,8461.0,647.708333333333,511,380.447239474646,5122341.63228664,21.2916666666667,2018,10,28.26059994849216,6.611275201391015,62.12432835705237,985.6756187886484,535,168,510.0832740213522,0,2018-11-01 00:04:59.786476868,410.29143897996335,0,1.0,0.1,0.5,2018-10-27 20:17:29.180327868,510.0832740213522,0
12073_2018-10-10 18:00:00,2018280N18273,12073,Leon,2018-10-10 18:00:00,146,297369,137723.0,647.708333333333,146,62.9065948548324,18706471.2053867,6.08333333333333,2018,10,28.78086651039685,6.87614252830526,52.50939945099671,991.5406596838126,170,168,123.43151774785778,0,2018-10-15 21:25:53.463892288,58.58493682934222,0,0.976713548415117,0.1,0.4883567742075585,2018-10-13 04:35:05.772585632,123.43151774785778,0
12133_2018-10-10 18:00:00,2018280N18273,12133,Washington,2018-10-10 18:00:00,413,25414,9886.0,647.708333333333,413,150.650666290381,3828636.03310375,17.2083333333333,2018,10,24.16638381107558,6.379249108581416,51.598771674609665,987.7447127423262,437,168,354.09792592592584,0,2018-10-25 12:05:52.533333333,129.37352674524,0,0.9623178697035673,0.1,0.4811589348517836,2018-10-16 03:22:24.696282864,354.09792592592584,0
13131_2018-10-10 19:00:00,2018280N18273,13131,Grady,2018-10-10 19:00:00,247,26008,9073.0,647.75,247,129.357738947609,3364336.07454941,10.2916666666667,2018,10,30.102382582311204,7.101702166999093,60.62635129150123,987.9350299451283,271,168,199.535135135135,0,2018-10-19 02:32:06.486486486,140.0714376978475,0,0.9984667615814259,0.1,0.49923338079071294,2018-10-16 15:04:17.175712251,199.535135135135,0
13275_2018-10-10 19:00:00,2018280N18273,13275,Thomas,2018-10-10 19:00:00,144,45561,8914.0,647.75,144,51.8602025288176,2362802.68741546,6.0,2018,10,29.478503156591348,7.152482000829051,44.58040781405375,991.294648148148,168,168,121.27772020725361,0,2018-10-15 20:16:39.792746113,45.04891181956528,0,0.9528079811680304,0.1,0.4764039905840152,2018-10-12 16:02:56.082550435,121.27772020725361,0
12065_2018-10-10 19:00:00,2018280N18273,12065,Jefferson,2018-10-10 19:00:00,53,15042,8167.0,647.75,53,23.8644545120607,358969.124770417,2.20833333333333,2018,10,26.891825943850403,10.207109474215848,39.167733178332,994.7990300210674,77,77,48.350602409638334,0,2018-10-12 19:21:02.168674698,39.278481012658055,0,0.764540222848047,0.1,0.3822701114240235,2018-10-12 10:16:42.531645569,48.350602409638334,0
13259_2018-10-10 19:00:00,2018280N18273,13259,Stewart,2018-10-10 19:00:00,106,4648,1816.0,647.75,106,51.3909220855797,238865.005853775,4.41666666666667,2018,10,22.49237419179168,7.545448577987565,90.9841704211237,988.3361197339248,130,130,99.50952380952361,0,2018-10-14 22:30:34.285714285,49.213961141950556,0,0.9912767644726408,0.1,0.4956383822363204,2018-10-12 20:12:50.260111022,99.50952380952361,0
01069_2018-10-10 20:00:00,2018280N18273,01069,Houston,2018-10-10 20:00:00,151,108079,28005.0,647.791666666667,151,53.9730501971308,5833353.2922557,6.29166666666667,2018,10,23.03112852452165,6.395429772316592,57.096510807494234,985.6874469014832,175,168,124.24772235730612,0,2018-10-16 00:14:51.800486302,53.603009127314444,0,0.8184966970183896,0.1,0.4092483485091948,2018-10-13 01:36:10.832858332,124.24772235730612,0
12079_2018-10-10 20:00:00,2018280N18273,12079,Madison,2018-10-10 20:00:00,26,18198,9285.0,647.791666666667,26,2.83004846526656,51501.2219709208,1.08333333333333,2018,10,24.640469462184583,12.382357874186026,21.372192828011,997.9494468352756,50,50,10.85254237288111,0,2018-10-11 06:51:09.152542372,10.703389830508334,0,0.2094776521270867,0.1,0.10473882606354334,2018-10-11 06:42:12.203389830,10.85254237288111,0
13253_2018-10-10 20:00:00,2018280N18273,13253,Seminole,2018-10-10 20:00:00,196,9127,1729.0,647.791666666667,196,142.795835743204,1303297.59282822,8.16666666666667,2018,10,25.64082348932985,6.4588058724894735,68.04234380490283,983.1117257940572,220,168,174.5367346938775,0,2018-10-18 02:32:12.244897959,140.4775280898875,0,0.9786003470213996,0.1,0.4893001735106998,2018-10-16 16:28:39.101123595,174.5367346938775,0
13037_2018-10-10 21:00:00,2018280N18273,13037,Calhoun,2018-10-10 21:00:00,195,5469,2436.0,647.833333333333,195,111.722014833577,611007.699124832,8.125,2018,10,26.117301900191663,6.5831527806726315,98.77809690265153,983.1277991548044,219,168,163.46086956521722,0,2018-10-17 16:27:39.130434782,114.57784431137722,0,0.9663690476190476,0.1,0.4831845238095238,2018-10-15 15:34:40.239520958,163.46086956521722,0
13201_2018-10-10 21:00:00,2018280N18273,13201,Miller,2018-10-10 21:00:00,193,5807,1181.0,647.833333333333,193,124.098465667905,720639.790133522,8.04166666666667,2018,10,25.62284266430398,6.520851367810745,82.12071944001143,983.1053866621376,217,168,139.46666666666638,0,2018-10-16 16:27:59.999999999,124.23306233062306,0,0.9620462046204621,0.1,0.48102310231023104,2018-10-16 01:13:59.024390243,139.46666666666638,0
13243_2018-10-10 21:00:00,2018280N18273,13243,Randolph,2018-10-10 21:00:00,143,6116,3421.0,647.833333333333,143,88.8843710471687,543616.813324484,5.95833333333333,2018,10,23.960138423181636,6.658487019293215,104.61743004372589,984.5767708333332,167,167,140.16016949152527,0,2018-10-16 17:09:36.610169491,97.12037037037028,0,0.987691643273591,0.1,0.4938458216367955,2018-10-14 22:07:13.333333333,140.16016949152527,0
01061_2018-10-10 21:00:00,2018280N18273,01061,Geneva,2018-10-10 21:00:00,78,26783,15326.0,647.833333333333,78,23.9522455827024,641512.993441519,3.25,2018,10,22.279770131447947,7.591313240991943,63.15503644559629,991.3307667286244,102,102,64.04724409448805,0,2018-10-13 13:02:50.078740157,28.262602084635557,0,0.6456769983686786,0.1,0.3228384991843393,2018-10-12 01:15:45.367504688,64.04724409448805,0
13071_2018-10-10 21:00:00,2018280N18273,13071,Colquitt,2018-10-10 21:00:00,77,45762,2440.0,647.833333333333,77,47.1029680063458,2155526.0219064,3.20833333333333,2018,10,28.27881879022676,9.253697276131584,46.312176719728896,990.80505270762,101,101,73.38888888888862,0,2018-10-13 22:23:19.999999999,49.27403846153833,0,0.8875,0.1,0.44375,2018-10-12 22:16:26.538461538,73.38888888888862,0
13239_2018-10-10 21:00:00,2018280N18273,13239,Quitman,2018-10-10 21:00:00,123,2249,1180.0,647.833333333333,123,49.4955174658241,111315.418780638,5.125,2018,10,21.05312968211569,6.884852411346258,86.33801150343317,987.2288893312102,147,147,89.79999999999973,0,2018-10-14 14:47:59.999999999,49.165271957804165,0,0.9874538745387453,0.1,0.49372693726937267,2018-10-12 22:09:54.979048095,89.79999999999973,0
01067_2018-10-10 21:00:00,2018280N18273,01067,Henry,2018-10-10 21:00:00,79,17655,7563.0,647.833333333333,79,33.547458541466,592280.380549583,3.29166666666667,2018,10,22.07333413759867,7.961260494789132,68.11807141396761,987.4758969455296,103,103,67.27323420074333,0,2018-10-13 16:16:23.643122676,27.39445508812222,0,0.9877032923443078,0.1,0.4938516461721539,2018-10-12 00:23:40.038317240,67.27323420074333,0
01045_2018-10-10 22:00:00,2018280N18273,01045,Dale,2018-10-10 22:00:00,44,49544,18575.0,647.875,44,7.53244547026282,373187.478378701,1.83333333333333,2018,10,22.404614435301884,9.90333074652681,58.22884741549691,990.3027983940972,68,68,25.251637931034445,0,2018-10-11 23:15:05.896551724,22.128995433789722,0,0.3167842334823111,0.1,0.15839211674115555,2018-10-11 20:07:44.383561643,25.251637931034445,0
13141_2018-10-10 22:00:00,2018280N18273,13141,Hancock,2018-10-10 22:00:00,46,8387,5497.0,647.875,46,9.85753613958554,82675.1556027039,1.91666666666667,2018,10,20.675220847129825,10.258879519218489,44.24866392315986,988.9400052083332,70,70,39.14376947040472,0,2018-10-12 13:08:37.570093457,22.78125,0,0.5055484809896307,0.1,0.25277424049481534,2018-10-11 20:46:52.500000000,39.14376947040472,0
13205_2018-10-10 22:00:00,2018280N18273,13205,Mitchell,2018-10-10 22:00:00,309,21116,2905.0,647.875,309,154.841529879081,3269633.74492667,12.875,2018,10,29.431692420459186,7.006849580042349,73.4295099992763,986.6233998783298,333,168,283.83999999999975,0,2018-10-22 17:50:23.999999999,146.7746348847161,0,0.9808626384301535,0.1,0.49043131921507677,2018-10-17 00:46:28.685584978,283.83999999999975,0
13079_2018-10-10 22:00:00,2018280N18273,13079,Crawford,2018-10-10 22:00:00,28,12140,5069.0,647.875,28,5.4963503649635,66725.6934306569,1.16666666666667,2018,10,22.00438116214893,12.381393148065861,74.31343258904684,989.568103298611,52,52,24.311180124223334,0,2018-10-11 22:18:40.248447204,20.63043478260861,0,0.31386861313868614,0.1,0.15693430656934307,2018-10-11 18:37:49.565217391,24.311180124223334,0
13177_2018-10-10 22:00:00,2018280N18273,13177,Lee,2018-10-10 22:00:00,141,33642,9059.0,647.875,141,69.7389402968171,2346157.42946552,5.875,2018,10,27.887769410776546,6.927194419152472,85.06974518477784,985.2889273710028,165,165,119.94046822742472,0,2018-10-15 21:56:25.685618729,70.13672098954666,0,0.9847492986116106,0.1,0.4923746493058053,2018-10-13 20:08:12.195562368,119.94046822742472,0
13061_2018-10-10 22:00:00,2018280N18273,13061,Clay,2018-10-10 22:00:00,144,2845,2189.0,647.875,144,94.4003370248225,268568.95883562,6.0,2018,10,22.10261717787734,6.462583033018794,90.5540160969034,985.0835902308556,168,168,117.14949494949472,0,2018-10-15 19:08:58.181818181,102.03426124197,0,0.9892205638474295,0.1,0.49461028192371476,2018-10-15 04:02:03.340471092,117.14949494949472,0
13321_2018-10-10 23:00:00,2018280N18273,13321,Worth,2018-10-10 23:00:00,217,20424,1416.0,647.916666666667,217,115.905684858295,2367257.70754581,9.04166666666667,2018,10,28.40245377638315,7.163017512942412,68.0161458152172,987.9960690426236,241,168,212.65490196078417,0,2018-10-19 19:39:17.647058823,97.37676292450777,0,0.972463768115942,0.1,0.486231884057971,2018-10-15 00:22:36.346528228,212.65490196078417,0
13273_2018-10-10 23:00:00,2018280N18273,13273,Terrell,2018-10-10 23:00:00,146,8754,4839.0,647.916666666667,146,95.4386834015122,835470.234496837,6.08333333333333,2018,10,28.47338528618624,6.598386795963525,100.5628869633861,983.944223261778,170,168,140.89603174603167,0,2018-10-16 19:53:45.714285714,94.75942350332583,0,0.9887145124316699,0.1,0.49435725621583493,2018-10-14 21:45:33.924611973,140.89603174603167,0
13007_2018-10-10 23:00:00,2018280N18273,13007,Baker,2018-10-10 23:00:00,367,2788,371.0,647.916666666667,367,236.555199987713,659515.897565745,15.2916666666667,2018,10,28.77902747547559,6.629565382664454,86.71516025475735,984.3181759798728,391,168,350.14999999999975,0,2018-10-25 13:08:59.999999999,255.65740740740722,0,0.9906296851574213,0.1,0.49531484257871067,2018-10-21 14:39:26.666666666,350.14999999999975,0
13261_2018-10-10 23:00:00,2018280N18273,13261,Sumter,2018-10-10 23:00:00,96,28877,14768.0,647.916666666667,96,41.1144424358009,1187261.75421862,4.0,2018,10,26.202407711029053,7.9668057653745015,90.82972383312881,986.073220625,120,120,87.025,0,2018-10-14 14:01:30.000000000,49.14490258328083,0,0.8664767208443955,0.1,0.43323836042219777,2018-10-13 00:08:41.649299811,87.025,0
01005_2018-10-10 23:00:00,2018280N18273,01005,Barbour,2018-10-10 23:00:00,42,24706,10892.0,647.916666666667,42,10.6726353860847,263678.129848607,1.75,2018,10,20.606757757636935,9.953236017058323,69.17783021822237,992.0148828125,66,66,26.57399999999972,0,2018-10-12 01:34:26.399999999,19.822834645669168,0,0.4916421748714181,0.1,0.24582108743570905,2018-10-11 18:49:22.204724409,26.57399999999972,0
13249_2018-10-10 23:00:00,2018280N18273,13249,Schley,2018-10-10 23:00:00,63,4496,1444.0,647.916666666667,63,20.0340059356446,90072.8906866579,2.625,2018,10,26.226974377686947,9.299267505966293,95.61930942060106,987.6600139188216,87,87,48.943749999999724,0,2018-10-12 23:56:37.499999999,25.423410404624168,0,0.6981840951784596,0.1,0.3490920475892298,2018-10-12 00:25:24.277456647,48.943749999999724,0
13075_2018-10-11 00:00:00,2018280N18273,13075,Cook,2018-10-11 00:00:00,39,17404,1578.0,647.958333333333,39,7.83079847908746,136287.216730038,1.625,2018,10,25.72332664084645,12.009655822644596,28.2090353013008,994.3450235066372,63,63,20.839639639639444,0,2018-10-11 20:50:22.702702702,12.711538461538334,0,0.4416983523447402,0.1,0.2208491761723701,2018-10-11 12:42:41.538461538,20.839639639639444,0
13307_2018-10-11 00:00:00,2018280N18273,13307,Webster,2018-10-11 00:00:00,122,2328,1333.0,647.958333333333,122,63.1538408019407,147022.141386918,5.08333333333333,2018,10,25.62367631762808,7.066190151981342,107.31234683436318,985.7783852966588,146,146,115.72903225806445,0,2018-10-15 19:43:44.516129032,56.037037037036946,0,0.9965397923875432,0.1,0.4982698961937716,2018-10-13 08:02:13.333333333,115.72903225806445,0
13027_2018-10-11 00:00:00,2018280N18273,13027,Brooks,2018-10-11 00:00:00,28,16253,902.0,647.958333333333,28,13.3381374722838,216784.748337029,1.16666666666667,2018,10,27.0333661311487,12.769014229691216,27.87589471394878,994.3063434624232,52,52,23.9857777777775,0,2018-10-11 23:59:08.799999999,23.144444444444446,0,0.6197339246119733,0.1,0.30986696230598665,2018-10-11 23:08:40.000000000,23.9857777777775,0
13287_2018-10-11 00:00:00,2018280N18273,13287,Turner,2018-10-11 00:00:00,151,8842,5135.0,647.958333333333,151,51.9504658288324,459346.018858536,6.29166666666667,2018,10,27.115748630987632,7.206438412805935,65.38600961495241,988.4437782411316,175,168,87.98947368421028,0,2018-10-14 15:59:22.105263157,60.97042254935417,0,0.9238648002731308,0.1,0.4619324001365654,2018-10-13 12:58:13.521177675,87.98947368421028,0
13003_2018-10-11 00:00:00,2018280N18273,13003,Atkinson,2018-10-11 00:00:00,40,8183,4549.0,647.958333333333,40,6.82215871620136,55825.7247746757,1.66666666666667,2018,10,23.57714719772339,11.668859830367214,22.63245414942503,997.1296335018384,64,64,24.103389830508334,0,2018-10-12 00:06:12.203389830,18.60929319371722,0,0.359859309738404,0.1,0.179929654869202,2018-10-11 18:36:33.455497382,24.103389830508334,0
13193_2018-10-11 01:00:00,2018280N18273,13193,Macon,2018-10-11 01:00:00,49,11765,6145.0,648.0,49,28.4966639544345,335263.251423922,2.04166666666667,2018,10,25.796105892988887,10.25615331790719,82.96403294619526,987.3311340480534,73,73,46.71838235294111,0,2018-10-12 23:43:06.176470588,42.12443438914,0,0.8577705451586656,0.1,0.4288852725793328,2018-10-12 19:07:27.963800904,46.71838235294111,0
13019_2018-10-11 01:00:00,2018280N18273,13019,Berrien,2018-10-11 01:00:00,47,18214,4422.0,648.0,47,19.8997068891876,362453.261279663,1.95833333333333,2018,10,26.97775459717208,11.057973043093261,29.340948985739207,995.0827042460762,71,71,45.490677966101664,0,2018-10-12 22:29:26.440677966,15.947712163816112,0,0.8397733127253992,0.1,0.4198866563626996,2018-10-11 16:56:51.763789738,45.490677966101664,0
13315_2018-10-11 01:00:00,2018280N18273,13315,Wilcox,2018-10-11 01:00:00,115,8761,4912.0,648.0,115,62.6893943013266,549221.783473923,4.79166666666667,2018,10,25.210254163158183,7.574640468535244,67.39798869120376,987.8816111288266,139,139,111.22545454545444,0,2018-10-15 16:13:31.636363636,70.22885572139278,0,0.990228013029316,0.1,0.495114006514658,2018-10-13 23:13:43.880597014,111.22545454545444,0
13069_2018-10-11 01:00:00,2018280N18273,13069,Coffee,2018-10-11 01:00:00,44,43172,13869.0,648.0,44,12.5984714770518,543901.210607282,1.83333333333333,2018,10,25.298078568461705,11.228048584711619,38.07540285391825,994.8773471018976,68,68,32.97401746724889,0,2018-10-12 09:58:26.462882096,19.634142215958054,0,0.55814629185734,0.1,0.27907314592867,2018-10-11 20:38:02.911977449,32.97401746724889,0
13017_2018-10-11 01:00:00,2018280N18273,13017,Ben Hill,2018-10-11 01:00:00,97,17069,3299.0,648.0,97,51.9421229136294,886600.096012741,4.04166666666667,2018,10,25.772144998257588,8.328192472400655,59.747971748910004,990.8365035010372,121,121,92.93653846153833,0,2018-10-14 21:56:11.538461538,47.930678466076664,0,0.9290694149742346,0.1,0.4645347074871173,2018-10-13 00:55:50.442477876,92.93653846153833,0
13155_2018-10-11 01:00:00,2018280N18273,13155,Irwin,2018-10-11 01:00:00,68,9126,6013.0,648.0,68,22.3363841003872,203841.841300134,2.83333333333333,2018,10,26.300891215208345,9.571271359221205,50.9382185178794,992.0461840691136,92,92,44.80149253731334,0,2018-10-12 21:48:05.373134328,17.169341915585278,0,0.9516003122560499,0.1,0.47580015612802495,2018-10-11 18:10:09.630896107,44.80149253731334,0
13277_2018-10-11 01:00:00,2018280N18273,13277,Tift,2018-10-11 01:00:00,69,41412,12826.0,648.0,69,22.6022408232445,936003.9969722,2.875,2018,10,28.52156296066459,9.591334824531076,47.56230096591233,991.205473502852,93,93,64.13999999999972,0,2018-10-13 17:08:23.999999999,18.247302411186666,0,0.8327192336035372,0.1,0.4163596168017686,2018-10-11 19:14:50.288680272,64.13999999999972,0
13197_2018-10-11 01:00:00,2018280N18273,13197,Marion,2018-10-11 01:00:00,42,7449,3006.0,648.0,42,13.0319806605484,97075.2239404253,1.75,2018,10,23.535244850402183,10.512430961442563,98.18010969939543,989.6229593999336,66,66,38.6423076923075,0,2018-10-12 15:38:32.307692307,22.3,0,0.5384856070087609,0.1,0.26924280350438046,2018-10-11 23:18:00.000000000,38.6423076923075,0
13161_2018-10-11 02:00:00,2018280N18273,13161,Jeff Davis,2018-10-11 02:00:00,40,14889,7743.0,648.041666666667,40,13.0835593439235,194801.115071678,1.66666666666667,2018,10,27.13120736929086,11.753354909282464,42.760755501400965,994.6045112980768,64,64,34.90538461538444,0,2018-10-12 12:54:19.384615384,16.2825,0,0.7249128244866331,0.1,0.36245641224331654,2018-10-11 18:16:57.000000000,34.90538461538444,0
13269_2018-10-11 02:00:00,2018280N18273,13269,Taylor,2018-10-11 02:00:00,44,7737,4219.0,648.041666666667,44,5.67138577306864,43879.511726232,1.83333333333333,2018,10,22.81956077418781,10.418424321504432,86.7347361000403,990.0602771529562,68,68,23.167441860465,0,2018-10-12 01:10:02.790697674,22.687499999999723,0,0.20459933617828355,0.1,0.10229966808914177,2018-10-12 00:41:14.999999999,23.167441860465,0
13093_2018-10-11 02:00:00,2018280N18273,13093,Dooly,2018-10-11 02:00:00,92,10572,6397.0,648.041666666667,92,41.0656557761451,434146.112865406,3.83333333333333,2018,10,26.49721654092745,8.055781083478541,73.89016441191646,986.0175112467866,116,116,69.19166666666639,0,2018-10-13 23:11:29.999999999,63.60951008645528,0,0.8005314991402219,0.1,0.40026574957011096,2018-10-13 17:36:34.236311239,69.19166666666639,0
13167_2018-10-11 04:00:00,2018280N18273,13167,Johnson,2018-10-11 04:00:00,66,9242,4055.0,648.125,66,35.0714721359959,324130.545480874,2.75,2018,10,24.86555307906196,9.075369138135205,53.37861021178843,988.7109305153148,90,90,61.96363636363611,0,2018-10-13 17:57:49.090909090,40.73796705352,0,0.9380679100908657,0.1,0.4690339550454328,2018-10-12 20:44:16.681392672,61.96363636363611,0
13267_2018-10-11 04:00:00,2018280N18273,13267,Tattnall,2018-10-11 04:00:00,24,24064,8625.0,648.125,24,7.23118071803862,174011.132798881,1.0,2018,10,26.12171081941291,13.469295226506281,24.655362945536233,995.8209873870484,48,48,19.03574879227028,0,2018-10-11 23:02:08.695652173,13.449907417298611,0,0.5972771190162495,0.1,0.29863855950812473,2018-10-11 17:26:59.666702275,19.03574879227028,0
13235_2018-10-11 04:00:00,2018280N18273,13235,Pulaski,2018-10-11 04:00:00,112,9984,4489.0,648.125,112,51.4617955001114,513794.566273112,4.66666666666667,2018,10,23.54116304016113,7.387362793529734,67.62478317692876,986.5836871875,136,136,90.49278606965167,0,2018-10-14 22:29:34.029850746,64.30289193302889,0,0.9204722655379818,0.1,0.4602361327689909,2018-10-13 20:18:10.410958904,90.49278606965167,0
13023_2018-10-11 04:00:00,2018280N18273,13023,Bleckley,2018-10-11 04:00:00,64,12257,2902.0,648.125,64,31.9827705031013,392012.818056513,2.66666666666667,2018,10,22.049967453618752,9.015860647898618,65.27877107028736,987.1952130044842,88,88,60.70109090909083,0,2018-10-13 16:42:03.927272727,43.22709163346611,0,0.9731219848380427,0.1,0.48656099241902134,2018-10-12 23:13:37.529880478,60.70109090909083,0
13225_2018-10-11 04:00:00,2018280N18273,13225,Peach,2018-10-11 04:00:00,38,28562,6976.0,648.125,38,8.05705275229358,230125.540711009,1.58333333333333,2018,10,23.110011980610512,11.161895076342851,69.99897323248368,987.3977716733872,62,62,23.92031496062972,0,2018-10-12 03:55:13.133858267,23.126771653543056,0,0.34446674311926606,0.1,0.17223337155963303,2018-10-12 03:07:36.377952755,23.92031496062972,0
13289_2018-10-11 05:00:00,2018280N18273,13289,Twiggs,2018-10-11 05:00:00,42,7680,1531.0,648.166666666667,42,10.0235140431091,76980.5878510777,1.75,2018,10,21.941322723806724,10.680848504340021,60.32108874506738,987.160968535959,66,66,32.96339285714278,0,2018-10-12 13:57:48.214285714,8.723893805309721,0,0.5342913128674069,0.1,0.26714565643370347,2018-10-11 13:43:26.017699115,32.96339285714278,0
13175_2018-10-11 05:00:00,2018280N18273,13175,Laurens,2018-10-11 05:00:00,64,49660,12185.0,648.166666666667,64,29.0008027573167,1440179.86492835,2.66666666666667,2018,10,24.60781797691373,9.146829141828192,62.62879922176867,988.7556267862516,88,88,61.217263843648055,0,2018-10-13 18:13:02.149837133,37.91006122178167,0,0.8104636848584325,0.1,0.4052318424292162,2018-10-12 18:54:36.220398414,61.217263843648055,0
13271_2018-10-11 05:00:00,2018280N18273,13271,Telfair,2018-10-11 05:00:00,66,12354,3483.0,648.166666666667,66,34.8136663795579,430088.034453058,2.75,2018,10,26.609213550533863,9.139221083098102,59.783147766452636,991.6258932522122,90,90,63.57314814814806,0,2018-10-13 20:34:23.333333333,34.89007633587778,0,0.8515647430376112,0.1,0.4257823715188056,2018-10-12 15:53:24.274809160,63.57314814814806,0
13319_2018-10-11 05:00:00,2018280N18273,13319,Wilkinson,2018-10-11 05:00:00,37,8681,2405.0,648.166666666667,37,7.0004158004158,60770.6095634096,1.54166666666667,2018,10,21.34766841888428,11.20138769973171,52.749773785471916,987.6152833333332,61,61,22.73148148148139,0,2018-10-12 03:43:53.333333333,16.719444444444445,0,0.3288981288981289,0.1,0.16444906444906446,2018-10-11 21:43:10.000000000,22.73148148148139,0
13091_2018-10-11 05:00:00,2018280N18273,13091,Dodge,2018-10-11 05:00:00,65,19802,3709.0,648.166666666667,65,35.6983014289566,706897.764896199,2.70833333333333,2018,10,24.1370213901738,9.059109279181211,67.45367698349366,988.6749261895956,89,89,61.82958333333333,0,2018-10-13 18:49:46.500000000,43.125,0,0.9272040981396603,0.1,0.46360204906983016,2018-10-13 00:07:30.000000000,61.82958333333333,0
13169_2018-10-11 05:00:00,2018280N18273,13169,Jones,2018-10-11 05:00:00,38,28472,12937.0,648.166666666667,38,6.58769421040427,187564.82955863,1.58333333333333,2018,10,19.888473104028144,11.138801808563839,60.249386050546654,989.6371472886032,62,62,20.45273972602722,0,2018-10-12 01:27:09.863013698,16.433021806853333,0,0.3490762928035866,0.1,0.1745381464017933,2018-10-11 21:25:58.878504672,20.45273972602722,0
13043_2018-10-11 06:00:00,2018280N18273,13043,Candler,2018-10-11 06:00:00,34,11000,5484.0,648.208333333333,34,9.233169257776,101564.861835536,1.41666666666667,2018,10,28.609066161501456,11.866248668755027,34.73575906160165,993.2505854706176,58,58,29.06666666666639,0,2018-10-12 11:03:59.999999999,12.832969432314167,0,0.5389587700908456,0.1,0.2694793850454228,2018-10-11 18:49:58.689956331,29.06666666666639,0
13107_2018-10-11 06:00:00,2018280N18273,13107,Emanuel,2018-10-11 06:00:00,45,22929,7891.0,648.208333333333,45,16.1160076354961,369523.939074291,1.875,2018,10,27.444282350215047,10.763086416622397,47.11029346138028,990.9750959916548,69,69,42.24390243902417,0,2018-10-13 00:14:38.048780487,15.395271583613889,0,0.7503479691256485,0.1,0.37517398456282425,2018-10-11 21:23:42.977701010,42.24390243902417,0
13303_2018-10-11 06:00:00,2018280N18273,13303,Washington,2018-10-11 06:00:00,57,19738,6586.0,648.208333333333,57,22.9078348010932,452154.843303978,2.375,2018,10,24.34471312436191,9.369991464463014,46.808340025150265,988.0851003196022,81,81,42.919337016574445,0,2018-10-13 00:55:09.613259668,31.41627906976722,0,0.7830245976313392,0.1,0.3915122988156696,2018-10-12 13:24:58.604651162,42.919337016574445,0
13309_2018-10-11 06:00:00,2018280N18273,13309,Wheeler,2018-10-11 06:00:00,60,7314,823.0,648.208333333333,60,30.6123936816525,223899.047387606,2.5,2018,10,27.28174673266684,9.44506638016058,58.67745162705932,991.4761026936028,84,84,36.981024096385276,0,2018-10-12 18:58:51.686746987,36.02861445783111,0,0.968408262454435,0.1,0.4842041312272175,2018-10-12 18:01:43.012048192,36.981024096385276,0
13209_2018-10-11 06:00:00,2018280N18273,13209,Montgomery,2018-10-11 06:00:00,41,8655,1649.0,648.208333333333,41,26.5166767738023,229501.837477259,1.70833333333333,2018,10,27.692793202594046,11.079249957205729,48.58330712933851,992.7165507494918,65,65,38.817479674796665,0,2018-10-12 20:49:02.926829268,33.02197802197778,0,0.8744693753790176,0.1,0.4372346876895088,2018-10-12 15:01:19.120879120,38.817479674796665,0
13283_2018-10-11 07:00:00,2018280N18273,13283,Treutlen,2018-10-11 07:00:00,36,6365,1373.0,648.25,36,5.18572469045885,33007.1376547706,1.5,2018,10,26.269438030650317,11.502384868486027,54.15667462822738,990.5140632584952,60,60,16.884126984126944,0,2018-10-11 23:53:02.857142857,16.666666666666668,0,0.2199563000728332,0.1,0.1099781500364166,2018-10-11 23:40:00.000000000,16.884126984126944,0
13301_2018-10-11 08:00:00,2018280N18273,13301,Warren,2018-10-11 08:00:00,41,5155,3118.0,648.291666666667,41,6.13758819756254,31639.2671584349,1.70833333333333,2018,10,22.087881350435342,9.599489603287136,42.603422874821625,989.1311420747426,65,65,14.725999999999722,0,2018-10-11 22:43:33.599999999,11.936781609195277,0,0.3800513149454779,0.1,0.19002565747273895,2018-10-11 19:56:12.413793103,14.725999999999722,0
13163_2018-10-11 08:00:00,2018280N18273,13163,Jefferson,2018-10-11 08:00:00,33,15314,7803.0,648.291666666667,33,7.23571974009622,110807.812099833,1.375,2018,10,24.58161439930821,10.914423194943781,49.14703940443448,988.8432145122232,57,57,16.175092936802777,0,2018-10-12 00:10:30.334572490,8.6247240459,0,0.6221998489806192,0.1,0.3110999244903096,2018-10-11 16:37:29.006565240,16.175092936802777,0
13033_2018-10-11 09:00:00,2018280N18273,13033,Burke,2018-10-11 09:00:00,31,24388,6169.0,648.333333333333,31,6.95745671781808,169678.454434147,1.29166666666667,2018,10,27.008654186983065,10.93955287927244,46.73740252668799,990.3174164649356,55,55,15.079245283018611,0,2018-10-12 00:04:45.283018867,9.978885762466389,0,0.5568163397633328,0.1,0.2784081698816664,2018-10-11 18:58:43.988744879,15.079245283018611,0
45009_2018-10-11 11:00:00,2018280N18273,45009,Bamberg,2018-10-11 11:00:00,24,12908,7151.0,648.416666666667,24,3.51852887708013,45417.1707453503,1.0,2018,10,28.573109811811296,11.583193884807239,34.78317497302754,994.1216948460818,48,48,9.29417475728139,0,2018-10-11 20:17:39.029126213,6.497630331753333,0,0.38791777373793873,0.1,0.19395888686896937,2018-10-11 17:29:51.469194312,9.29417475728139,0
37167_2018-10-11 16:00:00,2018280N18273,37167,Stanly,2018-10-11 16:00:00,36,64153,17317.0,648.625,36,3.19732055205867,205117.70537622,1.5,2018,10,20.89742447242105,8.49220803612513,59.169949043374814,991.7236572842788,60,60,9.803304773561667,0,2018-10-12 01:48:11.897184822,9.708690330477221,0,0.20892764335623953,0.1,0.10446382167811977,2018-10-12 01:42:31.285189718,9.803304773561667,0
37123_2018-10-11 16:00:00,2018280N18273,37123,Montgomery,2018-10-11 16:00:00,53,25894,14541.0,648.625,53,10.1949546204058,263988.154940788,2.20833333333333,2018,10,21.897683810243517,7.952455765149183,55.53090353081427,991.257072710396,77,77,32.648975409835835,0,2018-10-13 00:38:56.311475409,24.549668874171946,0,0.43261622964755114,0.1,0.21630811482377557,2018-10-12 16:32:58.807947019,32.648975409835835,0
51590_2018-10-11 17:00:00,2018280N18273,51590,Danville,2018-10-11 17:00:00,154,42229,2873.0,648.666666666667,154,46.4116849980159,1959919.04578121,6.41666666666667,2018,10,20.37038062600529,6.248947814955654,105.13934987944133,992.7608700980392,178,168,106.95159799768945,0,2018-10-16 03:57:05.752791682,38.802170363460554,0,0.9996971669184582,0.1,0.4998485834592291,2018-10-13 07:48:07.813308458,106.95159799768945,0
37007_2018-10-11 18:00:00,2018280N18273,37007,Anson,2018-10-11 18:00:00,34,22202,10549.0,648.708333333333,34,4.32221063607925,95961.7205422315,1.41666666666667,2018,10,22.681436188156542,8.84821984959745,53.721263553309555,991.3335433558558,58,58,22.87905405405389,0,2018-10-12 16:52:44.594594594,20.670731707316943,0,0.24210825670679686,0.1,0.12105412835339843,2018-10-12 14:40:14.634146341,22.87905405405389,0
37059_2018-10-11 19:00:00,2018280N18273,37059,Davie,2018-10-11 19:00:00,46,44090,21372.0,648.75,46,6.68870484746397,294904.996724687,1.91666666666667,2018,10,20.69095699402065,7.464903664202684,74.69928351669378,994.5022497852236,70,70,24.42795698924722,0,2018-10-12 19:25:40.645161290,20.454954954954722,0,0.3313681452367584,0.1,0.1656840726183792,2018-10-12 15:27:17.837837837,24.42795698924722,0
51089_2018-10-11 20:00:00,2018280N18273,51089,Henry,2018-10-11 20:00:00,70,49906,27349.0,648.791666666667,70,12.3872400665008,618197.602758789,2.91666666666667,2018,10,20.358133805336124,7.101498120260159,83.35316710112143,995.3150612381232,94,94,45.91671974522278,0,2018-10-13 17:55:00.191082802,41.01845902612055,0,0.3809956331877729,0.1,0.19049781659388645,2018-10-13 13:01:06.452494034,45.91671974522278,0
51141_2018-10-11 20:00:00,2018280N18273,51141,Patrick,2018-10-11 20:00:00,53,17643,12006.0,648.791666666667,53,15.812946380097,278987.812984052,2.20833333333333,2018,10,21.304583717158703,9.019683532985496,58.810281151789454,996.8830589851136,77,77,49.135714285714165,0,2018-10-13 21:08:08.571428571,46.482213438735,0,0.36932991820209865,0.1,0.18466495910104933,2018-10-13 18:28:55.968379446,49.135714285714165,0
37159_2018-10-11 20:00:00,2018280N18273,37159,Rowan,2018-10-11 20:00:00,73,149645,67617.0,648.791666666667,73,12.1438815420014,1817271.1533528,3.04166666666667,2018,10,21.121646597393948,6.3464294485289425,71.89017517482161,993.194332437276,97,97,50.762243101661944,0,2018-10-13 22:45:44.075165983,27.14649681528639,0,0.3221589648798521,0.1,0.16107948243992606,2018-10-12 23:08:47.388535031,50.762243101661944,0
37057_2018-10-11 20:00:00,2018280N18273,37057,Davidson,2018-10-11 20:00:00,74,172586,60390.0,648.791666666667,74,14.5677797453457,2514194.83513023,3.08333333333333,2018,10,21.67843029658,6.409734601374388,78.07223635570458,992.8074540364584,98,98,51.779497907949725,0,2018-10-13 23:46:46.192468619,26.975,0,0.4113263785394933,0.1,0.20566318926974664,2018-10-12 22:58:30.000000000,51.779497907949725,0
37067_2018-10-11 20:00:00,2018280N18273,37067,Forsyth,2018-10-11 20:00:00,51,389157,181247.0,648.791666666667,51,6.50090154781759,2529871.34364405,2.125,2018,10,20.79068278344933,7.250702346488473,83.09673827933372,994.0851173762078,75,75,28.866193548386946,0,2018-10-13 00:51:58.296774193,24.81481481481472,0,0.24675718770517582,0.1,0.12337859385258791,2018-10-12 20:48:53.333333333,28.866193548386946,0
37169_2018-10-11 20:00:00,2018280N18273,37169,Stokes,2018-10-11 20:00:00,52,45175,24877.0,648.791666666667,52,10.6184433268995,479688.177292683,2.16666666666667,2018,10,21.370449548886143,7.723698336478564,75.35193781579228,995.2556105324074,76,76,46.296359743040554,0,2018-10-13 18:17:46.895074946,27.547014925373055,0,0.3578003778590666,0.1,0.1789001889295333,2018-10-12 23:32:49.253731343,46.296359743040554,0
37157_2018-10-11 20:00:00,2018280N18273,37157,Rockingham,2018-10-11 20:00:00,104,91957,49385.0,648.791666666667,104,35.879099546963,3299334.35704007,4.33333333333333,2018,10,20.247304142955244,6.44384004814467,93.44237100867447,993.3764540378008,128,128,98.21938911022555,0,2018-10-15 22:13:09.800796812,69.37223386298805,0,0.5831325301204819,0.1,0.29156626506024097,2018-10-14 17:22:20.041906757,98.21938911022555,0
51143_2018-10-11 21:00:00,2018280N18273,51143,Pittsylvania,2018-10-11 21:00:00,130,59952,15782.0,648.833333333333,130,33.3824933131545,2001347.23911024,5.41666666666667,2018,10,19.52036614059608,6.642760469687016,101.69551606430937,994.4784279109184,154,154,126.28079584775084,0,2018-10-17 03:16:50.865051903,34.125002806115,0,0.7062653840772647,0.1,0.35313269203863235,2018-10-13 07:07:30.010102014,126.28079584775084,0
51083_2018-10-11 21:00:00,2018280N18273,51083,Halifax,2018-10-11 21:00:00,133,33644,15549.0,648.833333333333,133,36.1448549830778,1216057.50105067,5.54166666666667,2018,10,20.054775130073978,6.5710356168945765,110.17816017932786,991.9467165822696,157,157,95.76861674760138,0,2018-10-15 20:46:07.020291365,49.94288589778306,0,0.6583935938891838,0.1,0.3291967969445919,2018-10-13 22:56:34.389232019,95.76861674760138,0
37151_2018-10-11 21:00:00,2018280N18273,37151,Randolph,2018-10-11 21:00:00,71,146043,63127.0,648.833333333333,71,13.2995295669258,1942303.19654255,2.95833333333333,2018,10,21.90632285030994,6.860427020627208,63.60199787319238,991.075643534994,95,95,50.94019471488166,0,2018-10-13 23:56:24.700973574,24.191428571428332,0,0.450461423150794,0.1,0.225230711575397,2018-10-12 21:11:29.142857142,50.94019471488166,0
37081_2018-10-11 21:00:00,2018280N18273,37081,Guilford,2018-10-11 21:00:00,93,546101,213865.0,648.833333333333,93,24.1582954335849,13192869.2945761,3.875,2018,10,20.90037885037336,6.447565084165534,84.60387756349517,992.0442934348366,117,117,72.81951348492834,0,2018-10-14 21:49:10.248545742,50.04730813692667,0,0.4435882449208613,0.1,0.22179412246043065,2018-10-13 23:02:50.309292936,72.81951348492834,0
37185_2018-10-11 21:00:00,2018280N18273,37185,Warren,2018-10-11 21:00:00,72,18713,5887.0,648.833333333333,72,16.2252968607181,303623.980154618,3.0,2018,10,24.11757175640964,7.461919570752401,58.08911818641763,990.7160615604122,96,96,53.25806451612889,0,2018-10-14 02:15:29.032258064,19.299212598425,0,0.5860370307457109,0.1,0.29301851537285545,2018-10-12 16:17:57.165354330,53.25806451612889,0
37137_2018-10-11 21:00:00,2018280N18273,37137,Pamlico,2018-10-11 21:00:00,24,12381,8584.0,648.833333333333,24,6.32945013979497,78364.9221808015,1.0,2018,10,23.921030898445878,11.84744631811303,3.3488921840286974,995.083114949614,48,48,21.39472693032,0,2018-10-12 18:23:41.016949152,20.51773049645389,0,0.37558247903075487,0.1,0.18779123951537743,2018-10-12 17:31:03.829787234,21.39472693032,0
51111_2018-10-11 22:00:00,2018280N18273,51111,Lunenburg,2018-10-11 22:00:00,123,12031,3803.0,648.875,123,47.8775243470058,576014.495418827,5.125,2018,10,22.306361136498392,6.554333399493397,138.9050949264108,992.5450970643942,147,147,119.0100591715975,0,2018-10-16 21:00:36.213017751,58.620329469188334,0,0.799725442342892,0.1,0.399862721171446,2018-10-14 08:37:13.186089078,119.0100591715975,0
51049_2018-10-11 22:00:00,2018280N18273,51049,Cumberland,2018-10-11 22:00:00,111,9746,4983.0,648.875,111,36.3803951210826,354563.330850071,4.625,2018,10,19.562650949603707,6.427155329377533,110.62696792599874,996.2837291829936,135,135,95.1725806451611,0,2018-10-15 21:10:21.290322580,48.28693853427889,0,0.7270526723470179,0.1,0.36352633617350893,2018-10-13 22:17:12.978723404,95.1725806451611,0
51149_2018-10-11 22:00:00,2018280N18273,51149,Prince George,2018-10-11 22:00:00,43,43134,5918.0,648.875,43,10.7284555593106,462761.202095302,1.79166666666667,2018,10,22.35912043128917,8.18067378935471,80.20127787607802,989.6410191993464,67,67,39.16477611940278,0,2018-10-13 13:09:53.194029850,10.920238741182779,0,0.6809733017911457,0.1,0.34048665089557284,2018-10-12 08:55:12.859468258,39.16477611940278,0
51147_2018-10-11 22:00:00,2018280N18273,51147,Prince Edward,2018-10-11 22:00:00,122,21927,9674.0,648.875,122,52.6747831800911,1154999.97078986,5.08333333333333,2018,10,21.025073934670807,6.414563045514807,140.06606628749725,994.4231212895778,146,146,118.33620981387472,0,2018-10-16 20:20:10.355329949,65.06243955654195,0,0.871537840582399,0.1,0.4357689202911995,2018-10-14 15:03:44.782403551,118.33620981387472,0
37135_2018-10-11 22:00:00,2018280N18273,37135,Orange,2018-10-11 22:00:00,67,150477,56268.0,648.875,67,13.7643121968949,2071212.40645215,2.79166666666667,2018,10,23.66982068230124,7.214073867280019,70.93266664401574,990.3245545955884,91,91,44.62349137931028,0,2018-10-13 18:37:24.568965517,25.680256338472777,0,0.41650810623810797,0.1,0.20825405311905398,2018-10-12 23:40:48.922818502,44.62349137931028,0
51670_2018-10-11 22:00:00,2018280N18273,51670,Hopewell,2018-10-11 22:00:00,41,22962,10714.0,648.875,41,5.94101176031361,136417.512040321,1.70833333333333,2018,10,22.225128173828125,8.374172606834998,91.32033679634333,990.06,65,65,19.632030749519444,0,2018-10-12 17:37:55.310698270,19.062780269058056,0,0.3658764233712899,0.1,0.18293821168564495,2018-10-12 17:03:46.008968609,19.632030749519444,0
51011_2018-10-11 22:00:00,2018280N18273,51011,Appomattox,2018-10-11 22:00:00,53,16748,8336.0,648.875,53,8.51595212459619,142625.166182737,2.20833333333333,2018,10,19.202804035910805,6.615160606549604,80.7552341142242,996.0486720963172,77,77,41.43519736842083,0,2018-10-13 15:26:06.710526315,25.650347888675554,0,0.2877879078694818,0.1,0.1438939539347409,2018-10-12 23:39:01.252399232,41.43519736842083,0
51025_2018-10-11 22:00:00,2018280N18273,51025,Brunswick,2018-10-11 22:00:00,75,15921,5989.0,648.875,75,25.1533048253736,400465.766124774,3.125,2018,10,23.24193633422852,6.821564019590435,86.42080168575046,990.7436873749998,99,99,66.35308641975305,0,2018-10-14 16:21:11.111111111,43.46003964283472,0,0.6179759377211607,0.1,0.30898796886058033,2018-10-13 17:27:36.142714205,66.35308641975305,0
51037_2018-10-11 22:00:00,2018280N18273,51037,Charlotte,2018-10-11 22:00:00,123,11475,5685.0,648.875,123,50.9732623448633,584918.185407306,5.125,2018,10,20.653986292590428,6.4550916332530734,127.11991176302709,992.985305964251,147,147,114.8972602739725,0,2018-10-16 16:53:50.136986301,43.135504983590835,0,0.9949037792935822,0.1,0.4974518896467911,2018-10-13 17:08:07.817940927,114.8972602739725,0
51029_2018-10-11 22:00:00,2018280N18273,51029,Buckingham,2018-10-11 22:00:00,69,16982,8297.0,648.875,69,23.1501665095401,393136.12766501,2.875,2018,10,17.978119208708385,5.630677211189281,81.03194056649359,997.1726790417342,93,93,64.22947845804973,0,2018-10-14 14:13:46.122448979,25.128195488721666,0,0.6644372137864545,0.1,0.33221860689322724,2018-10-12 23:07:41.503759398,64.22947845804973,0
37037_2018-10-11 22:00:00,2018280N18273,37037,Chatham,2018-10-11 22:00:00,76,79864,36225.0,648.875,76,17.8335828237683,1424261.25863743,3.16666666666667,2018,10,23.299033184179525,6.9622654911527695,56.813389311025816,990.3053592701342,100,100,70.23653250773972,0,2018-10-14 20:14:11.517027863,38.46678321678306,0,0.44201876661061995,0.1,0.22100938330530998,2018-10-13 12:28:00.419580419,70.23653250773972,0
37033_2018-10-11 22:00:00,2018280N18273,37033,Caswell,2018-10-11 22:00:00,116,22614,12161.0,648.875,116,48.9114741438536,1106084.0762891,4.83333333333333,2018,10,21.20164309607612,6.333735060754908,95.05202186604342,991.8449641927084,140,140,99.95272727272722,0,2018-10-16 01:57:09.818181818,62.01239640912,0,0.7643819855358317,0.1,0.38219099276791585,2018-10-14 12:00:44.627072832,99.95272727272722,0
37145_2018-10-11 23:00:00,2018280N18273,37145,Person,2018-10-11 23:00:00,52,39386,16524.0,648.916666666667,52,18.5389498869922,730175.080249074,2.16666666666667,2018,10,22.630698868722632,8.048074463211053,89.2836089796302,990.246970288826,76,76,44.99844720496889,0,2018-10-13 19:59:54.409937888,25.941252650483055,0,0.6578240960050529,0.1,0.32891204800252644,2018-10-13 00:56:28.509541739,44.99844720496889,0
51117_2018-10-11 23:00:00,2018280N18273,51117,Mecklenburg,2018-10-11 23:00:00,93,30508,12357.0,648.916666666667,93,30.2708210093179,923502.20735227,3.875,2018,10,21.36849035100733,7.147696507000926,99.34814994909523,991.0723447888962,117,117,71.89126213592222,0,2018-10-14 22:53:28.543689320,39.45521023765972,0,0.7252407561526573,0.1,0.36262037807632863,2018-10-13 14:27:18.756855575,71.89126213592222,0
51135_2018-10-11 23:00:00,2018280N18273,51135,Nottoway,2018-10-11 23:00:00,137,15559,3380.0,648.916666666667,137,64.1314529505015,997821.276456853,5.70833333333333,2018,10,23.22342609714817,6.71277386474282,153.70681048888298,992.8990385698196,161,161,116.18999999999973,0,2018-10-16 19:11:23.999999999,68.45154612842083,0,0.8968443960826986,0.1,0.4484221980413493,2018-10-14 19:27:05.566062315,116.18999999999973,0
37001_2018-10-11 23:00:00,2018280N18273,37001,Alamance,2018-10-11 23:00:00,77,176353,78812.0,648.916666666667,77,15.1152649922457,2665622.32717751,3.20833333333333,2018,10,22.005562270358524,6.65985500275524,72.22696353411261,990.8718027935606,101,101,50.46095764272555,0,2018-10-14 01:27:39.447513812,45.671318575553336,0,0.3485636705070294,0.1,0.1742818352535147,2018-10-13 20:40:16.746871992,50.46095764272555,0
37181_2018-10-12 00:00:00,2018280N18273,37181,Vance,2018-10-12 00:00:00,70,42138,23793.0,648.958333333333,70,16.1338580213581,679848.509303987,2.91666666666667,2018,10,23.47616528773653,7.344904806523493,70.74696057563835,990.071758378623,94,94,64.24275862068944,0,2018-10-14 16:14:33.931034482,22.725335475843334,0,0.46148026730551,0.1,0.230740133652755,2018-10-12 22:43:31.207713036,64.24275862068944,0
51145_2018-10-12 00:00:00,2018280N18273,51145,Powhatan,2018-10-12 00:00:00,97,31489,11366.0,648.958333333333,97,30.8170496554713,970398.076601137,4.04166666666667,2018,10,21.908134733880317,6.9661942425335255,132.74867900067588,994.9140898164336,121,121,70.40689655172389,0,2018-10-14 22:24:24.827586206,21.409999999999723,0,0.8621959026888605,0.1,0.43109795134443024,2018-10-12 21:24:35.999999999,70.40689655172389,0
51075_2018-10-12 00:00:00,2018280N18273,51075,Goochland,2018-10-12 00:00:00,48,26109,12112.0,648.958333333333,48,9.97414170988322,260414.865903341,2.0,2018,10,20.162593962654235,7.256979650795143,103.69755436060211,996.8673345734126,72,72,19.926648199445832,0,2018-10-12 19:55:35.933518005,19.04003761440333,0,0.46421200363246096,0.1,0.23210600181623048,2018-10-12 19:02:24.135411852,19.926648199445832,0
37077_2018-10-12 00:00:00,2018280N18273,37077,Granville,2018-10-12 00:00:00,69,61903,27452.0,648.958333333333,69,14.1219801815671,874192.939179547,2.875,2018,10,22.443036122057645,7.341522941495431,77.05652178556713,989.7819268504024,93,93,46.52163977050361,0,2018-10-13 22:31:17.903173813,23.626437363189446,0,0.459298453341227,0.1,0.2296492266706135,2018-10-12 23:37:35.174507482,46.52163977050361,0
37063_2018-10-12 00:00:00,2018280N18273,37063,Durham,2018-10-12 00:00:00,24,332680,147372.0,648.958333333333,24,3.3035040577586,1099009.72993513,1.0,2018,10,24.518476230267897,9.653798491048356,66.2601578953905,989.5297825978436,48,48,18.256514788169444,0,2018-10-12 18:15:23.453237410,18.62749800159861,0,0.18740330591971338,0.1,0.09370165295985669,2018-10-12 18:37:38.992805755,18.256514788169444,0
51007_2018-10-12 00:00:00,2018280N18273,51007,Amelia,2018-10-12 00:00:00,143,13455,3777.0,648.958333333333,143,60.3323767462166,811772.129120344,5.95833333333333,2018,10,22.2400336277822,6.621045648072675,151.99752199130756,993.6425710957584,167,167,99.42448979591833,0,2018-10-16 03:25:28.163265306,57.9127652653775,0,0.9973118279569892,0.1,0.4986559139784946,2018-10-14 09:54:45.954955359,99.42448979591833,0
51053_2018-10-12 00:00:00,2018280N18273,51053,Dinwiddie,2018-10-12 00:00:00,72,28161,8944.0,648.958333333333,72,17.9540587548898,505604.248596452,3.0,2018,10,23.38096193769085,6.544330835676017,108.59045992890344,990.4656225221548,96,96,53.09199999999972,0,2018-10-14 05:05:31.199999999,18.98920634920611,0,0.6505362933399851,0.1,0.32526814666999254,2018-10-12 18:59:21.142857142,53.09199999999972,0
51087_2018-10-12 01:00:00,2018280N18273,51087,Henrico,2018-10-12 01:00:00,47,333962,149782.0,649.0,47,5.26686117156935,1758931.49057964,1.95833333333333,2018,10,21.84528537896964,7.797504337327326,113.87031205320875,993.0862662259616,71,71,18.576628748707222,0,2018-10-12 19:34:35.863495346,13.483458357376389,0,0.28185629781949767,0.1,0.14092814890974883,2018-10-12 14:29:00.450086555,18.576628748707222,0
51073_2018-10-12 01:00:00,2018280N18273,51073,Gloucester,2018-10-12 01:00:00,96,39493,19617.0,649.0,96,34.8906970502861,1377938.29860695,4.0,2018,10,24.89821201523924,8.623895874885692,71.28216545827979,988.7771310763892,120,120,90.1002832861189,0,2018-10-15 19:06:01.019830028,44.310897435897225,0,0.7610745781719936,0.1,0.3805372890859968,2018-10-13 21:18:39.230769230,90.1002832861189,0
51085_2018-10-12 01:00:00,2018280N18273,51085,Hanover,2018-10-12 01:00:00,51,112938,49273.0,649.0,51,8.26046977888833,932920.93588809,2.125,2018,10,20.633079776268996,7.36566777765473,106.00746295483646,995.3230145958084,75,75,39.39631301730611,0,2018-10-13 16:23:46.726862302,18.629919447640834,0,0.2924176002597824,0.1,0.1462088001298912,2018-10-12 19:37:47.710011507,39.39631301730611,0
51550_2018-10-12 01:00:00,2018280N18273,51550,Chesapeake,2018-10-12 01:00:00,30,252488,102543.0,649.0,30,3.51172678778659,886668.87319466,1.25,2018,10,23.38225102015904,9.384415371405382,16.766308801514757,989.1576459821428,54,54,19.524717832956945,0,2018-10-12 20:31:28.984198645,19.723100075244446,0,0.18971553397111457,0.1,0.09485776698555728,2018-10-12 20:43:23.160270880,19.524717832956945,0
37069_2018-10-12 01:00:00,2018280N18273,37069,Franklin,2018-10-12 01:00:00,50,74539,39569.0,649.0,50,8.22759729796841,613276.874993268,2.08333333333333,2018,10,23.560133636226144,8.546877279209525,45.42474022359941,990.1429398647032,74,74,40.65340909090889,0,2018-10-13 17:39:12.272727272,26.9205508474575,0,0.2577627118644068,0.1,0.1288813559322034,2018-10-13 03:55:13.983050847,40.65340909090889,0
37103_2018-10-12 01:00:00,2018280N18273,37103,Jones,2018-10-12 01:00:00,24,9233,5483.0,649.0,24,5.1285792449389,47352.1721685209,1.0,2018,10,21.952491514144405,10.312224198052638,3.1308080182380733,994.5095465284778,48,48,23.040594925634167,0,2018-10-13 00:02:26.141732283,22.969378827646388,0,0.21484588728798104,0.1,0.10742294364399052,2018-10-12 23:58:09.763779527,23.040594925634167,0
37127_2018-10-12 02:00:00,2018280N18273,37127,Nash,2018-10-12 02:00:00,30,95789,25632.0,649.041666666667,30,5.49145646574051,526021.123396818,1.25,2018,10,24.250935637288624,9.81052006440766,26.124851774107405,990.8981037055122,54,54,20.28574879227028,0,2018-10-12 22:17:08.695652173,14.741726618705,0,0.3045546438339874,0.1,0.1522773219169937,2018-10-12 16:44:30.215827338,20.28574879227028,0
51101_2018-10-12 02:00:00,2018280N18273,51101,King William,2018-10-12 02:00:00,88,18492,8560.0,649.041666666667,88,13.0464978934287,241255.839045283,3.66666666666667,2018,10,20.877990360811975,7.438872816916393,96.85583741305294,993.2396608721864,112,112,41.599999999999724,0,2018-10-13 19:35:59.999999999,18.8125,0,0.48843457943925234,0.1,0.24421728971962617,2018-10-12 20:48:45.000000000,41.599999999999724,0
51097_2018-10-12 02:00:00,2018280N18273,51097,King and Queen,2018-10-12 02:00:00,89,6718,4227.0,649.041666666667,89,34.6204623870771,232580.266316384,3.70833333333333,2018,10,21.36658475603376,7.61454558556963,92.36725498656077,992.7457104910712,113,113,69.7882352941175,0,2018-10-14 23:47:17.647058823,31.181677018633334,0,0.915424651052756,0.1,0.457712325526378,2018-10-13 09:10:54.037267080,69.7882352941175,0
37065_2018-10-12 02:00:00,2018280N18273,37065,Edgecombe,2018-10-12 02:00:00,28,48301,5234.0,649.041666666667,28,2.05413916180276,99216.975654235,1.16666666666667,2018,10,22.12924351178405,9.751700043556943,15.784207863525431,990.7393919836956,52,52,3.954736842105,0,2018-10-12 05:57:17.052631578,3.674736842105,0,0.2985185185185185,0.1,0.14925925925925926,2018-10-12 05:40:29.052631578,3.954736842105,0
51760_2018-10-12 02:00:00,2018280N18273,51760,Richmond,2018-10-12 02:00:00,45,229395,109804.0,649.041666666667,45,5.9975501803213,1375808.0236148,1.875,2018,10,22.74723052978516,7.917555850485097,124.18472860008478,993.09015625,69,69,23.933449781659167,0,2018-10-13 01:56:00.419213973,23.058515283842777,0,0.23649411678991658,0.1,0.11824705839495829,2018-10-13 01:03:30.655021834,23.933449781659167,0
51081_2018-10-12 02:00:00,2018280N18273,51081,Greensville,2018-10-12 02:00:00,41,11226,2514.0,649.041666666667,41,11.3750994431185,127696.866348449,1.70833333333333,2018,10,23.41052727657574,8.306752411456728,49.072234294005284,989.7480771683672,65,65,39.870149253731114,0,2018-10-13 17:52:12.537313432,35.27622377622361,0,0.4029435163086714,0.1,0.2014717581543357,2018-10-13 13:16:34.405594405,39.870149253731114,0
51041_2018-10-12 02:00:00,2018280N18273,51041,Chesterfield,2018-10-12 02:00:00,46,378408,148658.0,649.041666666667,46,7.69406960943912,2911497.49276864,1.91666666666667,2018,10,22.70193112228361,7.739775814868582,125.84546423363611,992.2589582775696,70,70,32.127628205128055,0,2018-10-13 10:07:39.461538461,20.935139165009723,0,0.3130608510810047,0.1,0.15653042554050234,2018-10-12 22:56:06.500994035,32.127628205128055,0
51057_2018-10-12 03:00:00,2018280N18273,51057,Essex,2018-10-12 03:00:00,48,10630,7122.0,649.083333333333,48,16.7629009573122,178189.637176229,2.0,2018,10,20.65199358035357,7.949748826417489,77.9695018591622,994.5967360276442,72,72,46.18215613382889,0,2018-10-14 01:10:55.762081784,6.280640668523611,0,0.9366750912664982,0.1,0.4683375456332491,2018-10-12 09:16:50.306406685,46.18215613382889,0
51036_2018-10-12 03:00:00,2018280N18273,51036,Charles City,2018-10-12 03:00:00,72,6605,3970.0,649.083333333333,72,46.2851385390428,305713.340050378,3.0,2018,10,22.045548094270377,6.692562502501342,83.95265959238223,989.91488189554,96,96,69.46944444444416,0,2018-10-15 00:28:09.999999999,44.99253731343278,0,0.9863979848866499,0.1,0.49319899244332494,2018-10-13 23:59:33.134328358,69.46944444444416,0
51570_2018-10-12 03:00:00,2018280N18273,51570,Colonial Heights,2018-10-12 03:00:00,41,18294,8908.0,649.083333333333,41,4.1722047597665,76326.3138751684,1.70833333333333,2018,10,23.365724563598636,7.993008422851562,118.09342727065086,990.772578125,65,65,6.736189747513333,0,2018-10-12 09:44:10.283091048,6.708875286916389,0,0.20801526717557253,0.1,0.10400763358778627,2018-10-12 09:42:31.951032899,6.736189747513333,0
51193_2018-10-12 03:00:00,2018280N18273,51193,Westmoreland,2018-10-12 03:00:00,66,18712,8061.0,649.083333333333,66,11.2430116664891,210379.234303345,2.75,2018,10,19.94807225353313,7.595586101284068,71.02849830187998,995.2797314268868,90,90,40.93276595744667,0,2018-10-13 19:55:57.957446808,37.59302325581389,0,0.33565854812012297,0.1,0.16782927406006148,2018-10-13 16:35:34.883720930,40.93276595744667,0
51127_2018-10-12 03:00:00,2018280N18273,51127,New Kent,2018-10-12 03:00:00,71,24986,10426.0,649.083333333333,71,37.7991559562632,944449.710723192,2.95833333333333,2018,10,21.99292670184301,7.049016851152459,97.8814855270721,990.797669534413,95,95,66.76088154269972,0,2018-10-14 21:45:39.173553719,34.743757431628886,0,0.8903702282754652,0.1,0.4451851141377326,2018-10-13 13:44:37.526753864,66.76088154269972,0
51133_2018-10-12 03:00:00,2018280N18273,51133,Northumberland,2018-10-12 03:00:00,90,12302,9383.0,649.083333333333,90,42.6051899307615,524129.046528228,3.75,2018,10,24.388875882587733,9.174226814589769,100.72372148020399,991.444737847222,114,114,84.84511041009445,0,2018-10-15 15:50:42.397476340,41.9290703320075,0,0.9976602238046796,0.1,0.4988301119023398,2018-10-13 20:55:44.653195227,84.84511041009445,0
51095_2018-10-12 04:00:00,2018280N18273,51095,James City,2018-10-12 04:00:00,48,81199,38124.0,649.125,48,14.9209684188438,1211567.7146417,2.0,2018,10,23.254301071167,8.133092846995906,63.68001019091983,988.9109950657896,72,72,43.716928603502225,0,2018-10-13 23:43:00.942972608,34.42382413087917,0,0.4878554191585353,0.1,0.24392770957926765,2018-10-13 14:25:25.766871165,43.716928603502225,0
51159_2018-10-12 04:00:00,2018280N18273,51159,Richmond,2018-10-12 04:00:00,88,9080,3417.0,649.125,88,48.9086912176064,444090.916255867,3.66666666666667,2018,10,20.9946180351814,7.80435518422498,87.68483660435663,993.9914810219958,112,112,80.93864203079222,0,2018-10-15 12:56:19.111310852,44.399057465855,0,0.9969127140050519,0.1,0.49845635700252594,2018-10-14 00:23:56.606877078,80.93864203079222,0
51119_2018-10-12 04:00:00,2018280N18273,51119,Middlesex,2018-10-12 04:00:00,87,10943,10173.0,649.125,87,24.5920426160591,269110.722347535,3.625,2018,10,23.562366811638203,8.454524070953878,85.20303739823846,990.0863848824788,111,111,68.43407821229027,0,2018-10-15 00:26:02.681564245,46.107142857142776,0,0.565811461712376,0.1,0.282905730856188,2018-10-14 02:06:25.714285714,68.43407821229027,0
51103_2018-10-12 05:00:00,2018280N18273,51103,Lancaster,2018-10-12 05:00:00,66,10750,8599.0,649.166666666667,66,36.731567446211,394864.350046768,2.75,2018,10,24.0459469511918,8.34870495324022,96.38324802328354,990.7277990978037,90,90,63.676503972758056,0,2018-10-14 20:40:35.414301929,27.704733727810556,0,0.993370786516854,0.1,0.496685393258427,2018-10-13 08:42:17.041420118,63.676503972758056,0
51830_2018-10-12 05:00:00,2018280N18273,51830,Williamsburg,2018-10-12 05:00:00,35,15909,6690.0,649.166666666667,35,8.92765321375187,142030.034977578,1.45833333333333,2018,10,23.29308319091797,8.886034044168763,52.23734164610505,988.40171875,59,59,29.11349693251528,0,2018-10-13 10:06:48.588957055,16.850591715976112,0,0.4707025411061285,0.1,0.23535127055306426,2018-10-12 21:51:02.130177514,29.11349693251528,0
51700_2018-10-12 05:00:00,2018280N18273,51700,Newport News,2018-10-12 05:00:00,44,184306,82904.0,649.166666666667,44,9.11687011483161,1680293.86338415,1.83333333333333,2018,10,24.602880958497053,8.217656411082173,33.4153161200834,988.4526334891732,68,68,36.20624999999972,0,2018-10-13 17:12:22.499999999,17.739883339409168,0,0.35449435491653,0.1,0.177247177458265,2018-10-12 22:44:23.580021873,36.20624999999972,0
51199_2018-10-12 05:00:00,2018280N18273,51199,York,2018-10-12 05:00:00,57,71341,30455.0,649.166666666667,57,15.7814152027582,1125861.94197997,2.375,2018,10,26.01249830028679,8.731502921194897,43.3283773376626,988.2305511603377,81,81,41.329522862823055,0,2018-10-13 22:19:46.282306163,32.17389807162528,0,0.5185355442456083,0.1,0.25926777212280416,2018-10-13 13:10:26.033057851,41.329522862823055,0
51650_2018-10-12 06:00:00,2018280N18273,51650,Hampton,2018-10-12 06:00:00,44,138037,64443.0,649.208333333333,44,9.45392051890818,1304990.82666853,1.83333333333333,2018,10,25.28748450373972,8.459086083511364,22.42676902636392,988.5326107201988,68,68,33.05162601626,0,2018-10-13 15:03:05.853658536,16.144182389936944,0,0.4269043961330168,0.1,0.2134521980665084,2018-10-12 22:08:39.056603773,33.05162601626,0
51740_2018-10-12 06:00:00,2018280N18273,51740,Portsmouth,2018-10-12 06:00:00,40,97029,44519.0,649.208333333333,40,6.50528987623262,631201.771400975,1.66666666666667,2018,10,23.95956977532835,8.399531011982841,19.745130928195252,988.8572847576532,64,64,32.03627118644056,0,2018-10-13 14:02:10.576271186,23.671744097486666,0,0.23652822390440037,0.1,0.11826411195220018,2018-10-13 05:40:18.278750952,32.03627118644056,0
51115_2018-10-12 06:00:00,2018280N18273,51115,Mathews,2018-10-12 06:00:00,93,8490,6705.0,649.208333333333,93,42.3401426870124,359467.811412735,3.875,2018,10,25.85138010708791,9.679397844580024,65.56920168991638,988.4415106132074,117,117,88.41379310344806,0,2018-10-15 22:24:49.655172413,41.19078947368417,0,0.9897091722595078,0.1,0.4948545861297539,2018-10-13 23:11:26.842105263,88.41379310344806,0
51810_2018-10-12 07:00:00,2018280N18273,51810,Virginia Beach,2018-10-12 07:00:00,36,455618,199885.0,649.25,36,5.13333666858444,2338840.5862671,1.5,2018,10,24.67302969484311,10.265505465133048,11.940798152965893,988.9175028711314,60,60,17.960020242914723,0,2018-10-13 00:57:36.072874493,13.602355180206944,0,0.26379168021612426,0.1,0.13189584010806213,2018-10-12 20:36:08.478648745,17.960020242914723,0
22077_2019-07-12 00:00:00,2019192N29274,22077,Pointe Coupee,2019-07-12 00:00:00,92,20151,5069.0,921.958333333333,92,5.84814165930833,117845.902576722,3.83333333333333,2019,7,26.74155283627445,13.712535748292547,157.0094798839881,1002.3495596104452,116,116,66.32651162790694,0,2019-07-14 18:19:35.441860465,66.34883720930222,0,0.19810576164167323,0.1,0.09905288082083662,2019-07-14 18:20:55.813953488,66.32651162790694,0
22099_2019-07-12 02:00:00,2019192N29274,22099,St. Martin,2019-07-12 02:00:00,134,51236,24147.0,922.041666666667,134,9.3598152232639,479559.492779149,5.58333333333333,2019,7,26.17300651866219,11.924228710710496,177.81453079179073,999.3297503669654,158,158,70.3921420979736,0,2019-07-15 00:23:31.711552705,68.66865552903722,0,0.2955891488921102,0.1,0.1477945744460551,2019-07-14 22:40:07.159904534,70.3921420979736,0
22109_2019-07-12 22:00:00,2019192N29274,22109,Terrebonne,2019-07-12 22:00:00,94,104786,27781.0,922.875,94,28.3731903068141,2973113.11948983,3.91666666666667,2019,7,31.51712492303121,13.509358991794413,133.60564510935242,998.3772190187346,118,118,74.88168316831667,0,2019-07-16 00:52:54.059405940,50.48891481913639,0,0.6421397458511825,0.1,0.32106987292559125,2019-07-15 00:29:20.093348891,74.88168316831667,0
22057_2019-07-12 23:00:00,2019192N29274,22057,Lafourche,2019-07-12 23:00:00,94,95870,43756.0,922.916666666667,94,8.39397112548158,804730.01179992,3.91666666666667,2019,7,27.267388933427107,12.591752932813206,84.16050317295328,1000.1475333895228,118,118,46.77960644007139,0,2019-07-14 21:46:46.583184257,42.69242424242417,0,0.24033628803801518,0.1,0.12016814401900759,2019-07-14 17:41:32.727272727,46.77960644007139,0
22101_2019-07-13 04:00:00,2019192N29274,22101,St. Mary,2019-07-13 04:00:00,92,47789,18981.0,923.125,92,42.8861493072019,2049486.18924187,3.83333333333333,2019,7,31.902842821962388,14.430839626300736,186.28958782380593,997.2964682821006,116,116,83.47459770114916,0,2019-07-16 15:28:28.551724137,58.24682846111417,0,0.8868342026236763,0.1,0.44341710131183815,2019-07-15 14:14:48.582460011,83.47459770114916,0
22007_2019-07-13 05:00:00,2019192N29274,22007,Assumption,2019-07-13 05:00:00,84,20604,10503.0,923.166666666667,84,29.7261144772049,612476.86268833,3.5,2019,7,28.56064509544052,13.256082380964418,116.37264209035108,1000.2007637429977,108,108,62.27017543859639,0,2019-07-15 19:16:12.631578947,43.272828507795,0,0.6986483913953931,0.1,0.34932419569769657,2019-07-15 00:16:22.182628062,62.27017543859639,0
22047_2019-07-13 12:00:00,2019192N29274,22047,Iberville,2019-07-13 12:00:00,81,29506,9008.0,923.458333333333,81,10.4290282443036,307718.907376421,3.375,2019,7,27.94283947727557,13.280355765123206,134.78248665077115,1000.6718962176216,105,105,51.377485380116944,0,2019-07-15 15:22:38.947368421,31.194915254237223,0,0.29814629814629817,0.1,0.14907314907314909,2019-07-14 19:11:41.694915254,51.377485380116944,0
28157_2019-07-13 13:00:00,2019192N29274,28157,Wilkinson,2019-07-13 13:00:00,55,8143,5993.0,923.5,55,3.32154179876523,27047.3148673452,2.29166666666667,2019,7,21.798496106297613,14.766469192898418,112.19730228937824,1004.9859495457052,79,79,29.010799999999723,0,2019-07-14 18:00:38.879999999,28.880050505050278,0,0.23260470548973802,0.1,0.11630235274486901,2019-07-14 17:52:48.181818181,29.010799999999723,0
22045_2019-07-13 17:00:00,2019192N29274,22045,Iberia,2019-07-13 17:00:00,71,68327,34826.0,923.666666666667,71,31.1035529929283,2125212.46534781,2.95833333333333,2019,7,26.61264297554085,14.332016740152516,206.90962217899195,997.163350929054,95,95,54.80980861244,0,2019-07-15 23:48:35.311004784,32.707715934715,0,0.8734529791816223,0.1,0.4367264895908112,2019-07-15 01:42:27.777364974,54.80980861244,0
22125_2019-07-13 18:00:00,2019192N29274,22125,West Feliciana,2019-07-13 18:00:00,79,15381,4473.0,923.708333333333,79,5.15333530668805,79263.4503521689,3.29166666666667,2019,7,24.71545255945084,12.693499026965807,130.8072236527295,1003.7048141991728,103,103,18.89275053304889,0,2019-07-14 12:53:33.901918976,18.760127931769723,0,0.22781131231835458,0.1,0.11390565615917729,2019-07-14 12:45:36.460554371,18.89275053304889,0
22009_2019-07-13 20:00:00,2019192N29274,22009,Avoyelles,2019-07-13 20:00:00,43,38751,36348.0,923.791666666667,43,3.75553387660791,145530.693252433,1.79166666666667,2019,7,24.75211756819979,15.42302308347998,147.34080922095652,1003.6601236381882,67,67,22.185413153456945,0,2019-07-14 18:11:07.487352445,21.07706535141778,0,0.28933167289331674,0.1,0.14466583644665837,2019-07-14 17:04:37.435265104,22.185413153456945,0
22113_2019-07-13 21:00:00,2019192N29274,22113,Vermilion,2019-07-13 21:00:00,29,56952,22081.0,923.833333333333,29,2.7109864630046,154396.101041038,1.20833333333333,2019,7,21.16130239871169,14.963236678412967,154.07815787639132,997.2559602244748,53,53,19.298899999999723,0,2019-07-14 16:17:56.039999999,19.1775,0,0.2109958788098365,0.1,0.10549793940491825,2019-07-14 16:10:39.000000000,19.298899999999723,0
22127_2019-07-14 00:00:00,2019192N29274,22127,Winn,2019-07-14 00:00:00,61,13205,5238.0,923.958333333333,61,2.84803360061092,37608.2836960672,2.54166666666667,2019,7,19.38904771074293,11.859570273566591,66.01938443426491,1007.0710554662908,85,85,59.677313054499166,0,2019-07-16 11:40:38.326996197,60.00253485424583,0,0.1510118365788469,0.1,0.07550591828942345,2019-07-16 12:00:09.125475285,59.677313054499166,0
45013_2019-09-05 07:00:00,2019236N10314,45013,Beaufort,2019-09-05 07:00:00,32,196371,65270.0,977.25,32,5.04951738930596,991578.779255401,1.33333333333333,2019,9,30.23505950715125,15.487077567081247,110.3278245798852,995.0781015541264,56,56,19.76623376623361,0,2019-09-06 02:45:58.441558441,12.683959618620278,0,0.3317757009345794,0.1,0.1658878504672897,2019-09-05 19:41:02.254627033,19.76623376623361,0
45019_2019-09-05 07:00:00,2019236N10314,45019,Charleston,2019-09-05 07:00:00,63,419279,228154.0,977.25,63,18.9289340338158,7936504.53276427,2.625,2019,9,37.48955957505796,14.268670029391139,238.87624348380155,990.493624078205,87,87,55.638706563706386,0,2019-09-07 14:38:19.343629343,36.01063208897055,0,0.5842307574303209,0.1,0.29211537871516047,2019-09-06 19:00:38.275520294,55.638706563706386,0
45029_2019-09-05 08:00:00,2019236N10314,45029,Colleton,2019-09-05 08:00:00,46,38599,24418.0,977.291666666667,46,7.67853763810288,296383.874293133,1.91666666666667,2019,9,27.4435211739889,11.973562656735353,81.54780281633009,998.552242214721,70,70,39.916216216216114,0,2019-09-06 23:54:58.378378378,35.57224931396694,0,0.2734151329243354,0.1,0.1367075664621677,2019-09-06 19:34:20.097530281,39.916216216216114,0
45089_2019-09-05 10:00:00,2019236N10314,45089,Williamsburg,2019-09-05 10:00:00,36,30058,8346.0,977.375,36,6.28652584242165,188960.39377151,1.5,2019,9,29.196534196370862,14.408910443805889,109.69858149045312,997.2114184063796,60,60,28.862762237762222,0,2019-09-06 14:51:45.944055944,28.32954545454528,0,0.26655755591925806,0.1,0.13327877795962903,2019-09-06 14:19:46.363636363,28.862762237762222,0
45043_2019-09-05 10:00:00,2019236N10314,45043,Georgetown,2019-09-05 10:00:00,37,64722,41580.0,977.375,37,5.90028707866528,381878.380305374,1.54166666666667,2019,9,33.39906066690303,16.730075481128306,210.92946046560894,990.450721722634,61,61,32.757999999999726,0,2019-09-06 18:45:28.799999999,31.20131496556028,0,0.2677124128253995,0.1,0.13385620641269974,2019-09-06 17:12:04.733876017,32.757999999999726,0
45015_2019-09-05 10:00:00,2019236N10314,45015,Berkeley,2019-09-05 10:00:00,37,245117,108687.0,977.375,37,6.32181155611136,1549583.48319935,1.54166666666667,2019,9,32.99023693078643,15.030653474847972,154.51416037613407,995.7609703423568,61,61,29.715989847715555,0,2019-09-06 15:42:57.563451776,14.660729927007223,0,0.35466195965947744,0.1,0.17733097982973872,2019-09-06 00:39:38.627737226,29.715989847715555,0
45035_2019-09-05 11:00:00,2019236N10314,45035,Dorchester,2019-09-05 11:00:00,34,166133,78417.0,977.416666666667,34,8.17640307586365,1358370.37220246,1.41666666666667,2019,9,28.3825425624024,13.693661413527288,92.3026610939524,998.9651125323836,58,58,30.007469879518055,0,2019-09-06 17:00:26.891566265,12.912780022034445,0,0.4536133746509048,0.1,0.2268066873254524,2019-09-05 23:54:46.008079324,30.007469879518055,0
37031_2019-09-05 15:00:00,2019236N10314,37031,Carteret,2019-09-05 15:00:00,56,69380,58303.0,977.583333333333,56,10.8284479357838,751277.717784677,2.33333333333333,2019,9,30.752263753115045,12.371557530758603,102.10373626273609,979.7923042059464,80,80,44.793828451882774,0,2019-09-07 11:47:37.782426778,27.943698155255557,0,0.6227981407474744,0.1,0.3113990703737372,2019-09-06 18:56:37.313358920,44.793828451882774,0
37103_2019-09-05 16:00:00,2019236N10314,37103,Jones,2019-09-05 16:00:00,34,9233,5416.0,977.625,34,5.01715259052552,46323.3698683222,1.41666666666667,2019,9,29.854859982767408,13.742688316060386,129.0568911541824,987.2221711189516,58,58,30.9724732949875,0,2019-09-06 22:58:20.903861955,30.566557107641668,0,0.3824561403508772,0.1,0.1912280701754386,2019-09-06 22:33:59.605587510,30.9724732949875,0
37155_2019-09-06 00:00:00,2019236N10314,37155,Robeson,2019-09-06 00:00:00,24,116663,45365.0,977.958333333333,24,3.0851792984771,359926.272498233,1.0,2019,9,23.30896962535309,12.903809505551955,43.37413805399023,1000.317388438134,48,48,16.342857142856943,0,2019-09-06 16:20:34.285714285,18.945224403570556,0,0.1582056651603659,0.1,0.07910283258018296,2019-09-06 18:56:42.807852854,16.342857142856943,0
37117_2019-09-06 01:00:00,2019236N10314,37117,Martin,2019-09-06 01:00:00,35,21508,10233.0,978.0,35,3.49174240203264,75100.395582918,1.45833333333333,2019,9,24.19551422276448,10.804351247767146,74.58128940563687,995.2548677512884,59,59,19.856249999999722,0,2019-09-06 20:51:22.499999999,18.349637681159166,0,0.2377601876282615,0.1,0.11888009381413076,2019-09-06 19:20:58.695652173,19.856249999999722,0
37095_2019-09-06 03:00:00,2019236N10314,37095,Hyde,2019-09-06 03:00:00,108,4576,2969.0,978.083333333333,108,60.0533031355156,274803.915148119,4.5,2019,9,26.25800432782424,8.811811998947574,115.00700452015734,983.3640169613484,132,132,108.0,1,,44.46361185983805,0,1.0,0.1,0.5,2019-09-07 23:27:49.002695417,108.0,1
37137_2019-09-06 07:00:00,2019236N10314,37137,Pamlico,2019-09-06 07:00:00,55,12381,8598.0,978.25,55,22.0885098481529,273477.840429981,2.29166666666667,2019,9,29.326040127265102,10.822809390125967,124.4077716153722,983.5010512703687,79,79,40.66866566716639,0,2019-09-07 23:40:07.196401799,30.206713780918612,0,0.8510118632240056,0.1,0.4255059316120028,2019-09-07 13:12:24.169611307,40.66866566716639,0
37187_2019-09-06 08:00:00,2019236N10314,37187,Washington,2019-09-06 08:00:00,58,10828,6002.0,978.291666666667,58,20.8884577884886,226180.220933755,2.41666666666667,2019,9,25.578216321000436,8.786788289357299,106.5447732270913,992.1954222035632,82,82,37.75437956204361,0,2019-09-07 21:45:15.766423357,33.20107526881694,0,0.7071567309128941,0.1,0.35357836545644705,2019-09-07 17:12:03.870967741,37.75437956204361,0
37013_2019-09-06 10:00:00,2019236N10314,37013,Beaufort,2019-09-06 10:00:00,61,44272,13472.0,978.375,61,19.1596074810836,848234.142402531,2.54166666666667,2019,9,27.846226944341893,8.98038663438882,108.55341896460187,989.7329719512196,85,85,38.65812917594639,0,2019-09-08 00:39:29.265033407,27.771304347825833,0,0.6722832541567696,0.1,0.3361416270783848,2019-09-07 13:46:16.695652173,38.65812917594639,0
37049_2019-09-06 10:00:00,2019236N10314,37049,Craven,2019-09-06 10:00:00,35,100874,28195.0,978.375,35,10.2326653661997,1032209.88615003,1.45833333333333,2019,9,29.717108076484635,11.302378251486441,110.32009872014807,986.2081795125932,59,59,29.91703786191528,0,2019-09-07 15:55:01.336302895,13.418120805368888,0,0.6174853697464089,0.1,0.30874268487320444,2019-09-06 23:25:05.234899328,29.91703786191528,0
37139_2019-09-06 11:00:00,2019236N10314,37139,Pasquotank,2019-09-06 11:00:00,60,40938,3943.0,978.416666666667,60,7.1716162671003,293591.626742552,2.5,2019,9,24.18469065056473,8.286678592196488,103.4893147861127,993.5579702868852,84,84,31.345454545454444,0,2019-09-07 18:20:43.636363636,7.91744913928,0,0.5598039215686275,0.1,0.27990196078431373,2019-09-06 18:55:02.816901408,31.345454545454444,0
37177_2019-09-06 12:00:00,2019236N10314,37177,Tyrrell,2019-09-06 12:00:00,58,3365,2393.0,978.458333333333,58,33.4554951943168,112577.741328876,2.41666666666667,2019,9,24.78375775623172,8.928233959720755,109.05601477961012,989.4172306711146,82,82,55.88403846153833,0,2019-09-08 19:53:02.538461538,34.261904761904724,0,0.9728374425407439,0.1,0.48641872127037195,2019-09-07 22:15:42.857142857,55.88403846153833,0
37053_2019-09-06 13:00:00,2019236N10314,37053,Currituck,2019-09-06 13:00:00,48,31015,18594.0,978.5,48,21.0506110169385,652884.700690347,2.0,2019,9,26.865806719310445,10.051930582615862,100.16286199328569,992.1121697987652,72,72,37.154457831325274,0,2019-09-08 02:09:16.048192771,32.2150659372225,0,0.7841252920339549,0.1,0.39206264601697743,2019-09-07 21:12:54.237374001,37.154457831325274,0
37029_2019-09-06 14:00:00,2019236N10314,37029,Camden,2019-09-06 14:00:00,52,11088,3616.0,978.541666666667,52,19.7494469026549,218981.867256637,2.16666666666667,2019,9,24.52266867189522,8.729530788178527,98.8670401247106,993.770561464608,76,76,35.98817733990139,0,2019-09-08 01:59:17.438423645,13.479573712255556,0,0.9076327433628318,0.1,0.4538163716814159,2019-09-07 03:28:46.465364120,35.98817733990139,0
37055_2019-09-06 14:00:00,2019236N10314,37055,Dare,2019-09-06 14:00:00,62,37956,40310.0,978.541666666667,62,15.778583239006,598891.905419712,2.58333333333333,2019,9,26.51650194437212,10.034600476877412,76.41830413073797,984.4641439463956,86,86,34.97809450436556,0,2019-09-08 00:58:41.140215716,28.579305799648335,0,0.6728854804217979,0.1,0.3364427402108989,2019-09-07 18:34:45.500878734,34.97809450436556,0
51149_2019-10-20 09:00:00,2019291N22264,51149,Prince George,2019-10-20 09:00:00,33,43134,5949.0,1022.33333333333,33,2.42745105013098,104705.67359635,1.375,2019,10,14.14033219393562,7.128330209170198,44.56339066458586,1003.4052601613564,57,57,3.7606723369783333,0,2019-10-20 12:45:38.420413122,3.5008100445522223,0,0.4157001176668348,0.1,0.2078500588334174,2019-10-20 12:30:02.916160388,3.7606723369783333,0
28159_2019-10-25 22:00:00,2019299N25265,28159,Winston,2019-10-25 22:00:00,45,17543,6890.0,1027.875,45,4.37605224963716,76769.0846153846,1.875,2019,10,24.509313417794512,7.771005054587496,97.95785552195471,1002.4593143520452,69,69,29.40983606557361,0,2019-10-27 03:24:35.409836065,25.705542725173057,0,0.3148040638606676,0.1,0.1574020319303338,2019-10-26 23:42:19.953810623,29.40983606557361,0
21047_2019-10-26 04:00:00,2019299N25265,21047,Christian,2019-10-26 04:00:00,72,73037,6335.0,1028.125,72,10.0542814096834,734334.551319048,3.0,2019,10,22.595941671721388,6.486550182258128,45.21828118678019,997.5955951227388,96,96,44.60999999999972,0,2019-10-28 00:36:35.999999999,20.74524799744611,0,0.8442354282456891,0.1,0.42211771412284455,2019-10-27 00:44:42.892790806,44.60999999999972,0
21059_2019-10-26 10:00:00,2019299N25265,21059,Daviess,2019-10-26 10:00:00,32,103222,7741.0,1028.375,32,4.68100537203461,483182.736512156,1.33333333333333,2019,10,22.40915727706529,8.67684717094986,31.473862102529452,997.2304206500954,56,56,28.238311688311665,0,2019-10-27 14:14:17.922077922,16.701988636363613,0,0.45399647739662835,0.1,0.22699823869831418,2019-10-27 02:42:07.159090909,28.238311688311665,0
22105_2019-10-26 11:00:00,2019299N25265,22105,Tangipahoa,2019-10-26 11:00:00,72,137048,67538.0,1028.41666666667,72,7.11007211346055,974421.163005542,3.0,2019,10,19.42692749404001,5.509697729823425,37.003148824414524,998.9837966708732,96,96,30.62159598214278,0,2019-10-27 17:37:17.745535714,12.722285389425556,0,0.27461109219816165,0.1,0.13730554609908083,2019-10-26 23:43:20.227401932,30.62159598214278,0
28147_2019-10-26 12:00:00,2019299N25265,28147,Walthall,2019-10-26 12:00:00,28,13761,5312.0,1028.45833333333,28,4.46869099339701,61493.6567601362,1.16666666666667,2019,10,20.605120106747275,6.795839678007031,31.597917443164683,1000.2216210447992,52,52,13.543010752688055,0,2019-10-27 01:32:34.838709677,7.127734567451944,0,0.3785768072289157,0.1,0.18928840361445784,2019-10-26 19:07:39.844442827,13.543010752688055,0
22117_2019-10-26 12:00:00,2019299N25265,22117,Washington,2019-10-26 12:00:00,38,45025,24115.0,1028.45833333333,38,5.10532863363052,229867.421729214,1.58333333333333,2019,10,20.751534303029374,5.983301761421372,31.11267762419412,999.8351804315472,62,62,28.404220779220555,0,2019-10-27 16:24:15.194805194,8.022922636103056,0,0.3191374663072776,0.1,0.1595687331536388,2019-10-26 20:01:22.521489971,28.404220779220555,0
22103_2019-10-26 12:00:00,2019299N25265,22103,St. Tammany,2019-10-26 12:00:00,39,273263,127484.0,1028.45833333333,39,6.5615655572136,1793033.08886086,1.625,2019,10,22.86937491628859,6.696696167073482,32.62491345629786,999.895628978588,63,63,32.22076356329528,0,2019-10-27 20:13:14.748827863,13.907644647159444,0,0.2994964073923002,0.1,0.1497482036961501,2019-10-27 01:54:27.520729774,32.22076356329528,0
28101_2019-10-26 13:00:00,2019299N25265,28101,Newton,2019-10-26 13:00:00,34,21029,6104.0,1028.5,34,8.37872563771661,176196.221435543,1.41666666666667,2019,10,24.175780070851022,7.238624422408668,29.52725850469751,1002.4488512478108,58,58,28.656097560975557,0,2019-10-27 17:39:21.951219512,24.143894063529444,0,0.429079527671077,0.1,0.2145397638355385,2019-10-27 13:08:38.018628706,28.656097560975557,0
28127_2019-10-26 13:00:00,2019299N25265,28127,Simpson,2019-10-26 13:00:00,34,25587,9422.0,1028.5,34,6.96395369878725,178186.683290869,1.41666666666667,2019,10,18.152454299558777,6.524606386036232,30.62223373475062,1001.137189886455,58,58,28.379436619718057,0,2019-10-27 17:22:45.971830985,6.759240246406389,0,0.5359758038841134,0.1,0.2679879019420567,2019-10-26 19:45:33.264887063,28.379436619718057,0
28129_2019-10-26 13:00:00,2019299N25265,28129,Smith,2019-10-26 13:00:00,57,14092,4349.0,1028.5,57,21.8238617204918,307541.85936517,2.375,2019,10,23.677836214116944,5.726794932118131,30.405817647123634,1001.634222588154,81,81,50.883636363636114,0,2019-10-28 15:53:01.090909090,29.8332461203225,0,0.8167381292679053,0.1,0.40836906463395267,2019-10-27 18:49:59.686033161,50.883636363636114,0
28031_2019-10-26 13:00:00,2019299N25265,28031,Covington,2019-10-26 13:00:00,60,18098,7676.0,1028.5,60,17.8069306930693,322269.831683168,2.5,2019,10,25.17665295987516,5.549872243614995,28.946727190477915,1001.2387261977888,84,84,50.60285714285695,0,2019-10-28 15:36:10.285714285,25.138190954773613,0,0.6809536216779573,0.1,0.3404768108389786,2019-10-27 14:08:17.487437185,50.60285714285695,0
28061_2019-10-26 13:00:00,2019299N25265,28061,Jasper,2019-10-26 13:00:00,32,16167,8042.0,1028.5,32,5.06922142835653,81954.10283224,1.33333333333333,2019,10,26.197568173944592,7.359957018295588,25.206462793553673,1002.2951252773668,56,56,26.80624999999972,0,2019-10-27 15:48:22.499999999,7.720149253731111,0,0.3344317333996518,0.1,0.1672158666998259,2019-10-26 20:43:12.537313432,26.80624999999972,0
28065_2019-10-26 13:00:00,2019299N25265,28065,Jefferson Davis,2019-10-26 13:00:00,53,11088,5088.0,1028.5,53,18.012993560841,199728.072602605,2.20833333333333,2019,10,21.977033451891764,5.678182156297263,31.041907029303843,1000.9951415418706,77,77,37.74477611940278,0,2019-10-28 02:44:41.194029850,13.848359993536667,0,0.8238810793343028,0.1,0.4119405396671514,2019-10-27 02:50:54.095976732,37.74477611940278,0
28123_2019-10-26 14:00:00,2019299N25265,28123,Scott,2019-10-26 14:00:00,34,27707,7066.0,1028.54166666667,34,8.14468898904926,225664.897819588,1.41666666666667,2019,10,20.71487544059753,6.88491338825774,28.757803572031357,1001.7928428385416,58,58,22.111594202898335,0,2019-10-27 12:06:41.739130434,11.064999999999722,0,0.5289827737960519,0.1,0.2644913868980259,2019-10-27 01:03:53.999999999,22.111594202898335,0
28007_2019-10-26 16:00:00,2019299N25265,28007,Attala,2019-10-26 16:00:00,30,17509,5585.0,1028.625,30,5.78567591763653,101301.399641898,1.25,2019,10,18.37546018463672,6.830714865734075,28.271454281812588,1001.8208300913398,54,54,27.078512396694165,0,2019-10-27 19:04:42.644628099,6.565384615384445,0,0.42560429722470905,0.1,0.21280214861235452,2019-10-26 22:33:55.384615384,27.078512396694165,0
28019_2019-10-26 17:00:00,2019299N25265,28019,Choctaw,2019-10-26 17:00:00,50,8037,3935.0,1028.66666666667,50,7.33595933926302,58959.1052096569,2.08333333333333,2019,10,20.84561355398336,5.981961772987514,31.281155433693744,1001.860270391342,74,74,22.980337078651665,0,2019-10-27 15:58:49.213483146,13.240610328638333,0,0.46683608640406604,0.1,0.23341804320203302,2019-10-27 06:14:26.197183098,22.980337078651665,0
28025_2019-10-26 17:00:00,2019299N25265,28025,Clay,2019-10-26 17:00:00,26,18380,2538.0,1028.66666666667,26,3.97005516154452,72969.6138691883,1.08333333333333,2019,10,26.67956266250436,7.587266755136799,29.42195268416057,1002.171167405606,50,50,11.344444444444166,0,2019-10-27 04:20:39.999999999,6.462121212121111,0,0.31796690307328607,0.1,0.15898345153664303,2019-10-26 23:27:43.636363636,11.344444444444166,0
28139_2019-10-26 19:00:00,2019299N25265,28139,Tippah,2019-10-26 19:00:00,30,21431,10937.0,1028.75,30,6.4466489896681,138158.134497577,1.25,2019,10,22.325746822954468,6.7876758793339995,33.49227761453124,999.864323297234,54,54,26.593503727369445,0,2019-10-27 21:35:36.613418530,8.713251670378611,0,0.4629240193837433,0.1,0.23146200969187164,2019-10-27 03:42:47.706013363,26.593503727369445,0
47125_2019-10-26 22:00:00,2019299N25265,47125,Montgomery,2019-10-26 22:00:00,70,235201,92099.0,1028.875,70,12.152082942337,2858182.06012062,2.91666666666667,2019,10,22.574782006455116,5.642136475741426,11.70449140112577,998.632253636172,94,94,35.648731983214724,0,2019-10-28 09:38:55.435139573,21.657322175731945,0,0.450200327908012,0.1,0.225100163954006,2019-10-27 19:39:26.359832635,35.648731983214724,0
21219_2019-10-26 22:00:00,2019299N25265,21219,Todd,2019-10-26 22:00:00,48,12404,6471.0,1028.875,48,11.1727881402139,138587.264091214,2.0,2019,10,22.93453054353008,6.484457331692452,13.431354609178745,998.5789398786088,72,72,30.337361163277222,0,2019-10-28 04:20:14.500187798,17.47311827956972,0,0.526657394529439,0.1,0.2633286972647195,2019-10-27 15:28:23.225806451,30.337361163277222,0
05019_2020-06-06 06:00:00,2020154N19269,05019,Clark,2020-06-06 06:00:00,35,21250,12126.0,1252.20833333333,35,4.04136843440658,85879.0792311398,1.45833333333333,2020,6,13.252767666617594,6.19691572972662,1.60497872486383,1006.6844200721154,59,59,12.566923076923056,0,2020-06-06 18:34:00.923076923,8.29184483734389,0,0.35739901071723,0.1,0.178699505358615,2020-06-06 14:17:30.641414438,12.566923076923056,0
05109_2020-06-06 08:00:00,2020154N19269,05109,Pike,2020-06-06 08:00:00,86,10179,10039.0,1252.29166666667,86,5.24078077109499,53345.9074689759,3.58333333333333,2020,6,16.75797517740043,8.345129013171965,44.121446762720396,999.3152114848724,110,110,56.16023811174278,0,2020-06-08 16:09:36.857202274,56.409354746209445,0,0.15698774778364377,0.1,0.07849387389182189,2020-06-08 16:24:33.677086354,56.16023811174278,0
05057_2020-06-06 08:00:00,2020154N19269,05057,Hempstead,2020-06-06 08:00:00,61,19453,5270.0,1252.29166666667,61,3.6314990512334,70643.5510436433,2.54166666666667,2020,6,13.40533024080338,7.035785438117762,48.072051099471516,999.4843291330646,85,85,9.737704918032778,0,2020-06-06 17:44:15.737704918,9.089139344262222,0,0.3201138519924099,0.1,0.16005692599620494,2020-06-06 17:05:20.901639344,9.737704918032778,0
05039_2020-06-09 18:00:00,2020154N19269,05039,Dallas,2020-06-09 18:00:00,58,6191,4413.8,1255.70833333333,58,2.07749830047587,12861.7919782461,2.41666666666667,2020,6,14.64997135241007,7.706434677128409,2.406439748050889,1001.9763328424154,82,82,56.23832335329333,0,2020-06-12 02:14:17.964071856,56.53093812375222,0,0.1667799682755495,0.1,0.08338998413777475,2020-06-12 02:31:51.377245508,56.23832335329333,0
48355_2020-07-25 18:00:00,2020205N26272,48355,Nueces,2020-07-25 18:00:00,35,351674,152300.0,1301.70833333333,35,5.73629560585751,2017306.02089433,1.45833333333333,2020,7,28.533208142193107,15.171846567775702,93.50488559390193,998.801838894145,59,59,29.235840899265,0,2020-07-26 23:14:09.027237354,26.911619283065278,0,0.2596722166107328,0.1,0.1298361083053664,2020-07-26 20:54:41.829419035,29.235840899265,0
48489_2020-07-25 20:00:00,2020205N26272,48489,Willacy,2020-07-25 20:00:00,193,20143,7815.0,1301.79166666667,193,80.8647283211333,1628858.22257259,8.04166666666667,2020,7,27.42003498207145,9.750696563218689,229.84875958273506,993.2536036352042,217,168,146.0989361702125,0,2020-07-31 22:05:56.170212765,99.67508610086084,0,0.982779827798278,0.1,0.491389913899139,2020-07-29 23:40:30.309963099,146.0989361702125,0
48261_2020-07-26 00:00:00,2020205N26272,48261,Kenedy,2020-07-26 00:00:00,74,358,1007.0,1301.95833333333,74,16.4274880489199,5881.04072151332,3.08333333333333,2020,7,30.220384317551744,11.09079272423865,179.20376331481168,993.1437114106108,98,98,44.49999999999972,0,2020-07-27 20:29:59.999999999,20.431289238378888,0,0.5391591096455071,0.1,0.26957955482275353,2020-07-26 20:25:52.641258164,44.49999999999972,0
48061_2020-07-26 00:00:00,2020205N26272,48061,Cameron,2020-07-26 00:00:00,68,425208,111890.0,1301.95833333333,68,9.70154867771701,4125176.11015469,2.83333333333333,2020,7,29.032213614020545,11.60067142529376,299.83014320837395,996.5628298467274,92,92,44.15173501577278,0,2020-07-27 20:09:06.246056782,26.66792452830167,0,0.33057467155241754,0.1,0.16528733577620877,2020-07-27 02:40:04.528301886,44.15173501577278,0
48047_2020-07-26 02:00:00,2020205N26272,48047,Brooks,2020-07-26 02:00:00,71,6906,4656.0,1302.04166666667,71,10.5559078569029,72899.0996597717,2.95833333333333,2020,7,27.48451772161697,11.092250426975943,122.5063211601057,997.1341958667048,95,95,21.699999999999722,0,2020-07-26 23:41:59.999999999,15.644444444444444,0,0.4853951890034364,0.1,0.2426975945017182,2020-07-26 17:38:40.000000000,21.699999999999722,0
48215_2020-07-26 02:00:00,2020205N26272,48215,Hidalgo,2020-07-26 02:00:00,92,888367,315601.0,1302.04166666667,92,19.3135311517664,17157503.7287012,3.83333333333333,2020,7,24.399542940812506,10.059400928746495,200.52849465354913,997.6633619550856,116,116,63.648704722604165,0,2020-07-28 17:38:55.337001375,39.06641184508528,0,0.5414970168028619,0.1,0.27074850840143094,2020-07-27 17:03:59.082642307,63.648704722604165,0
48427_2020-07-26 06:00:00,2020205N26272,48427,Starr,2020-07-26 06:00:00,66,65728,25662.0,1302.20833333333,66,11.3199889716743,744040.23513021,2.75,2020,7,25.599356232941247,11.01846756259806,165.4789210437911,995.1606395050736,90,90,41.21659919028333,0,2020-07-27 23:12:59.757085020,33.21211840085361,0,0.3891356870080274,0.1,0.1945678435040137,2020-07-27 15:12:43.626243073,41.21659919028333,0
37019_2020-08-04 04:00:00,2020211N13306,37019,Brunswick,2020-08-04 04:00:00,36,153064,103584.0,1311.125,36,8.67058828731869,1327154.92561015,1.5,2020,8,29.96182137414607,9.767091352928619,77.0064094614598,999.1244475806452,60,60,19.935262054507223,0,2020-08-04 23:56:06.943396226,14.989891984428889,0,0.48095265678097004,0.1,0.24047632839048502,2020-08-04 18:59:23.611143944,19.935262054507223,0
37129_2020-08-04 05:00:00,2020211N13306,37129,New Hanover,2020-08-04 05:00:00,37,234921,132080.5,1311.16666666667,37,12.2163260672116,2869871.53603542,1.54166666666667,2020,8,33.87371675621508,9.831110539496418,63.0522441500328,1000.6143708271514,61,61,22.126990959965557,0,2020-08-05 03:07:37.167455876,14.508372770294722,0,0.698577051165607,0.1,0.3492885255828035,2020-08-04 19:30:30.141973061,22.126990959965557,0
37141_2020-08-04 05:00:00,2020211N13306,37141,Pender,2020-08-04 05:00:00,38,65737,34969.0,1311.16666666667,38,14.1632820893563,931051.674708015,1.58333333333333,2020,8,30.053011682078143,8.49220704450333,60.0064088563336,999.2663009193088,62,62,33.288620583778055,0,2020-08-05 14:17:19.034101601,14.19317356554111,0,0.8220760651987418,0.1,0.4110380325993709,2020-08-04 19:11:35.424835948,33.288620583778055,0
37103_2020-08-04 06:00:00,2020211N13306,37103,Jones,2020-08-04 06:00:00,38,9233,5477.66666666667,1311.20833333333,38,11.706976904518,108090.517759414,1.58333333333333,2020,8,29.70921050733136,8.390524246938272,29.10306612067225,999.977915984123,62,62,34.61999999999972,0,2020-08-05 16:37:11.999999999,11.987186788154721,0,0.7670195291111517,0.1,0.38350976455557584,2020-08-04 17:59:13.872437357,34.61999999999972,0
37133_2020-08-04 06:00:00,2020211N13306,37133,Onslow,2020-08-04 06:00:00,65,207298,89563.0,1311.20833333333,65,7.88630368288329,1634814.98085434,2.70833333333333,2020,8,31.615351001548564,7.563164716841248,44.27135806665603,1001.1694271665336,89,89,18.52005314444028,0,2020-08-05 00:31:12.191319985,11.7606671705375,0,0.5553074372229604,0.1,0.2776537186114802,2020-08-04 17:45:38.401813935,18.52005314444028,0
36079_2020-08-04 06:00:00,2020211N13306,36079,Putnam,2020-08-04 06:00:00,128,98045,43850.0,1311.20833333333,128,57.7263272853556,5659777.75869269,5.33333333333333,2020,8,27.26043145936579,5.776694123051456,35.22194310147779,997.4298915702848,152,152,111.28173431734305,0,2020-08-08 21:16:54.243542435,66.86883371447222,0,0.9484641871707751,0.1,0.47423209358538754,2020-08-07 00:52:07.801372100,111.28173431734305,0
37015_2020-08-04 07:00:00,2020211N13306,37015,Bertie,2020-08-04 07:00:00,102,17240,5939.0,1311.25,102,15.5763795552749,268536.783532939,4.25,2020,8,23.81558359254082,5.843791675415299,66.30562257970561,999.1267796776727,126,126,37.38999999999972,0,2020-08-05 20:23:23.999999999,14.63718585486889,0,0.844377668828088,0.1,0.422188834414044,2020-08-04 21:38:13.869077528,37.38999999999972,0
51800_2020-08-04 09:00:00,2020211N13306,51800,Suffolk,2020-08-04 09:00:00,45,98537,38104.0,1311.33333333333,45,11.8166721475806,1164379.42340614,1.875,2020,8,23.450076105402804,7.231490203346508,20.052539006988887,999.638965158046,69,69,33.985379202501946,0,2020-08-05 18:59:07.365129007,15.806868591439166,0,0.5729253112033195,0.1,0.28646265560165973,2020-08-05 00:48:24.726929181,33.985379202501946,0
37139_2020-08-04 09:00:00,2020211N13306,37139,Pasquotank,2020-08-04 09:00:00,32,40938,5053.0,1311.33333333333,32,4.67286760340392,191297.85394815,1.33333333333333,2020,8,26.123670215294013,8.726278503661414,10.868192247313555,1002.8125202356558,56,56,15.443324250681112,0,2020-08-05 00:26:35.967302452,14.676258992805556,0,0.3000197902236295,0.1,0.15000989511181476,2020-08-04 23:40:34.532374100,15.443324250681112,0
37187_2020-08-04 09:00:00,2020211N13306,37187,Washington,2020-08-04 09:00:00,37,10828,8007.0,1311.33333333333,37,8.09366804046459,87638.2375421506,1.54166666666667,2020,8,26.502518595936145,8.192499716796572,11.066583688066244,1001.828753833236,61,61,32.56536964980528,0,2020-08-05 17:33:55.330739299,9.8751393534,0,0.5048082927438491,0.1,0.25240414637192454,2020-08-04 18:52:30.501672240,32.56536964980528,0
37143_2020-08-04 09:00:00,2020211N13306,37143,Perquimans,2020-08-04 09:00:00,29,13210,3490.0,1311.33333333333,29,4.9815635950793,65806.4550909976,1.20833333333333,2020,8,26.45879975132559,8.85182860196994,10.43685891226619,1002.014078663793,53,53,15.409523809523611,0,2020-08-05 00:24:34.285714285,8.949029126213333,0,0.437535734705546,0.1,0.218767867352773,2020-08-04 17:56:56.504854368,15.409523809523611,0
51175_2020-08-04 09:00:00,2020211N13306,51175,Southampton,2020-08-04 09:00:00,43,17932,6766.5,1311.33333333333,43,10.8033265351326,193725.251427997,1.79166666666667,2020,8,19.38893167153681,6.70485200275393,42.36344320665603,998.5932571476064,67,67,42.14107883817417,0,2020-08-06 03:08:27.883817427,41.472823722057775,0,0.33372562205783457,0.1,0.16686281102891729,2020-08-06 02:28:22.165399408,42.14107883817417,0
37117_2020-08-04 09:00:00,2020211N13306,37117,Martin,2020-08-04 09:00:00,37,21508,11301.0,1311.33333333333,37,9.79641706424322,210701.338217743,1.54166666666667,2020,8,25.324719246146604,7.895221165754876,22.701482238612837,999.4357184278348,61,61,31.8925925925925,0,2020-08-05 16:53:33.333333333,8.598425196850277,0,0.6440210782326713,0.1,0.32201053911633565,2020-08-04 17:35:54.330708661,31.8925925925925,0
51550_2020-08-04 10:00:00,2020211N13306,51550,Chesapeake,2020-08-04 10:00:00,34,252488,103433.0,1311.375,34,7.39831581796912,1867985.96424739,1.41666666666667,2020,8,25.84753970554896,8.28053266403123,12.621078086750845,1001.0617370535714,58,58,23.211981132075277,0,2020-08-05 09:12:43.132075471,10.73707641196,0,0.5282743418444791,0.1,0.26413717092223954,2020-08-04 20:44:13.475083056,23.211981132075277,0
37053_2020-08-04 10:00:00,2020211N13306,37053,Currituck,2020-08-04 10:00:00,36,31015,18811.0,1311.375,36,4.99509052316047,154922.732575822,1.5,2020,8,28.59149183244072,8.874770230017624,9.95050314528268,1004.169515012777,60,60,25.34999999999972,0,2020-08-05 11:20:59.999999999,12.850183823529166,0,0.2505847331490538,0.1,0.1252923665745269,2020-08-04 22:51:00.661764705,25.34999999999972,0
37029_2020-08-04 10:00:00,2020211N13306,37029,Camden,2020-08-04 10:00:00,32,11088,3620.0,1311.375,32,6.98563535911602,77456.7248618785,1.33333333333333,2020,8,26.03650207979133,8.745826721909534,10.916784304721526,1002.8350237669426,56,56,21.55063291139222,0,2020-08-05 07:33:02.278481012,5.963789682539445,0,0.7111187845303867,0.1,0.35555939226519334,2020-08-04 15:57:49.642857142,21.55063291139222,0
51700_2020-08-04 10:00:00,2020211N13306,51700,Newport News,2020-08-04 10:00:00,86,184306,83506.0,1311.375,86,9.18295691327569,1692474.05685819,3.58333333333333,2020,8,22.6902183172271,6.128484988912311,36.1256615779414,999.0258421505906,110,110,35.75363790186111,0,2020-08-05 21:45:13.096446700,29.293484848484724,0,0.3696381098364189,0.1,0.18481905491820946,2020-08-05 15:17:36.545454545,35.75363790186111,0
51093_2020-08-04 10:00:00,2020211N13306,51093,Isle of Wight,2020-08-04 10:00:00,37,40151,14623.0,1311.375,37,4.89385758568091,196493.275922674,1.54166666666667,2020,8,21.22275440206208,7.228838285577945,22.78656829677964,999.193305878553,61,61,26.9775780371475,0,2020-08-05 12:58:39.280933731,26.381213864814168,0,0.22415404748551132,0.1,0.11207702374275566,2020-08-05 12:22:52.369913331,26.9775780371475,0
37073_2020-08-04 11:00:00,2020211N13306,37073,Gates,2020-08-04 11:00:00,37,10383,4278.5,1311.41666666667,37,11.9562318449461,124141.555246076,1.54166666666667,2020,8,23.66452567369768,7.6232587488945756,19.511343871973118,999.769259564644,61,61,25.59999999999972,0,2020-08-05 12:35:59.999999999,10.466999002683611,0,0.8881368678322993,0.1,0.44406843391614964,2020-08-04 21:28:01.196409661,25.59999999999972,0
37091_2020-08-04 11:00:00,2020211N13306,37091,Hertford,2020-08-04 11:00:00,31,20875,9617.5,1311.41666666667,31,6.16817378650868,128760.627793369,1.29166666666667,2020,8,22.622721824646,8.002695391667354,27.426414335412638,999.086484375,55,55,15.365579710144722,0,2020-08-05 02:21:56.086956521,7.6670918367344445,0,0.5044693898763122,0.1,0.2522346949381561,2020-08-04 18:40:01.530612244,15.365579710144722,0
37041_2020-08-04 11:00:00,2020211N13306,37041,Chowan,2020-08-04 11:00:00,39,13940,3472.0,1311.41666666667,39,15.6036011061741,217514.199420067,1.625,2020,8,26.078905715633503,7.678616023034549,13.26971495833233,1000.8522482287452,63,63,38.26372007366472,0,2020-08-06 01:15:49.392265193,13.387675283745555,0,0.9380760368663594,0.1,0.4690380184331797,2020-08-05 00:23:15.631021484,38.26372007366472,0
51650_2020-08-04 11:00:00,2020211N13306,51650,Hampton,2020-08-04 11:00:00,39,138037,64287.0,1311.41666666667,39,8.16997215611243,1127758.44651329,1.625,2020,8,25.50495670647021,7.813932373610679,17.03395368839731,999.977451883278,63,63,33.69729011689667,0,2020-08-05 20:41:50.244420828,26.63178294573639,0,0.3365532689346213,0.1,0.16827663446731064,2020-08-05 13:37:54.418604651,33.69729011689667,0
51095_2020-08-04 11:00:00,2020211N13306,51095,James City,2020-08-04 11:00:00,34,81199,38466.0,1311.41666666667,34,1.81435553475797,147323.855066812,1.41666666666667,2020,8,21.36259950336657,7.146773574313323,33.45125693533766,998.5355657894738,58,58,9.403297374312778,0,2020-08-04 20:24:11.870547526,9.450132302055556,0,0.18803618780221495,0.1,0.09401809390110748,2020-08-04 20:27:00.476287400,9.403297374312778,0
51073_2020-08-04 11:00:00,2020211N13306,51073,Gloucester,2020-08-04 11:00:00,51,39493,19518.0,1311.41666666667,51,6.98432216415616,275831.835229019,2.125,2020,8,22.52932079165589,7.282000862528815,45.815687387682544,998.9308606515522,75,75,29.3779967159275,0,2020-08-05 16:22:40.788177339,14.098790322580555,0,0.35674761758376883,0.1,0.17837380879188441,2020-08-05 01:05:55.645161290,29.3779967159275,0
51119_2020-08-04 11:00:00,2020211N13306,51119,Middlesex,2020-08-04 11:00:00,62,10943,10238.5,1311.41666666667,62,4.88205428627221,53424.3200546768,2.58333333333333,2020,8,21.751923129089874,6.601054365131162,51.15985664395758,998.489759949252,86,86,23.824516129032222,0,2020-08-05 10:49:28.258064516,12.364238410595833,0,0.2837336457723101,0.1,0.14186682288615504,2020-08-04 23:21:51.258278145,23.824516129032222,0
51127_2020-08-04 11:00:00,2020211N13306,51127,New Kent,2020-08-04 11:00:00,38,24986,10707.0,1311.41666666667,38,2.62949472307836,65700.5551508359,1.58333333333333,2020,8,20.516627060739616,6.282756560306815,37.966468077349035,999.3918060475708,62,62,11.542872928176667,0,2020-08-04 22:32:34.342541436,11.258011049723612,0,0.24815541234706268,0.1,0.12407770617353134,2020-08-04 22:15:28.839779005,11.542872928176667,0
51133_2020-08-04 12:00:00,2020211N13306,51133,Northumberland,2020-08-04 12:00:00,42,12302,12341.0,1311.45833333333,42,7.66510007292764,94296.0610971558,1.75,2020,8,23.90934878758021,7.873086507713753,52.93116057587284,998.276244047619,66,66,29.39307479224361,0,2020-08-05 17:23:35.069252077,12.3452527743525,0,0.37128271614942066,0.1,0.18564135807471033,2020-08-05 00:20:42.909987669,29.39307479224361,0
51810_2020-08-04 12:00:00,2020211N13306,51810,Virginia Beach,2020-08-04 12:00:00,31,455618,199697.0,1311.45833333333,31,5.80199001487253,2643491.08659619,1.29166666666667,2020,8,28.70892414410294,8.949162652820785,10.888140270309934,1002.4496559175532,55,55,26.712179487179444,0,2020-08-05 14:42:43.846153846,14.448625567120278,0,0.3601055599232838,0.1,0.1800527799616419,2020-08-05 02:26:55.052041633,26.712179487179444,0
51115_2020-08-04 12:00:00,2020211N13306,51115,Mathews,2020-08-04 12:00:00,34,8490,6685.0,1311.45833333333,34,8.58175018698579,72859.0590875094,1.41666666666667,2020,8,26.25578691014704,8.83686799103359,35.16263531626395,999.1784142099054,58,58,29.748730964466944,0,2020-08-05 17:44:55.431472081,4.754946043165278,0,0.7331338818249813,0.1,0.36656694091249065,2020-08-04 16:45:17.805755395,29.748730964466944,0
51103_2020-08-04 12:00:00,2020211N13306,51103,Lancaster,2020-08-04 12:00:00,35,10750,9733.0,1311.45833333333,35,6.27196136854002,67423.5847118052,1.45833333333333,2020,8,22.88062382941466,7.909045944297732,38.18109463393751,998.3690984571132,59,59,28.69569892473111,0,2020-08-05 16:41:44.516129032,10.792857142856944,0,0.38754751875064214,0.1,0.19377375937532107,2020-08-04 22:47:34.285714285,28.69569892473111,0
51131_2020-08-04 12:00:00,2020211N13306,51131,Northampton,2020-08-04 12:00:00,28,11900,9271.33333333333,1311.45833333333,28,5.0653354323058,60277.4916444391,1.16666666666667,2020,8,31.320429184333864,10.40561588349157,17.33257058875303,1001.2295636121646,52,52,21.59999999999972,0,2020-08-05 09:35:59.999999999,15.099653875576944,0,0.28812852075944084,0.1,0.14406426037972042,2020-08-05 03:05:58.753952077,21.59999999999972,0
51740_2020-08-04 12:00:00,2020211N13306,51740,Portsmouth,2020-08-04 12:00:00,43,97029,44936.0,1311.45833333333,43,8.71724230016023,845825.303142247,1.79166666666667,2020,8,25.42263459186165,7.629755922689912,18.01155376419121,1000.6505404974492,67,67,35.292832764505,0,2020-08-05 23:17:34.197952218,28.00186219739278,0,0.3283781377959765,0.1,0.16418906889798826,2020-08-05 16:00:06.703910614,35.292832764505,0
51735_2020-08-04 13:00:00,2020211N13306,51735,Poquoson,2020-08-04 13:00:00,33,12582,5448.0,1311.5,33,7.16244493392071,90117.8821585903,1.375,2020,8,26.803175303141277,8.881104579724761,27.460068998237453,999.4967145833332,57,57,11.799248120300556,0,2020-08-05 00:47:57.293233082,7.722298850574444,0,0.577826725403818,0.1,0.288913362701909,2020-08-04 20:43:20.275862068,11.799248120300556,0
34011_2020-08-04 16:00:00,2020211N13306,34011,Cumberland,2020-08-04 16:00:00,52,151356,36195.0,1311.625,52,12.1643817808863,1841152.16882783,2.16666666666667,2020,8,29.473663809451644,7.760081113919966,48.235145188184404,996.8594047124336,76,76,28.73862959285,0,2020-08-05 20:44:19.066534260,18.045747210235,0,0.6163005940046968,0.1,0.3081502970023484,2020-08-05 10:02:44.689956846,28.73862959285,0
34009_2020-08-04 16:00:00,2020211N13306,34009,Cape May,2020-08-04 16:00:00,51,95634,111138.0,1311.625,51,5.68442116844183,543623.934022766,2.125,2020,8,32.49947191188357,8.486262089717263,22.07336856090293,998.8000862108236,75,75,28.212740141556946,0,2020-08-05 20:12:45.864509605,25.538961847041943,0,0.2143731217045475,0.1,0.10718656085227375,2020-08-05 17:32:20.262649351,28.212740141556946,0
34021_2020-08-04 17:00:00,2020211N13306,34021,Mercer,2020-08-04 17:00:00,52,380688,168215.0,1311.66666666667,52,9.00969592485807,3429883.12224237,2.16666666666667,2020,8,27.291903997927296,6.52087087031978,33.526355153595915,996.1610848214284,76,76,48.294950738916114,0,2020-08-06 17:17:41.822660098,26.13436123348,0,0.2995452248610409,0.1,0.14977261243052045,2020-08-05 19:08:03.700440528,48.294950738916114,0
42017_2020-08-04 17:00:00,2020211N13306,42017,Bucks,2020-08-04 17:00:00,85,645054,266453.0,1311.66666666667,85,7.45419192704291,4808356.31930673,3.54166666666667,2020,8,24.114673368481625,5.600143788346203,64.2067693389844,997.576787817029,109,109,26.364673581451946,0,2020-08-05 19:21:52.824893227,17.155443933273055,0,0.3795401832961787,0.1,0.18977009164808936,2020-08-05 10:09:19.598159783,26.364673581451946,0
34029_2020-08-04 17:00:00,2020211N13306,34029,Ocean,2020-08-04 17:00:00,72,655735,307607.0,1311.66666666667,72,18.6170303566003,12207838.4008853,3.0,2020,8,31.39184377881378,7.334391312921549,22.20519614431697,998.629464395998,96,96,49.531945416375,0,2020-08-06 18:31:55.003498950,24.69228595075639,0,0.6837945820478728,0.1,0.3418972910239364,2020-08-05 17:41:32.229422723,49.531945416375,0
34001_2020-08-04 17:00:00,2020211N13306,34001,Atlantic,2020-08-04 17:00:00,58,275638,136169.0,1311.66666666667,58,10.0284807482064,2764230.37647412,2.41666666666667,2020,8,30.94631821991967,7.846585135578745,22.248755879649288,998.0943662482924,82,82,33.573092545336664,0,2020-08-06 02:34:23.133163212,14.620381999746666,0,0.4026246796260529,0.1,0.20131233981302646,2020-08-05 07:37:13.375199088,33.573092545336664,0
42029_2020-08-04 17:00:00,2020211N13306,42029,Chester,2020-08-04 17:00:00,87,545823,226585.0,1311.66666666667,87,13.0793840300012,7139028.62940736,3.625,2020,8,22.49525576865096,5.300475818954126,94.07068927659087,999.696625405844,111,111,37.46531165311639,0,2020-08-06 06:27:55.121951219,24.251864408169165,0,0.4806232512158739,0.1,0.24031162560793695,2020-08-05 17:15:06.711869409,37.46531165311639,0
34033_2020-08-04 17:00:00,2020211N13306,34033,Salem,2020-08-04 17:00:00,25,65117,30507.0,1311.66666666667,25,3.27781265782622,213441.32683967,1.04166666666667,2020,8,24.60583342093008,8.049302546375493,47.19027427289589,996.3862687114196,49,49,15.205555555555279,0,2020-08-05 08:12:19.999999999,10.733194722370278,0,0.2438468849342903,0.1,0.12192344246714515,2020-08-05 03:43:59.501000533,15.205555555555279,0
34039_2020-08-04 18:00:00,2020211N13306,34039,Union,2020-08-04 18:00:00,78,569815,233534.0,1311.70833333333,78,10.4553864137242,5957636.00933626,3.25,2020,8,28.813944388562305,6.137951347109013,37.38220545690595,996.563076402559,102,102,40.497550111358336,0,2020-08-06 10:29:51.180400890,29.176121616610832,0,0.3055117840504248,0.1,0.1527558920252124,2020-08-05 23:10:34.037819799,40.497550111358336,0
36085_2020-08-04 18:00:00,2020211N13306,36085,Richmond,2020-08-04 18:00:00,73,491133,180781.0,1311.70833333333,73,7.09028050514158,3482270.7353317,3.04166666666667,2020,8,29.05322820198636,6.3906603358517495,21.51947551477356,997.0191865808822,97,97,24.022790697674168,0,2020-08-05 18:01:22.046511627,23.928182807399168,0,0.20078437446413064,0.1,0.10039218723206532,2020-08-05 17:55:41.458106637,24.022790697674168,0
34027_2020-08-04 18:00:00,2020211N13306,34027,Morris,2020-08-04 18:00:00,105,511151,203598.0,1311.70833333333,105,38.9865753728222,19928026.9883934,4.375,2020,8,27.150827920258937,5.491422126693996,55.2930817730836,996.6441570953826,129,129,98.79765051395,0,2020-08-08 20:47:51.541850220,53.95251431945361,0,0.6365190227801845,0.1,0.31825951139009223,2020-08-06 23:57:09.051550033,98.79765051395,0
34025_2020-08-04 18:00:00,2020211N13306,34025,Monmouth,2020-08-04 18:00:00,101,644098,293049.0,1311.70833333333,101,34.5964442319057,22283500.536882,4.20833333333333,2020,8,29.69939695085798,6.140244322436835,22.696351342758685,997.2734403162552,125,125,90.1341991341989,0,2020-08-08 12:08:03.116883116,46.23681434599139,0,0.6814332025251664,0.1,0.3407166012625832,2020-08-06 16:14:12.531645569,90.1341991341989,0
34019_2020-08-04 18:00:00,2020211N13306,34019,Hunterdon,2020-08-04 18:00:00,87,129777,60747.0,1311.70833333333,87,19.5325201244506,2534871.86419082,3.625,2020,8,23.435523063782224,5.660352302152256,59.92184253783529,996.6554668674698,111,111,73.42481927710833,0,2020-08-07 19:25:29.349397590,47.887681159420275,0,0.4411411263107643,0.1,0.22057056315538215,2020-08-06 17:53:15.652173913,73.42481927710833,0
34037_2020-08-04 18:00:00,2020211N13306,34037,Sussex,2020-08-04 18:00:00,97,146084,72405.0,1311.70833333333,97,18.8154606281469,2748637.75040222,4.04166666666667,2020,8,21.98151777919969,5.303149366129889,67.07366832262394,997.6790217670638,121,121,68.61808510638278,0,2020-08-07 14:37:05.106382978,49.50538388018055,0,0.359541232761047,0.1,0.1797706163805235,2020-08-06 19:30:19.381968650,68.61808510638278,0
34023_2020-08-04 18:00:00,2020211N13306,34023,Middlesex,2020-08-04 18:00:00,50,861418,344712.0,1311.70833333333,50,8.08346967903641,6963246.28397619,2.08333333333333,2020,8,28.05606721829967,6.8106705020997245,23.54960167827476,996.13892134979,74,74,32.53398890569834,0,2020-08-06 02:32:02.360060514,28.21239347906611,0,0.2786180927847014,0.1,0.1393090463923507,2020-08-05 22:12:44.616524638,32.53398890569834,0
34041_2020-08-04 18:00:00,2020211N13306,34041,Warren,2020-08-04 18:00:00,73,110926,51931.0,1311.70833333333,73,11.0912358851859,1230306.43180014,3.04166666666667,2020,8,21.26136931813434,5.655779256016115,68.34925088375661,998.2447537820908,97,97,69.23935926773444,0,2020-08-07 15:14:21.693363844,59.245463709677225,0,0.3236743809927221,0.1,0.16183719049636106,2020-08-07 05:14:43.669354838,69.23935926773444,0
34035_2020-08-04 18:00:00,2020211N13306,34035,Somerset,2020-08-04 18:00:00,86,346875,150931.0,1311.70833333333,86,11.6057500785358,4025744.55849211,3.58333333333333,2020,8,27.171460295996965,5.890966298041845,45.59300540053791,996.0506083086054,110,110,53.457967795668885,0,2020-08-06 23:27:28.684064408,51.975872689938335,0,0.22714202422282884,0.1,0.11357101211141442,2020-08-06 21:58:33.141683778,53.457967795668885,0
34031_2020-08-04 19:00:00,2020211N13306,34031,Passaic,2020-08-04 19:00:00,98,513936,203351.0,1311.75,98,13.8537741504039,7119953.27176197,4.08333333333333,2020,8,28.44500922293685,5.597292011246273,53.128268771986086,996.4235329468326,122,122,70.8212602739725,0,2020-08-07 17:49:16.536986301,50.653123661814725,0,0.2565957384030568,0.1,0.1282978692015284,2020-08-06 21:39:11.245182533,70.8212602739725,0
36027_2020-08-04 19:00:00,2020211N13306,36027,Dutchess,2020-08-04 19:00:00,84,297545,136537.0,1311.75,84,18.2171352820115,5420417.5174861,3.5,2020,8,25.40924387595054,5.570919995745972,40.130271821273915,997.476012642497,108,108,70.72492581602361,0,2020-08-07 17:43:29.732937685,33.966542750929165,0,0.43082827365476023,0.1,0.21541413682738011,2020-08-06 04:57:59.553903345,70.72492581602361,0
34003_2020-08-04 19:00:00,2020211N13306,34003,Bergen,2020-08-04 19:00:00,100,952997,411460.0,1311.75,100,17.4185372234242,16599813.7183116,4.16666666666667,2020,8,30.232987188523825,5.735093775202407,43.788012995060846,996.6674686379928,124,124,73.55096952908583,0,2020-08-07 20:33:03.490304709,48.35348192758139,0,0.33031157342147477,0.1,0.16515578671073738,2020-08-06 19:21:12.534939293,73.55096952908583,0
34013_2020-08-04 19:00:00,2020211N13306,34013,Essex,2020-08-04 19:00:00,84,849477,365572.0,1311.75,84,8.80995809307059,7483856.77102732,3.5,2020,8,28.79332876858646,6.027185923856023,39.51514165925041,996.3847854238014,108,108,31.447523219814165,0,2020-08-06 02:26:51.083591331,29.786717267551943,0,0.22640683640979067,0.1,0.11320341820489534,2020-08-06 00:47:12.182163187,31.447523219814165,0
36087_2020-08-04 19:00:00,2020211N13306,36087,Rockland,2020-08-04 19:00:00,86,339022,117172.0,1311.75,86,21.8192418536458,7397203.0117067,3.58333333333333,2020,8,29.524349466959634,5.826730518495195,42.376232114103104,996.9217555555556,110,110,72.45766016713084,0,2020-08-07 19:27:27.576601671,39.62630942788056,0,0.5048390400436964,0.1,0.2524195200218482,2020-08-06 10:37:34.713940370,72.45766016713084,0
36071_2020-08-04 19:00:00,2020211N13306,36071,Orange,2020-08-04 19:00:00,72,405941,162449.0,1311.75,72,15.5414290977582,6308903.26937304,3.0,2020,8,23.037817229026277,5.680184618278324,54.55740659414786,997.6699842931936,96,96,53.558688066992225,0,2020-08-07 00:33:31.277041172,46.07370474912305,0,0.38642281577602816,0.1,0.19321140788801408,2020-08-06 17:04:25.337096843,53.558688066992225,0
36059_2020-08-04 20:00:00,2020211N13306,36059,Nassau,2020-08-04 20:00:00,139,1383726,488488.0,1311.79166666667,139,25.1955738355529,34863770.6011743,5.79166666666667,2020,8,31.21847954022109,6.383077782869463,25.82529604919916,998.8779684418146,163,163,107.79343780607222,0,2020-08-09 07:47:36.376101860,97.90566037735833,0,0.2839824110315914,0.1,0.1419912055157957,2020-08-08 21:54:20.377358490,107.79343780607222,0
36119_2020-08-04 20:00:00,2020211N13306,36119,Westchester,2020-08-04 20:00:00,132,990427,393323.0,1311.79166666667,132,25.4729420857667,25229089.6111796,5.5,2020,8,29.933061978519483,5.818339630748554,32.58102436620342,997.7608022572496,156,156,100.98520102651834,0,2020-08-09 00:59:06.723695466,77.35187580853805,0,0.31489640829547216,0.1,0.15744820414773608,2020-08-08 01:21:06.752910737,100.98520102651834,0
25003_2020-08-04 21:00:00,2020211N13306,25003,Berkshire,2020-08-04 21:00:00,35,127859,76758.0,1311.83333333333,35,4.39396544985539,561808.02845306,1.45833333333333,2020,8,29.05990710424113,8.78508280332201,29.447589529307066,998.831152308044,59,59,20.080794701986665,0,2020-08-05 17:04:50.860927152,13.911764705882222,0,0.23747361838505432,0.1,0.11873680919252716,2020-08-05 10:54:42.352941176,20.080794701986665,0
36105_2020-08-04 21:00:00,2020211N13306,36105,Sullivan,2020-08-04 21:00:00,48,79658,57519.0,1311.83333333333,48,5.86407495709415,467120.482932206,2.0,2020,8,19.018244044657013,6.1156792951378085,62.38351417533405,1001.0455248873128,72,72,28.17278382581639,0,2020-08-06 01:10:22.021772939,27.52562642369,0,0.21834524244162798,0.1,0.10917262122081399,2020-08-06 00:31:32.255125284,28.17278382581639,0
25013_2020-08-04 22:00:00,2020211N13306,25013,Hampden,2020-08-04 22:00:00,69,461041,144083.0,1311.875,69,12.1191674243318,5587433.06848136,2.875,2020,8,27.95268127099792,6.884996369715667,17.182349404282213,1001.0001314450476,93,93,49.358137317228056,0,2020-08-06 23:21:29.294342021,41.80245231607611,0,0.31594289402635983,0.1,0.15797144701317992,2020-08-06 15:48:08.828337874,49.358137317228056,0
25027_2020-08-04 23:00:00,2020211N13306,25027,Worcester,2020-08-04 23:00:00,27,862927,326969.0,1311.91666666667,27,3.82703559052999,3302452.34102927,1.125,2020,8,27.960398754441588,9.73638392985795,8.712791386371537,1004.0803155377188,51,51,19.844803921568612,0,2020-08-05 18:50:41.294117647,19.457026143790834,0,0.2072581804391242,0.1,0.1036290902195621,2020-08-05 18:27:25.294117647,19.844803921568612,0
33019_2020-08-04 23:00:00,2020211N13306,33019,Sullivan,2020-08-04 23:00:00,72,43958,25459.0,1311.91666666667,72,4.41856733260264,194231.382806547,3.0,2020,8,24.15872864075649,6.9454573791612075,21.636626479089443,1000.7038475356868,96,96,18.241691193321945,0,2020-08-05 17:14:30.088295959,17.847250509164724,0,0.2315516631975808,0.1,0.1157758315987904,2020-08-05 16:50:50.101832993,18.241691193321945,0
25015_2020-08-04 23:00:00,2020211N13306,25015,Hampshire,2020-08-04 23:00:00,41,162588,64304.0,1311.91666666667,41,4.57425665588455,743719.241166957,1.70833333333333,2020,8,27.2931070204704,7.99679188124891,18.621780685780028,1000.9266573840724,65,65,25.00269636576778,0,2020-08-06 00:00:09.706916764,23.570121951219445,0,0.2052904951480468,0.1,0.1026452475740234,2020-08-05 22:34:12.439024390,25.00269636576778,0
33009_2020-08-05 00:00:00,2020211N13306,33009,Grafton,2020-08-05 00:00:00,29,91126,53943.3333333333,1311.95833333333,29,3.85249265648417,351062.245814776,1.20833333333333,2020,8,26.93611509074336,10.494235145455669,20.55114227873476,1001.5969036458332,53,53,16.350961761487778,0,2020-08-05 16:21:03.462341356,15.261322840020277,0,0.23074872013651876,0.1,0.11537436006825938,2020-08-05 15:15:40.762224073,16.350961761487778,0
33003_2020-08-05 01:00:00,2020211N13306,33003,Carroll,2020-08-05 01:00:00,40,52199,43397.0,1312.0,40,5.30537338620065,276935.185386288,1.66666666666667,2020,8,25.931995158653837,9.927368017419242,27.178935783571276,1004.0371340113828,64,64,22.612037794915,0,2020-08-05 23:36:43.336061694,20.840367856065832,0,0.2542904594943717,0.1,0.12714522974718584,2020-08-05 21:50:25.324281837,22.612037794915,0
23017_2020-08-05 01:00:00,2020211N13306,23017,Oxford,2020-08-05 01:00:00,26,59495,41262.0,1312.0,26,4.1444185933789,246572.184213077,1.08333333333333,2020,8,24.77900712351242,10.213936388013542,22.758225803692696,1004.1513138136328,50,50,21.1336870026525,0,2020-08-05 22:08:01.273209549,21.188328912466666,0,0.19800300518637,0.1,0.099001502593185,2020-08-05 22:11:17.984084880,21.1336870026525,0
36103_2020-08-05 02:00:00,2020211N13306,36103,Suffolk,2020-08-05 02:00:00,117,1525465,637959.0,1312.04166666667,117,21.310960050126,32509123.6728655,4.875,2020,8,28.42676993732902,7.065548772622341,9.603890606745368,1003.49359778339,141,141,94.11260005163945,0,2020-08-09 00:06:45.360185902,78.31973169368361,0,0.2993327157387857,0.1,0.14966635786939286,2020-08-08 08:19:11.034097261,94.11260005163945,0
22125_2020-08-26 23:00:00,2020233N14313,22125,West Feliciana,2020-08-26 23:00:00,28,15381,6388.0,1333.91666666667,28,3.55363389591053,54658.4429529999,1.16666666666667,2020,8,30.251654343120315,14.122076414957721,60.35802582494615,1003.6668487736408,104,104,23.7624401913875,0,2020-08-27 22:45:44.784688995,22.867953106519167,0,0.3368816530995617,0.1,0.16844082654978085,2020-08-27 21:52:04.631183469,23.7624401913875,0
22125_2020-08-26 23:00:00,2020233N14313,22125,West Feliciana,2020-08-26 23:00:00,28,15381,6388.0,1333.91666666667,28,3.55363389591053,54658.4429529999,1.16666666666667,2020,8,30.251654343120315,14.122076414957721,60.35802582494615,1003.6668487736408,104,104,23.7624401913875,0,2020-08-27 22:45:44.784688995,22.867953106519167,0,0.3368816530995617,0.1,0.16844082654978085,2020-08-27 21:52:04.631183469,23.7624401913875,0
22125_2020-08-26 23:00:00,2020233N14313,22125,West Feliciana,2020-08-26 23:00:00,28,15381,6388.0,1333.91666666667,28,3.55363389591053,54658.4429529999,1.16666666666667,2020,8,30.251654343120315,14.122076414957721,60.35802582494615,1003.6668487736408,104,104,23.7624401913875,0,2020-08-27 22:45:44.784688995,22.867953106519167,0,0.3368816530995617,0.1,0.16844082654978085,2020-08-27 21:52:04.631183469,23.7624401913875,0
22125_2020-08-26 23:00:00,2020233N14313,22125,West Feliciana,2020-08-26 23:00:00,28,15381,6388.0,1333.91666666667,28,3.55363389591053,54658.4429529999,1.16666666666667,2020,8,30.251654343120315,14.122076414957721,60.35802582494615,1003.6668487736408,104,104,23.7624401913875,0,2020-08-27 22:45:44.784688995,22.867953106519167,0,0.3368816530995617,0.1,0.16844082654978085,2020-08-27 21:52:04.631183469,23.7624401913875,0
22085_2020-08-27 00:00:00,2020233N14313,22085,Sabine,2020-08-27 00:00:00,287,21985,15378.0,1333.95833333333,287,157.241926027814,3456963.7437215,11.9583333333333,2020,8,33.61394036508992,8.673723459875143,180.52674502317228,990.1678495271794,311,168,265.18839732888136,0,2020-09-07 01:11:18.230383973,170.45232985898195,0,0.981857198595396,0.1,0.490928599297698,2020-09-03 02:27:08.387492335,265.18839732888136,0
22113_2020-08-27 05:00:00,2020233N14313,22113,Vermilion,2020-08-27 05:00:00,70,56952,23013.0,1334.16666666667,70,31.5272509320219,1795539.99508051,2.91666666666667,2020,8,38.10719552293703,12.053188829377566,222.1639961571734,997.7265444435324,188,168,64.579357798165,0,2020-08-29 21:34:45.688073394,39.80240103828667,0,0.8127851896918865,0.1,0.40639259484594326,2020-08-28 20:48:08.643737832,64.579357798165,0
22113_2020-08-27 05:00:00,2020233N14313,22113,Vermilion,2020-08-27 05:00:00,70,56952,23013.0,1334.16666666667,70,31.5272509320219,1795539.99508051,2.91666666666667,2020,8,38.10719552293703,12.053188829377566,222.1639961571734,997.7265444435324,188,168,64.579357798165,0,2020-08-29 21:34:45.688073394,39.80240103828667,0,0.8127851896918865,0.1,0.40639259484594326,2020-08-28 20:48:08.643737832,64.579357798165,0
22113_2020-08-27 05:00:00,2020233N14313,22113,Vermilion,2020-08-27 05:00:00,70,56952,23013.0,1334.16666666667,70,31.5272509320219,1795539.99508051,2.91666666666667,2020,8,38.10719552293703,12.053188829377566,222.1639961571734,997.7265444435324,188,168,64.579357798165,0,2020-08-29 21:34:45.688073394,39.80240103828667,0,0.8127851896918865,0.1,0.40639259484594326,2020-08-28 20:48:08.643737832,64.579357798165,0
22113_2020-08-27 05:00:00,2020233N14313,22113,Vermilion,2020-08-27 05:00:00,70,56952,23013.0,1334.16666666667,70,31.5272509320219,1795539.99508051,2.91666666666667,2020,8,38.10719552293703,12.053188829377566,222.1639961571734,997.7265444435324,188,168,64.579357798165,0,2020-08-29 21:34:45.688073394,39.80240103828667,0,0.8127851896918865,0.1,0.40639259484594326,2020-08-28 20:48:08.643737832,64.579357798165,0
22077_2020-08-27 05:00:00,2020233N14313,22077,Pointe Coupee,2020-08-27 05:00:00,41,20151,5078.0,1334.16666666667,41,4.42674281213076,89203.2944072469,1.70833333333333,2020,8,31.614778744031312,12.381154764464833,76.19311482556267,1002.6792564747432,130,130,16.520754716981113,0,2020-08-27 21:31:14.716981132,11.876549586776667,0,0.3341866876723119,0.1,0.16709334383615596,2020-08-27 16:52:35.578512396,16.520754716981113,0
22077_2020-08-27 05:00:00,2020233N14313,22077,Pointe Coupee,2020-08-27 05:00:00,41,20151,5078.0,1334.16666666667,41,4.42674281213076,89203.2944072469,1.70833333333333,2020,8,31.614778744031312,12.381154764464833,76.19311482556267,1002.6792564747432,130,130,16.520754716981113,0,2020-08-27 21:31:14.716981132,11.876549586776667,0,0.3341866876723119,0.1,0.16709334383615596,2020-08-27 16:52:35.578512396,16.520754716981113,0
22077_2020-08-27 05:00:00,2020233N14313,22077,Pointe Coupee,2020-08-27 05:00:00,41,20151,5078.0,1334.16666666667,41,4.42674281213076,89203.2944072469,1.70833333333333,2020,8,31.614778744031312,12.381154764464833,76.19311482556267,1002.6792564747432,130,130,16.520754716981113,0,2020-08-27 21:31:14.716981132,11.876549586776667,0,0.3341866876723119,0.1,0.16709334383615596,2020-08-27 16:52:35.578512396,16.520754716981113,0
22077_2020-08-27 05:00:00,2020233N14313,22077,Pointe Coupee,2020-08-27 05:00:00,41,20151,5078.0,1334.16666666667,41,4.42674281213076,89203.2944072469,1.70833333333333,2020,8,31.614778744031312,12.381154764464833,76.19311482556267,1002.6792564747432,130,130,16.520754716981113,0,2020-08-27 21:31:14.716981132,11.876549586776667,0,0.3341866876723119,0.1,0.16709334383615596,2020-08-27 16:52:35.578512396,16.520754716981113,0
22019_2020-08-27 05:00:00,2020233N14313,22019,Calcasieu,2020-08-27 05:00:00,690,202418,104854.0,1334.16666666667,690,451.662331760696,91424585.8703366,28.75,2020,8,31.47854594520432,10.526938169408279,186.99617635437676,981.556572568791,1428,168,622.9495384615383,0,2020-09-22 03:56:58.338461538,473.055584296985,0,0.9820822367166342,0.1,0.4910411183583171,2020-09-15 22:03:20.103469146,622.9495384615383,0
22019_2020-08-27 05:00:00,2020233N14313,22019,Calcasieu,2020-08-27 05:00:00,690,202418,104854.0,1334.16666666667,690,451.662331760696,91424585.8703366,28.75,2020,8,31.47854594520432,10.526938169408279,186.99617635437676,981.556572568791,1428,168,622.9495384615383,0,2020-09-22 03:56:58.338461538,473.055584296985,0,0.9820822367166342,0.1,0.4910411183583171,2020-09-15 22:03:20.103469146,622.9495384615383,0
22019_2020-08-27 05:00:00,2020233N14313,22019,Calcasieu,2020-08-27 05:00:00,690,202418,104854.0,1334.16666666667,690,451.662331760696,91424585.8703366,28.75,2020,8,31.47854594520432,10.526938169408279,186.99617635437676,981.556572568791,1428,168,622.9495384615383,0,2020-09-22 03:56:58.338461538,473.055584296985,0,0.9820822367166342,0.1,0.4910411183583171,2020-09-15 22:03:20.103469146,622.9495384615383,0
22019_2020-08-27 05:00:00,2020233N14313,22019,Calcasieu,2020-08-27 05:00:00,690,202418,104854.0,1334.16666666667,690,451.662331760696,91424585.8703366,28.75,2020,8,31.47854594520432,10.526938169408279,186.99617635437676,981.556572568791,1428,168,622.9495384615383,0,2020-09-22 03:56:58.338461538,473.055584296985,0,0.9820822367166342,0.1,0.4910411183583171,2020-09-15 22:03:20.103469146,622.9495384615383,0
22023_2020-08-27 05:00:00,2020233N14313,22023,Cameron,2020-08-27 05:00:00,620,4902,2040.5,1334.16666666667,620,514.150155998121,2520364.06470279,25.8333333333333,2020,8,39.07776729647451,12.203065865075851,200.10217985173298,984.242962511417,1288,168,618.1720430107525,0,2020-09-21 23:10:19.354838709,587.1472772277225,0,1.0,0.1,0.5,2020-09-20 16:08:50.198019801,618.1720430107525,0
22023_2020-08-27 05:00:00,2020233N14313,22023,Cameron,2020-08-27 05:00:00,620,4902,2040.5,1334.16666666667,620,514.150155998121,2520364.06470279,25.8333333333333,2020,8,39.07776729647451,12.203065865075851,200.10217985173298,984.242962511417,1288,168,618.1720430107525,0,2020-09-21 23:10:19.354838709,587.1472772277225,0,1.0,0.1,0.5,2020-09-20 16:08:50.198019801,618.1720430107525,0
22023_2020-08-27 05:00:00,2020233N14313,22023,Cameron,2020-08-27 05:00:00,620,4902,2040.5,1334.16666666667,620,514.150155998121,2520364.06470279,25.8333333333333,2020,8,39.07776729647451,12.203065865075851,200.10217985173298,984.242962511417,1288,168,618.1720430107525,0,2020-09-21 23:10:19.354838709,587.1472772277225,0,1.0,0.1,0.5,2020-09-20 16:08:50.198019801,618.1720430107525,0
22023_2020-08-27 05:00:00,2020233N14313,22023,Cameron,2020-08-27 05:00:00,620,4902,2040.5,1334.16666666667,620,514.150155998121,2520364.06470279,25.8333333333333,2020,8,39.07776729647451,12.203065865075851,200.10217985173298,984.242962511417,1288,168,618.1720430107525,0,2020-09-21 23:10:19.354838709,587.1472772277225,0,1.0,0.1,0.5,2020-09-20 16:08:50.198019801,618.1720430107525,0
22011_2020-08-27 06:00:00,2020233N14313,22011,Beauregard,2020-08-27 06:00:00,807,36570,22189.0,1334.20833333333,807,335.217536540899,12258905.3113007,33.625,2020,8,33.61634225510714,10.13322660215915,282.5635680659234,983.8945095257676,1662,168,637.6889298892988,0,2020-09-22 19:41:20.147601476,377.6104661921378,0,0.9065302627428005,0.1,0.45326513137140023,2020-09-11 23:36:37.678291696,637.6889298892988,0
22011_2020-08-27 06:00:00,2020233N14313,22011,Beauregard,2020-08-27 06:00:00,807,36570,22189.0,1334.20833333333,807,335.217536540899,12258905.3113007,33.625,2020,8,33.61634225510714,10.13322660215915,282.5635680659234,983.8945095257676,1662,168,637.6889298892988,0,2020-09-22 19:41:20.147601476,377.6104661921378,0,0.9065302627428005,0.1,0.45326513137140023,2020-09-11 23:36:37.678291696,637.6889298892988,0
22011_2020-08-27 06:00:00,2020233N14313,22011,Beauregard,2020-08-27 06:00:00,807,36570,22189.0,1334.20833333333,807,335.217536540899,12258905.3113007,33.625,2020,8,33.61634225510714,10.13322660215915,282.5635680659234,983.8945095257676,1662,168,637.6889298892988,0,2020-09-22 19:41:20.147601476,377.6104661921378,0,0.9065302627428005,0.1,0.45326513137140023,2020-09-11 23:36:37.678291696,637.6889298892988,0
22011_2020-08-27 06:00:00,2020233N14313,22011,Beauregard,2020-08-27 06:00:00,807,36570,22189.0,1334.20833333333,807,335.217536540899,12258905.3113007,33.625,2020,8,33.61634225510714,10.13322660215915,282.5635680659234,983.8945095257676,1662,168,637.6889298892988,0,2020-09-22 19:41:20.147601476,377.6104661921378,0,0.9065302627428005,0.1,0.45326513137140023,2020-09-11 23:36:37.678291696,637.6889298892988,0
22003_2020-08-27 06:00:00,2020233N14313,22003,Allen,2020-08-27 06:00:00,662,22320,12728.0,1334.20833333333,662,231.135772613878,5158950.44474177,27.5833333333333,2020,8,40.88653821805876,11.289039040504397,290.79550756005494,987.5040647825364,1372,168,518.7449115044247,0,2020-09-17 20:44:41.681415929,201.69486565053415,0,0.90901948460088,0.1,0.45450974230044,2020-09-04 15:41:41.516341923,518.7449115044247,0
22003_2020-08-27 06:00:00,2020233N14313,22003,Allen,2020-08-27 06:00:00,662,22320,12728.0,1334.20833333333,662,231.135772613878,5158950.44474177,27.5833333333333,2020,8,40.88653821805876,11.289039040504397,290.79550756005494,987.5040647825364,1372,168,518.7449115044247,0,2020-09-17 20:44:41.681415929,201.69486565053415,0,0.90901948460088,0.1,0.45450974230044,2020-09-04 15:41:41.516341923,518.7449115044247,0
22003_2020-08-27 06:00:00,2020233N14313,22003,Allen,2020-08-27 06:00:00,662,22320,12728.0,1334.20833333333,662,231.135772613878,5158950.44474177,27.5833333333333,2020,8,40.88653821805876,11.289039040504397,290.79550756005494,987.5040647825364,1372,168,518.7449115044247,0,2020-09-17 20:44:41.681415929,201.69486565053415,0,0.90901948460088,0.1,0.45450974230044,2020-09-04 15:41:41.516341923,518.7449115044247,0
22003_2020-08-27 06:00:00,2020233N14313,22003,Allen,2020-08-27 06:00:00,662,22320,12728.0,1334.20833333333,662,231.135772613878,5158950.44474177,27.5833333333333,2020,8,40.88653821805876,11.289039040504397,290.79550756005494,987.5040647825364,1372,168,518.7449115044247,0,2020-09-17 20:44:41.681415929,201.69486565053415,0,0.90901948460088,0.1,0.45450974230044,2020-09-04 15:41:41.516341923,518.7449115044247,0
22053_2020-08-27 06:00:00,2020233N14313,22053,Jefferson Davis,2020-08-27 06:00:00,396,32026,12516.0,1334.20833333333,396,137.260247469913,4395896.68547143,16.5,2020,8,39.8226335200557,11.275166086166626,253.76035814897884,985.828064351852,840,168,259.95442247658667,0,2020-09-07 01:57:15.920915712,112.70829039204334,0,0.9447906679450304,0.1,0.4723953339725152,2020-08-31 22:42:29.845411356,259.95442247658667,0
22053_2020-08-27 06:00:00,2020233N14313,22053,Jefferson Davis,2020-08-27 06:00:00,396,32026,12516.0,1334.20833333333,396,137.260247469913,4395896.68547143,16.5,2020,8,39.8226335200557,11.275166086166626,253.76035814897884,985.828064351852,840,168,259.95442247658667,0,2020-09-07 01:57:15.920915712,112.70829039204334,0,0.9447906679450304,0.1,0.4723953339725152,2020-08-31 22:42:29.845411356,259.95442247658667,0
22053_2020-08-27 06:00:00,2020233N14313,22053,Jefferson Davis,2020-08-27 06:00:00,396,32026,12516.0,1334.20833333333,396,137.260247469913,4395896.68547143,16.5,2020,8,39.8226335200557,11.275166086166626,253.76035814897884,985.828064351852,840,168,259.95442247658667,0,2020-09-07 01:57:15.920915712,112.70829039204334,0,0.9447906679450304,0.1,0.4723953339725152,2020-08-31 22:42:29.845411356,259.95442247658667,0
22053_2020-08-27 06:00:00,2020233N14313,22053,Jefferson Davis,2020-08-27 06:00:00,396,32026,12516.0,1334.20833333333,396,137.260247469913,4395896.68547143,16.5,2020,8,39.8226335200557,11.275166086166626,253.76035814897884,985.828064351852,840,168,259.95442247658667,0,2020-09-07 01:57:15.920915712,112.70829039204334,0,0.9447906679450304,0.1,0.4723953339725152,2020-08-31 22:42:29.845411356,259.95442247658667,0
22001_2020-08-27 06:00:00,2020233N14313,22001,Acadia,2020-08-27 06:00:00,67,56744,28222.0,1334.20833333333,67,31.4438861450303,1784251.8754136,2.79166666666667,2020,8,39.9112806213379,11.292014164715722,279.076051157713,994.0202285,182,168,65.42203672787973,0,2020-08-29 23:25:19.332220367,38.7092024539875,0,0.8351936501187059,0.1,0.41759682505935297,2020-08-28 20:42:33.128834355,65.42203672787973,0
22001_2020-08-27 06:00:00,2020233N14313,22001,Acadia,2020-08-27 06:00:00,67,56744,28222.0,1334.20833333333,67,31.4438861450303,1784251.8754136,2.79166666666667,2020,8,39.9112806213379,11.292014164715722,279.076051157713,994.0202285,182,168,65.42203672787973,0,2020-08-29 23:25:19.332220367,38.7092024539875,0,0.8351936501187059,0.1,0.41759682505935297,2020-08-28 20:42:33.128834355,65.42203672787973,0
22001_2020-08-27 06:00:00,2020233N14313,22001,Acadia,2020-08-27 06:00:00,67,56744,28222.0,1334.20833333333,67,31.4438861450303,1784251.8754136,2.79166666666667,2020,8,39.9112806213379,11.292014164715722,279.076051157713,994.0202285,182,168,65.42203672787973,0,2020-08-29 23:25:19.332220367,38.7092024539875,0,0.8351936501187059,0.1,0.41759682505935297,2020-08-28 20:42:33.128834355,65.42203672787973,0
22001_2020-08-27 06:00:00,2020233N14313,22001,Acadia,2020-08-27 06:00:00,67,56744,28222.0,1334.20833333333,67,31.4438861450303,1784251.8754136,2.79166666666667,2020,8,39.9112806213379,11.292014164715722,279.076051157713,994.0202285,182,168,65.42203672787973,0,2020-08-29 23:25:19.332220367,38.7092024539875,0,0.8351936501187059,0.1,0.41759682505935297,2020-08-28 20:42:33.128834355,65.42203672787973,0
22039_2020-08-27 07:00:00,2020233N14313,22039,Evangeline,2020-08-27 07:00:00,90,31986,18128.0,1334.25,90,25.5320845668923,816669.256956616,3.75,2020,8,39.690526309983554,11.36236252940693,240.39654446628703,995.6655218479438,228,168,65.1402730375425,0,2020-08-30 00:08:24.982935153,32.37658227848083,0,0.776202559576346,0.1,0.388101279788173,2020-08-28 15:22:35.696202531,65.1402730375425,0
22039_2020-08-27 07:00:00,2020233N14313,22039,Evangeline,2020-08-27 07:00:00,90,31986,18128.0,1334.25,90,25.5320845668923,816669.256956616,3.75,2020,8,39.690526309983554,11.36236252940693,240.39654446628703,995.6655218479438,228,168,65.1402730375425,0,2020-08-30 00:08:24.982935153,32.37658227848083,0,0.776202559576346,0.1,0.388101279788173,2020-08-28 15:22:35.696202531,65.1402730375425,0
22039_2020-08-27 07:00:00,2020233N14313,22039,Evangeline,2020-08-27 07:00:00,90,31986,18128.0,1334.25,90,25.5320845668923,816669.256956616,3.75,2020,8,39.690526309983554,11.36236252940693,240.39654446628703,995.6655218479438,228,168,65.1402730375425,0,2020-08-30 00:08:24.982935153,32.37658227848083,0,0.776202559576346,0.1,0.388101279788173,2020-08-28 15:22:35.696202531,65.1402730375425,0
22039_2020-08-27 07:00:00,2020233N14313,22039,Evangeline,2020-08-27 07:00:00,90,31986,18128.0,1334.25,90,25.5320845668923,816669.256956616,3.75,2020,8,39.690526309983554,11.36236252940693,240.39654446628703,995.6655218479438,228,168,65.1402730375425,0,2020-08-30 00:08:24.982935153,32.37658227848083,0,0.776202559576346,0.1,0.388101279788173,2020-08-28 15:22:35.696202531,65.1402730375425,0
48361_2020-08-27 07:00:00,2020233N14313,48361,Orange,2020-08-27 07:00:00,227,84934,40914.0,1334.25,227,131.915158120349,11204082.0397937,9.45833333333333,2020,8,28.69440802739264,9.804223699295111,150.39481593714666,987.8034982638892,502,168,211.25656565656556,0,2020-09-05 02:15:23.636363636,138.70283811036415,0,0.9461064672239331,0.1,0.47305323361196655,2020-09-02 01:42:10.217197311,211.25656565656556,0
48361_2020-08-27 07:00:00,2020233N14313,48361,Orange,2020-08-27 07:00:00,227,84934,40914.0,1334.25,227,131.915158120349,11204082.0397937,9.45833333333333,2020,8,28.69440802739264,9.804223699295111,150.39481593714666,987.8034982638892,502,168,211.25656565656556,0,2020-09-05 02:15:23.636363636,138.70283811036415,0,0.9461064672239331,0.1,0.47305323361196655,2020-09-02 01:42:10.217197311,211.25656565656556,0
48361_2020-08-27 07:00:00,2020233N14313,48361,Orange,2020-08-27 07:00:00,227,84934,40914.0,1334.25,227,131.915158120349,11204082.0397937,9.45833333333333,2020,8,28.69440802739264,9.804223699295111,150.39481593714666,987.8034982638892,502,168,211.25656565656556,0,2020-09-05 02:15:23.636363636,138.70283811036415,0,0.9461064672239331,0.1,0.47305323361196655,2020-09-02 01:42:10.217197311,211.25656565656556,0
48361_2020-08-27 07:00:00,2020233N14313,48361,Orange,2020-08-27 07:00:00,227,84934,40914.0,1334.25,227,131.915158120349,11204082.0397937,9.45833333333333,2020,8,28.69440802739264,9.804223699295111,150.39481593714666,987.8034982638892,502,168,211.25656565656556,0,2020-09-05 02:15:23.636363636,138.70283811036415,0,0.9461064672239331,0.1,0.47305323361196655,2020-09-02 01:42:10.217197311,211.25656565656556,0
22045_2020-08-27 07:00:00,2020233N14313,22045,Iberia,2020-08-27 07:00:00,56,68327,34795.0,1334.25,56,12.6277553574616,862816.640309281,2.33333333333333,2020,8,29.48037025902245,11.894376457668283,157.01807325181957,1003.346073338964,160,160,41.50443131462333,0,2020-08-29 00:30:15.952732644,16.64966740576472,0,0.5598505532404081,0.1,0.27992527662020406,2020-08-27 23:38:58.802660753,41.50443131462333,0
22045_2020-08-27 07:00:00,2020233N14313,22045,Iberia,2020-08-27 07:00:00,56,68327,34795.0,1334.25,56,12.6277553574616,862816.640309281,2.33333333333333,2020,8,29.48037025902245,11.894376457668283,157.01807325181957,1003.346073338964,160,160,41.50443131462333,0,2020-08-29 00:30:15.952732644,16.64966740576472,0,0.5598505532404081,0.1,0.27992527662020406,2020-08-27 23:38:58.802660753,41.50443131462333,0
22045_2020-08-27 07:00:00,2020233N14313,22045,Iberia,2020-08-27 07:00:00,56,68327,34795.0,1334.25,56,12.6277553574616,862816.640309281,2.33333333333333,2020,8,29.48037025902245,11.894376457668283,157.01807325181957,1003.346073338964,160,160,41.50443131462333,0,2020-08-29 00:30:15.952732644,16.64966740576472,0,0.5598505532404081,0.1,0.27992527662020406,2020-08-27 23:38:58.802660753,41.50443131462333,0
22045_2020-08-27 07:00:00,2020233N14313,22045,Iberia,2020-08-27 07:00:00,56,68327,34795.0,1334.25,56,12.6277553574616,862816.640309281,2.33333333333333,2020,8,29.48037025902245,11.894376457668283,157.01807325181957,1003.346073338964,160,160,41.50443131462333,0,2020-08-29 00:30:15.952732644,16.64966740576472,0,0.5598505532404081,0.1,0.27992527662020406,2020-08-27 23:38:58.802660753,41.50443131462333,0
22055_2020-08-27 07:00:00,2020233N14313,22055,Lafayette,2020-08-27 07:00:00,43,247866,57033.0,1334.25,43,10.081138667115,2498771.51686312,1.79166666666667,2020,8,35.29928922827864,12.400645432741527,140.65422932361508,999.1237897779304,134,134,27.73386581469639,0,2020-08-28 10:44:01.916932907,13.451047186474723,0,0.587011028702681,0.1,0.2935055143513405,2020-08-27 20:27:03.769871309,27.73386581469639,0
22055_2020-08-27 07:00:00,2020233N14313,22055,Lafayette,2020-08-27 07:00:00,43,247866,57033.0,1334.25,43,10.081138667115,2498771.51686312,1.79166666666667,2020,8,35.29928922827864,12.400645432741527,140.65422932361508,999.1237897779304,134,134,27.73386581469639,0,2020-08-28 10:44:01.916932907,13.451047186474723,0,0.587011028702681,0.1,0.2935055143513405,2020-08-27 20:27:03.769871309,27.73386581469639,0
22055_2020-08-27 07:00:00,2020233N14313,22055,Lafayette,2020-08-27 07:00:00,43,247866,57033.0,1334.25,43,10.081138667115,2498771.51686312,1.79166666666667,2020,8,35.29928922827864,12.400645432741527,140.65422932361508,999.1237897779304,134,134,27.73386581469639,0,2020-08-28 10:44:01.916932907,13.451047186474723,0,0.587011028702681,0.1,0.2935055143513405,2020-08-27 20:27:03.769871309,27.73386581469639,0
22055_2020-08-27 07:00:00,2020233N14313,22055,Lafayette,2020-08-27 07:00:00,43,247866,57033.0,1334.25,43,10.081138667115,2498771.51686312,1.79166666666667,2020,8,35.29928922827864,12.400645432741527,140.65422932361508,999.1237897779304,134,134,27.73386581469639,0,2020-08-28 10:44:01.916932907,13.451047186474723,0,0.587011028702681,0.1,0.2935055143513405,2020-08-27 20:27:03.769871309,27.73386581469639,0
48245_2020-08-27 07:00:00,2020233N14313,48245,Jefferson,2020-08-27 07:00:00,140,250830,117219.0,1334.25,140,45.3042462354069,11363664.0832271,5.83333333333333,2020,8,28.854214928208854,9.499539166767768,65.78808714174676,992.2253635625568,164,164,115.08469241773945,0,2020-09-01 02:05:04.892703862,57.493501560755,0,0.7614123990138117,0.1,0.3807061995069059,2020-08-29 16:29:36.605618718,115.08469241773945,0
22097_2020-08-27 08:00:00,2020233N14313,22097,St. Landry,2020-08-27 08:00:00,43,81773,46265.0,1334.29166666667,43,8.74351882515224,714983.764889174,1.79166666666667,2020,8,35.81764560620767,12.232006516089475,125.62773944092075,1000.4230790241588,134,134,38.66211878009611,0,2020-08-28 22:39:43.627608346,14.252978276103612,0,0.4155625202636983,0.1,0.20778126013184914,2020-08-27 22:15:10.721793973,38.66211878009611,0
22097_2020-08-27 08:00:00,2020233N14313,22097,St. Landry,2020-08-27 08:00:00,43,81773,46265.0,1334.29166666667,43,8.74351882515224,714983.764889174,1.79166666666667,2020,8,35.81764560620767,12.232006516089475,125.62773944092075,1000.4230790241588,134,134,38.66211878009611,0,2020-08-28 22:39:43.627608346,14.252978276103612,0,0.4155625202636983,0.1,0.20778126013184914,2020-08-27 22:15:10.721793973,38.66211878009611,0
22097_2020-08-27 08:00:00,2020233N14313,22097,St. Landry,2020-08-27 08:00:00,43,81773,46265.0,1334.29166666667,43,8.74351882515224,714983.764889174,1.79166666666667,2020,8,35.81764560620767,12.232006516089475,125.62773944092075,1000.4230790241588,134,134,38.66211878009611,0,2020-08-28 22:39:43.627608346,14.252978276103612,0,0.4155625202636983,0.1,0.20778126013184914,2020-08-27 22:15:10.721793973,38.66211878009611,0
22097_2020-08-27 08:00:00,2020233N14313,22097,St. Landry,2020-08-27 08:00:00,43,81773,46265.0,1334.29166666667,43,8.74351882515224,714983.764889174,1.79166666666667,2020,8,35.81764560620767,12.232006516089475,125.62773944092075,1000.4230790241588,134,134,38.66211878009611,0,2020-08-28 22:39:43.627608346,14.252978276103612,0,0.4155625202636983,0.1,0.20778126013184914,2020-08-27 22:15:10.721793973,38.66211878009611,0
22115_2020-08-27 09:00:00,2020233N14313,22115,Vernon,2020-08-27 09:00:00,468,47247,19207.0,1334.33333333333,468,207.379692273512,9798068.32084662,19.5,2020,8,39.20255996782123,8.958603884117338,175.05436155188573,984.784859614682,492,168,391.09177643289416,0,2020-09-12 16:05:30.395158419,224.8112806914453,0,0.9151954359725541,0.1,0.4575977179862771,2020-09-05 17:48:40.610489203,391.09177643289416,0
22043_2020-08-27 09:00:00,2020233N14313,22043,Grant,2020-08-27 09:00:00,318,22000,10602.0,1334.33333333333,318,191.559863733494,4214317.00213687,13.25,2020,8,39.95889670893831,8.875000474044155,128.67572751566658,989.2095262608854,342,168,300.5277777777775,0,2020-09-08 21:31:39.999999999,204.0450409177064,0,0.9692510847009999,0.1,0.4846255423504999,2020-09-04 21:02:42.147303743,300.5277777777775,0
48199_2020-08-27 09:00:00,2020233N14313,48199,Hardin,2020-08-27 09:00:00,37,57811,28817.0,1334.33333333333,37,8.59381307264405,496816.927542625,1.54166666666667,2020,8,24.505922573937312,9.744352095331214,59.32431949457774,995.355071527778,61,61,33.13578076525334,0,2020-08-28 18:08:08.810754912,20.774436090225556,0,0.3815803171738904,0.1,0.1907901585869452,2020-08-28 05:46:27.969924812,33.13578076525334,0
22099_2020-08-27 09:00:00,2020233N14313,22099,St. Martin,2020-08-27 09:00:00,40,51236,25148.0,1334.33333333333,40,7.99627858479869,409697.329570746,1.66666666666667,2020,8,28.74148298577119,11.7214681624961,81.87861781226579,1003.5142112175524,128,128,31.0988290398125,0,2020-08-28 16:05:55.784543325,12.644427001569722,0,0.4443295689518053,0.1,0.22216478447590265,2020-08-27 21:38:39.937205651,31.0988290398125,0
22099_2020-08-27 09:00:00,2020233N14313,22099,St. Martin,2020-08-27 09:00:00,40,51236,25148.0,1334.33333333333,40,7.99627858479869,409697.329570746,1.66666666666667,2020,8,28.74148298577119,11.7214681624961,81.87861781226579,1003.5142112175524,128,128,31.0988290398125,0,2020-08-28 16:05:55.784543325,12.644427001569722,0,0.4443295689518053,0.1,0.22216478447590265,2020-08-27 21:38:39.937205651,31.0988290398125,0
22099_2020-08-27 09:00:00,2020233N14313,22099,St. Martin,2020-08-27 09:00:00,40,51236,25148.0,1334.33333333333,40,7.99627858479869,409697.329570746,1.66666666666667,2020,8,28.74148298577119,11.7214681624961,81.87861781226579,1003.5142112175524,128,128,31.0988290398125,0,2020-08-28 16:05:55.784543325,12.644427001569722,0,0.4443295689518053,0.1,0.22216478447590265,2020-08-27 21:38:39.937205651,31.0988290398125,0
22099_2020-08-27 09:00:00,2020233N14313,22099,St. Martin,2020-08-27 09:00:00,40,51236,25148.0,1334.33333333333,40,7.99627858479869,409697.329570746,1.66666666666667,2020,8,28.74148298577119,11.7214681624961,81.87861781226579,1003.5142112175524,128,128,31.0988290398125,0,2020-08-28 16:05:55.784543325,12.644427001569722,0,0.4443295689518053,0.1,0.22216478447590265,2020-08-27 21:38:39.937205651,31.0988290398125,0
22079_2020-08-27 09:00:00,2020233N14313,22079,Rapides,2020-08-27 09:00:00,352,127189,44052.0,1334.33333333333,352,135.463326782932,17229445.0701943,14.6666666666667,2020,8,38.95220892243227,9.075334818394001,127.90057293821448,991.1643860362456,376,168,255.34594594594583,0,2020-09-07 00:20:45.405405405,132.6390258022536,0,0.9532370834468356,0.1,0.4766185417234178,2020-09-01 21:38:20.492888113,255.34594594594583,0
22069_2020-08-27 10:00:00,2020233N14313,22069,Natchitoches,2020-08-27 10:00:00,360,36663,13174.0,1334.375,360,174.933139528627,6413573.69453804,15.0,2020,8,36.46881648388859,8.62315793883907,169.43247418500965,985.8278822437736,384,168,358.8461672473867,0,2020-09-11 08:50:46.202090592,174.7866759516464,0,0.9880094103361918,0.1,0.4940047051680959,2020-09-03 16:47:12.033425927,358.8461672473867,0
48457_2020-08-27 10:00:00,2020233N14313,48457,Tyler,2020-08-27 10:00:00,37,20030,12950.0,1334.375,37,11.5284455539537,230914.764445693,1.54166666666667,2020,8,25.206717290485244,9.721028130855082,61.883980162348806,996.2057518472072,61,61,35.89584295612,0,2020-08-28 21:53:45.034642032,19.89954337899528,0,0.5258687258687259,0.1,0.26293436293436295,2020-08-28 05:53:58.356164383,35.89584295612,0
22009_2020-08-27 10:00:00,2020233N14313,22009,Avoyelles,2020-08-27 10:00:00,104,38751,21759.0,1334.375,104,25.0843527277555,972043.752553252,4.33333333333333,2020,8,38.60494898437361,9.082877606939558,72.61659268507684,999.6289352780964,128,128,62.91749999999972,0,2020-08-30 00:55:02.999999999,24.81962653953111,0,0.7661197665333885,0.1,0.38305988326669427,2020-08-28 10:49:10.655542312,62.91749999999972,0
22081_2020-08-27 12:00:00,2020233N14313,22081,Red River,2020-08-27 12:00:00,127,7420,5064.0,1334.45833333333,127,57.774689736902,428688.197847813,5.29166666666667,2020,8,35.93783474638535,8.266231034299267,175.38368540098435,990.4819783738292,151,151,125.19799331103667,0,2020-09-01 17:11:52.775919732,84.30397283486444,0,0.7851500789889415,0.1,0.39257503949447076,2020-08-31 00:18:14.302205512,125.19799331103667,0
22127_2020-08-27 12:00:00,2020233N14313,22127,Winn,2020-08-27 12:00:00,279,13205,5371.0,1334.45833333333,279,183.520882085813,2423393.24794316,11.625,2020,8,37.73271741196592,8.778629176770231,128.2046347835022,989.5885862080276,303,168,245.1207547169811,0,2020-09-06 17:07:14.716981132,203.36747493398138,0,0.9655493482309124,0.1,0.4827746741154562,2020-09-04 23:22:02.909762333,245.1207547169811,0
22031_2020-08-27 13:00:00,2020233N14313,22031,De Soto,2020-08-27 13:00:00,152,26853,14594.0,1334.5,152,29.9514375284708,804285.951952027,6.33333333333333,2020,8,31.334609535064363,8.402511571324483,156.38581413064225,995.1109185342428,176,168,98.74514767932472,0,2020-08-31 15:44:42.531645569,56.63684210526306,0,0.5201452651774702,0.1,0.2600726325887351,2020-08-29 21:38:12.631578947,98.74514767932472,0
22059_2020-08-27 13:00:00,2020233N14313,22059,LaSalle,2020-08-27 13:00:00,203,14729,5841.0,1334.5,203,110.663546380593,1629963.37463976,8.45833333333333,2020,8,40.07905513170528,8.953986662415682,87.22603535743926,996.5224596774194,227,168,180.41052631578944,0,2020-09-04 01:24:37.894736842,123.4862517809825,0,0.9044684129429892,0.1,0.4522342064714946,2020-09-01 16:29:10.506411537,180.41052631578944,0
22049_2020-08-27 13:00:00,2020233N14313,22049,Jackson,2020-08-27 13:00:00,203,14839,9020.0,1334.5,203,99.3322284610464,1473990.93813347,8.45833333333333,2020,8,37.30259084372684,8.816080562263872,111.8001764752613,992.0879967672412,227,168,179.60923076923055,0,2020-09-04 00:36:33.230769230,102.43246310608056,0,0.9393872113676732,0.1,0.4696936056838366,2020-08-31 19:25:56.867181890,179.60923076923055,0
28001_2020-08-27 14:00:00,2020233N14313,28001,Adams,2020-08-27 14:00:00,29,28408,17235.8,1334.54166666667,29,3.41250544614117,96942.4547139783,1.20833333333333,2020,8,32.26207581265638,12.754086165095954,13.502291130573466,1005.0029522021384,53,53,11.707739307535556,0,2020-08-28 01:42:27.861507128,10.080357142856945,0,0.2463011314186249,0.1,0.12315056570931245,2020-08-28 00:04:49.285714285,11.707739307535556,0
22027_2020-08-27 14:00:00,2020233N14313,22027,Claiborne,2020-08-27 14:00:00,207,13744,9099.0,1334.54166666667,207,40.0365808878857,550262.767723102,8.625,2020,8,33.018012196504614,8.154313156610515,130.8296948624185,993.3797040150316,231,168,153.3817204301075,0,2020-09-02 23:22:54.193548387,29.2796150340325,0,0.8234970875920431,0.1,0.41174854379602155,2020-08-28 19:16:46.614122517,153.3817204301075,0
22073_2020-08-27 14:00:00,2020233N14313,22073,Ouachita,2020-08-27 14:00:00,157,157702,80269.0,1334.54166666667,157,63.9625623041135,10087024.0004833,6.54166666666667,2020,8,37.36612903924636,8.776552697311844,83.38163766785766,996.2646025028936,181,168,131.83361045130638,0,2020-09-02 01:50:00.997624703,82.80640679703973,0,0.7557338449463679,0.1,0.37786692247318393,2020-08-31 00:48:23.064469343,131.83361045130638,0
28157_2020-08-27 14:00:00,2020233N14313,28157,Wilkinson,2020-08-27 14:00:00,36,8143,5991.0,1334.54166666667,36,7.63610275633877,62180.7847448666,1.5,2020,8,30.226958096990156,11.563363493183227,26.906610375595733,1004.8093200486416,60,60,32.46666666666639,0,2020-08-28 22:27:59.999999999,27.2583192971275,0,0.3660490736104156,0.1,0.1830245368052078,2020-08-28 17:15:29.949469659,32.46666666666639,0
22021_2020-08-27 14:00:00,2020233N14313,22021,Caldwell,2020-08-27 14:00:00,157,9554,6198.0,1334.54166666667,157,81.1712354153964,775509.983158697,6.54166666666667,2020,8,38.75326814597201,8.860474445540442,83.34385963294662,996.541212049336,181,168,149.72420382165583,0,2020-09-02 19:43:27.133757961,62.202970297029445,0,0.9932290827019185,0.1,0.4966145413509592,2020-08-30 04:12:10.693069306,149.72420382165583,0
22013_2020-08-27 14:00:00,2020233N14313,22013,Bienville,2020-08-27 14:00:00,208,12641,9079.0,1334.54166666667,208,47.7526819670311,603641.65274524,8.66666666666667,2020,8,36.3631893097994,8.447741026464312,149.56206830720694,991.041054545798,232,168,154.53124999999972,0,2020-09-03 00:31:52.499999999,54.44699678889334,0,0.638396299151889,0.1,0.3191981495759445,2020-08-29 20:26:49.188440016,154.53124999999972,0
48419_2020-08-27 14:00:00,2020233N14313,48419,Shelby,2020-08-27 14:00:00,77,24008,4069.0,1334.54166666667,77,21.8710032389991,525079.045761889,3.20833333333333,2020,8,24.84192292960349,7.8819892579122355,86.68538580742754,999.775810368453,101,101,54.23308823529389,0,2020-08-29 20:13:59.117647058,32.4970080811875,0,0.6872640855499053,0.1,0.34363204277495263,2020-08-28 22:29:49.229092275,54.23308823529389,0
22061_2020-08-27 14:00:00,2020233N14313,22061,Lincoln,2020-08-27 14:00:00,197,48129,13256.0,1334.54166666667,197,87.1507867828236,4194480.21707052,8.20833333333333,2020,8,35.83743958859831,8.527176016916895,110.62779556330595,992.1065332911036,221,168,153.71731809981944,0,2020-09-02 23:43:02.345159350,102.22440029718416,0,0.8980838865419433,0.1,0.44904194327097163,2020-08-31 20:13:27.841069863,153.71731809981944,0
22029_2020-08-27 14:00:00,2020233N14313,22029,Concordia,2020-08-27 14:00:00,59,18116,5223.0,1334.54166666667,59,3.35807189147822,60834.8303860194,2.45833333333333,2020,8,36.08958272380545,10.250771611232615,27.708412914734215,1003.032548814946,83,83,10.989166666666666,0,2020-08-28 00:59:21.000000000,9.7087378640775,0,0.32586636032931265,0.1,0.16293318016465633,2020-08-27 23:42:31.456310679,10.989166666666666,0
22111_2020-08-27 14:00:00,2020233N14313,22111,Union,2020-08-27 14:00:00,269,20721,13695.0,1334.54166666667,269,106.740014961586,2211759.85001903,11.2083333333333,2020,8,34.7514348880432,8.388609105619604,96.3322211216723,994.2317597523984,293,168,195.96084869916638,0,2020-09-04 17:57:39.055316999,111.17322525066389,0,0.948302300109529,0.1,0.4741511500547645,2020-09-01 05:10:23.610902390,195.96084869916638,0
22017_2020-08-27 14:00:00,2020233N14313,22017,Caddo,2020-08-27 14:00:00,104,229025,114680.0,1334.54166666667,104,23.2205223484322,5318080.13084968,4.33333333333333,2020,8,25.449115053210974,7.614404830443119,105.76604193783552,1000.0128985114352,128,128,83.83106060606056,0,2020-08-31 01:49:51.818181818,57.43743482794556,0,0.39596267875828395,0.1,0.19798133937914197,2020-08-29 23:26:14.765380604,83.83106060606056,0
22041_2020-08-27 15:00:00,2020233N14313,22041,Franklin,2020-08-27 15:00:00,48,19308,7295.0,1334.58333333333,48,7.70239890335846,148717.918026045,2.0,2020,8,34.998303100352985,10.975121174170063,33.651997436207665,1001.3763222805344,72,72,31.758706467661668,0,2020-08-28 22:45:31.343283582,5.9954721862869444,0,0.45387251542152157,0.1,0.22693625771076079,2020-08-27 20:59:43.699870633,31.758706467661668,0
22083_2020-08-27 15:00:00,2020233N14313,22083,Richland,2020-08-27 15:00:00,79,19826,9035.0,1334.58333333333,79,18.8512239765709,373744.366559496,3.29166666666667,2020,8,36.35480397100034,9.409940530769731,45.40463563297753,1000.0598911684784,103,103,61.47345132743361,0,2020-08-30 04:28:24.424778761,33.974943052391666,0,0.47946873270614276,0.1,0.23973436635307138,2020-08-29 00:58:29.794988610,61.47345132743361,0
22119_2020-08-27 15:00:00,2020233N14313,22119,Webster,2020-08-27 15:00:00,83,35643,16440.0,1334.58333333333,83,15.1763471407081,540930.541136259,3.45833333333333,2020,8,31.423472003876974,8.265243522659802,128.67647157339698,995.3184867260971,107,107,56.418181818181665,0,2020-08-29 23:25:05.454545454,35.14896755162222,0,0.38838199513381993,0.1,0.19419099756690997,2020-08-29 02:08:56.283185840,56.418181818181665,0
22107_2020-08-27 15:00:00,2020233N14313,22107,Tensas,2020-08-27 15:00:00,35,3846,3679.0,1334.58333333333,35,5.75971731448763,22151.8727915194,1.45833333333333,2020,8,28.55187827506295,11.659924517271877,14.435017507517504,1004.2474569887248,59,59,26.565858585858333,0,2020-08-28 17:33:57.090909090,26.06565656565639,0,0.33460179396575157,0.1,0.16730089698287579,2020-08-28 17:03:56.363636363,26.565858585858333,0
22015_2020-08-27 15:00:00,2020233N14313,22015,Bossier,2020-08-27 15:00:00,83,129276,59078.0,1334.58333333333,83,19.4876166004522,2519281.12364006,3.45833333333333,2020,8,29.39458702925609,8.035150198958243,124.26687441682736,997.7975733954596,107,107,72.138095238095,0,2020-08-30 15:08:17.142857142,42.24583963691361,0,0.45220644243952807,0.1,0.22610322121976403,2020-08-29 09:14:45.022692889,72.138095238095,0
22067_2020-08-27 16:00:00,2020233N14313,22067,Morehouse,2020-08-27 16:00:00,106,24446,12864.0,1334.625,106,27.3856977858377,669470.768072589,4.41666666666667,2020,8,36.2313076344349,8.653436825733687,53.93195912454341,999.083243068609,130,130,82.75233644859806,0,2020-08-31 02:45:08.411214953,32.95550061804695,0,0.5506840796019901,0.1,0.27534203980099503,2020-08-29 00:57:19.802224969,82.75233644859806,0
48365_2020-08-27 16:00:00,2020233N14313,48365,Panola,2020-08-27 16:00:00,33,22677,11208.0,1334.625,33,4.10710929685117,93136.917524694,1.375,2020,8,20.492521243325672,8.183929308820607,56.50754952452226,1002.4639153599824,57,57,26.918422841604166,0,2020-08-28 18:55:06.322229775,26.743034650155,0,0.2460296216987866,0.1,0.1230148108493933,2020-08-28 18:44:34.924740558,26.918422841604166,0
05103_2020-08-27 17:00:00,2020233N14313,05103,Ouachita,2020-08-27 17:00:00,57,22049,15298.0,1334.66666666667,57,12.1599790344443,268115.377730463,2.375,2020,8,31.219852318868867,8.740190076796697,84.91257880361395,994.4468587872892,81,81,53.02846975088944,0,2020-08-29 22:01:42.491103202,23.183418693981945,0,0.42512093084063274,0.1,0.21256046542031637,2020-08-28 16:11:00.307298335,53.02846975088944,0
05139_2020-08-27 17:00:00,2020233N14313,05139,Union,2020-08-27 17:00:00,81,37752,23959.0,1334.66666666667,81,17.1621792103342,647906.589548536,3.375,2020,8,31.291468192191022,8.426194936731106,89.93831101590834,993.5461269673814,105,105,70.83891213389111,0,2020-08-30 15:50:20.083682008,52.78354655781139,0,0.3255978964063609,0.1,0.16279894820318044,2020-08-29 21:47:00.767608121,70.83891213389111,0
05027_2020-08-27 17:00:00,2020233N14313,05027,Columbia,2020-08-27 17:00:00,56,22216,17594.0,1334.66666666667,56,7.89872584052476,175478.093273098,2.33333333333333,2020,8,30.04497311504713,8.99770625999091,94.06928237215931,995.619239500332,80,80,33.884690553745834,0,2020-08-29 02:53:04.885993485,26.570444915254168,0,0.29424803910424013,0.1,0.14712401955212007,2020-08-28 19:34:13.601694915,33.884690553745834,0
05099_2020-08-27 18:00:00,2020233N14313,05099,Nevada,2020-08-27 18:00:00,70,8181,3615.0,1334.70833333333,70,6.58758244198343,53893.0119578664,2.91666666666667,2020,8,26.175110352039336,8.145687922312225,80.10199649434071,997.4676895751954,94,94,68.08856304985333,0,2020-08-30 14:05:18.826979472,4.759009009008889,0,0.3892116182572614,0.1,0.1946058091286307,2020-08-27 22:45:32.432432432,68.08856304985333,0
05013_2020-08-27 18:00:00,2020233N14313,05013,Calhoun,2020-08-27 18:00:00,26,4695,4335.0,1334.70833333333,26,4.57134081980958,21462.445149006,1.08333333333333,2020,8,32.770679220534454,11.653976226253363,82.48130707567884,994.1561127146944,50,50,21.421160409556112,0,2020-08-28 15:25:16.177474402,21.024744027303612,0,0.25357472324723246,0.1,0.12678736162361623,2020-08-28 15:01:29.078498293,21.421160409556112,0
05003_2020-08-27 18:00:00,2020233N14313,05003,Ashley,2020-08-27 18:00:00,73,18354,9029.0,1334.70833333333,73,21.9473721336944,402822.068141826,3.04166666666667,2020,8,33.30163487330541,9.119478941427827,52.371001317650524,998.717124438062,97,97,54.63902439024389,0,2020-08-30 00:38:20.487804878,42.56856187290944,0,0.59275667294274,0.1,0.29637833647137,2020-08-29 12:34:06.822742474,54.63902439024389,0
05073_2020-08-27 18:00:00,2020233N14313,05073,Lafayette,2020-08-27 18:00:00,94,6101,5827.0,1334.70833333333,94,12.0038786532031,73235.6636631921,3.91666666666667,2020,8,27.6659484439426,7.734266305739174,96.63876711361097,998.8648956862052,118,118,42.39320779041667,0,2020-08-29 12:23:35.548045500,24.7114389128975,0,0.37085979062982666,0.1,0.18542989531491333,2020-08-28 18:42:41.180086431,42.39320779041667,0
05011_2020-08-27 19:00:00,2020233N14313,05011,Bradley,2020-08-27 19:00:00,49,10135,4918.0,1334.75,49,6.1979357396258,62816.0787211075,2.04166666666667,2020,8,32.63966743580616,10.038431855113897,75.81678770727268,995.7551446167884,73,73,24.78585365853639,0,2020-08-28 19:47:09.073170731,24.717073170731666,0,0.21146807645384302,0.1,0.10573403822692151,2020-08-28 19:43:01.463414634,24.78585365853639,0
05039_2020-08-27 20:00:00,2020233N14313,05039,Dallas,2020-08-27 20:00:00,30,6191,4434.0,1334.79166666667,30,4.89061795218764,30277.8157419937,1.25,2020,8,26.934083213862337,10.467061143183365,79.01265339059029,994.4746264037186,54,54,26.82777777777778,0,2020-08-28 22:49:40.000000000,26.515873015872778,0,0.2354533152909337,0.1,0.11772665764546685,2020-08-28 22:30:57.142857142,26.82777777777778,0
05025_2020-08-27 23:00:00,2020233N14313,05025,Cleveland,2020-08-27 23:00:00,51,7467,1392.0,1334.91666666667,51,7.86048788733323,58694.2630547173,2.125,2020,8,27.47310458537328,9.634167995835625,81.95877737945014,995.4136888586957,75,75,16.911515151515,0,2020-08-28 15:54:41.454545454,16.666666666666668,0,0.3160919540229885,0.1,0.15804597701149425,2020-08-28 15:40:00.000000000,16.911515151515,0
05147_2020-08-28 01:00:00,2020233N14313,05147,Woodruff,2020-08-28 01:00:00,70,6049,4516.0,1335.0,70,8.02506449581065,48543.6151351586,2.91666666666667,2020,8,22.01975254376729,7.749635446223806,109.23923197590435,1001.0456363281248,94,94,20.74847303443778,0,2020-08-28 21:44:54.502923976,20.435369786208057,0,0.4136403897254207,0.1,0.20682019486271036,2020-08-28 21:26:07.331230349,20.74847303443778,0
05065_2020-08-28 22:00:00,2020233N14313,05065,Izard,2020-08-28 22:00:00,45,14048,3693.0,1335.875,45,2.84362373004737,39947.2261597054,1.875,2020,8,12.496794478255149,5.249737693264814,37.56410070298904,1001.3335206280786,69,69,40.83367799113722,0,2020-08-30 14:50:01.240768094,40.68980797636611,0,0.2527056277056277,0.1,0.12635281385281386,2020-08-30 14:41:23.308714918,40.83367799113722,0
22125_2020-08-26 23:00:00,2020234N14280,22125,West Feliciana,2020-08-26 23:00:00,28,15381,6388.0,1333.91666666667,28,3.55363389591053,54658.4429529999,1.16666666666667,2020,8,30.251654343120315,14.122076414957721,60.35802582494615,1003.6668487736408,104,104,23.7624401913875,0,2020-08-27 22:45:44.784688995,22.867953106519167,0,0.3368816530995617,0.1,0.16844082654978085,2020-08-27 21:52:04.631183469,23.7624401913875,0
22125_2020-08-26 23:00:00,2020234N14280,22125,West Feliciana,2020-08-26 23:00:00,28,15381,6388.0,1333.91666666667,28,3.55363389591053,54658.4429529999,1.16666666666667,2020,8,30.251654343120315,14.122076414957721,60.35802582494615,1003.6668487736408,104,104,23.7624401913875,0,2020-08-27 22:45:44.784688995,22.867953106519167,0,0.3368816530995617,0.1,0.16844082654978085,2020-08-27 21:52:04.631183469,23.7624401913875,0
22125_2020-08-26 23:00:00,2020234N14280,22125,West Feliciana,2020-08-26 23:00:00,28,15381,6388.0,1333.91666666667,28,3.55363389591053,54658.4429529999,1.16666666666667,2020,8,30.251654343120315,14.122076414957721,60.35802582494615,1003.6668487736408,104,104,23.7624401913875,0,2020-08-27 22:45:44.784688995,22.867953106519167,0,0.3368816530995617,0.1,0.16844082654978085,2020-08-27 21:52:04.631183469,23.7624401913875,0
22125_2020-08-26 23:00:00,2020234N14280,22125,West Feliciana,2020-08-26 23:00:00,28,15381,6388.0,1333.91666666667,28,3.55363389591053,54658.4429529999,1.16666666666667,2020,8,30.251654343120315,14.122076414957721,60.35802582494615,1003.6668487736408,104,104,23.7624401913875,0,2020-08-27 22:45:44.784688995,22.867953106519167,0,0.3368816530995617,0.1,0.16844082654978085,2020-08-27 21:52:04.631183469,23.7624401913875,0
22113_2020-08-27 05:00:00,2020234N14280,22113,Vermilion,2020-08-27 05:00:00,70,56952,23013.0,1334.16666666667,70,31.5272509320219,1795539.99508051,2.91666666666667,2020,8,38.10719552293703,12.053188829377566,222.1639961571734,997.7265444435324,188,168,64.579357798165,0,2020-08-29 21:34:45.688073394,39.80240103828667,0,0.8127851896918865,0.1,0.40639259484594326,2020-08-28 20:48:08.643737832,64.579357798165,0
22113_2020-08-27 05:00:00,2020234N14280,22113,Vermilion,2020-08-27 05:00:00,70,56952,23013.0,1334.16666666667,70,31.5272509320219,1795539.99508051,2.91666666666667,2020,8,38.10719552293703,12.053188829377566,222.1639961571734,997.7265444435324,188,168,64.579357798165,0,2020-08-29 21:34:45.688073394,39.80240103828667,0,0.8127851896918865,0.1,0.40639259484594326,2020-08-28 20:48:08.643737832,64.579357798165,0
22113_2020-08-27 05:00:00,2020234N14280,22113,Vermilion,2020-08-27 05:00:00,70,56952,23013.0,1334.16666666667,70,31.5272509320219,1795539.99508051,2.91666666666667,2020,8,38.10719552293703,12.053188829377566,222.1639961571734,997.7265444435324,188,168,64.579357798165,0,2020-08-29 21:34:45.688073394,39.80240103828667,0,0.8127851896918865,0.1,0.40639259484594326,2020-08-28 20:48:08.643737832,64.579357798165,0
22113_2020-08-27 05:00:00,2020234N14280,22113,Vermilion,2020-08-27 05:00:00,70,56952,23013.0,1334.16666666667,70,31.5272509320219,1795539.99508051,2.91666666666667,2020,8,38.10719552293703,12.053188829377566,222.1639961571734,997.7265444435324,188,168,64.579357798165,0,2020-08-29 21:34:45.688073394,39.80240103828667,0,0.8127851896918865,0.1,0.40639259484594326,2020-08-28 20:48:08.643737832,64.579357798165,0
22077_2020-08-27 05:00:00,2020234N14280,22077,Pointe Coupee,2020-08-27 05:00:00,41,20151,5078.0,1334.16666666667,41,4.42674281213076,89203.2944072469,1.70833333333333,2020,8,31.614778744031312,12.381154764464833,76.19311482556267,1002.6792564747432,130,130,16.520754716981113,0,2020-08-27 21:31:14.716981132,11.876549586776667,0,0.3341866876723119,0.1,0.16709334383615596,2020-08-27 16:52:35.578512396,16.520754716981113,0
22077_2020-08-27 05:00:00,2020234N14280,22077,Pointe Coupee,2020-08-27 05:00:00,41,20151,5078.0,1334.16666666667,41,4.42674281213076,89203.2944072469,1.70833333333333,2020,8,31.614778744031312,12.381154764464833,76.19311482556267,1002.6792564747432,130,130,16.520754716981113,0,2020-08-27 21:31:14.716981132,11.876549586776667,0,0.3341866876723119,0.1,0.16709334383615596,2020-08-27 16:52:35.578512396,16.520754716981113,0
22077_2020-08-27 05:00:00,2020234N14280,22077,Pointe Coupee,2020-08-27 05:00:00,41,20151,5078.0,1334.16666666667,41,4.42674281213076,89203.2944072469,1.70833333333333,2020,8,31.614778744031312,12.381154764464833,76.19311482556267,1002.6792564747432,130,130,16.520754716981113,0,2020-08-27 21:31:14.716981132,11.876549586776667,0,0.3341866876723119,0.1,0.16709334383615596,2020-08-27 16:52:35.578512396,16.520754716981113,0
22077_2020-08-27 05:00:00,2020234N14280,22077,Pointe Coupee,2020-08-27 05:00:00,41,20151,5078.0,1334.16666666667,41,4.42674281213076,89203.2944072469,1.70833333333333,2020,8,31.614778744031312,12.381154764464833,76.19311482556267,1002.6792564747432,130,130,16.520754716981113,0,2020-08-27 21:31:14.716981132,11.876549586776667,0,0.3341866876723119,0.1,0.16709334383615596,2020-08-27 16:52:35.578512396,16.520754716981113,0
22019_2020-08-27 05:00:00,2020234N14280,22019,Calcasieu,2020-08-27 05:00:00,690,202418,104854.0,1334.16666666667,690,451.662331760696,91424585.8703366,28.75,2020,8,31.47854594520432,10.526938169408279,186.99617635437676,981.556572568791,1428,168,622.9495384615383,0,2020-09-22 03:56:58.338461538,473.055584296985,0,0.9820822367166342,0.1,0.4910411183583171,2020-09-15 22:03:20.103469146,622.9495384615383,0
22019_2020-08-27 05:00:00,2020234N14280,22019,Calcasieu,2020-08-27 05:00:00,690,202418,104854.0,1334.16666666667,690,451.662331760696,91424585.8703366,28.75,2020,8,31.47854594520432,10.526938169408279,186.99617635437676,981.556572568791,1428,168,622.9495384615383,0,2020-09-22 03:56:58.338461538,473.055584296985,0,0.9820822367166342,0.1,0.4910411183583171,2020-09-15 22:03:20.103469146,622.9495384615383,0
22019_2020-08-27 05:00:00,2020234N14280,22019,Calcasieu,2020-08-27 05:00:00,690,202418,104854.0,1334.16666666667,690,451.662331760696,91424585.8703366,28.75,2020,8,31.47854594520432,10.526938169408279,186.99617635437676,981.556572568791,1428,168,622.9495384615383,0,2020-09-22 03:56:58.338461538,473.055584296985,0,0.9820822367166342,0.1,0.4910411183583171,2020-09-15 22:03:20.103469146,622.9495384615383,0
22019_2020-08-27 05:00:00,2020234N14280,22019,Calcasieu,2020-08-27 05:00:00,690,202418,104854.0,1334.16666666667,690,451.662331760696,91424585.8703366,28.75,2020,8,31.47854594520432,10.526938169408279,186.99617635437676,981.556572568791,1428,168,622.9495384615383,0,2020-09-22 03:56:58.338461538,473.055584296985,0,0.9820822367166342,0.1,0.4910411183583171,2020-09-15 22:03:20.103469146,622.9495384615383,0
22023_2020-08-27 05:00:00,2020234N14280,22023,Cameron,2020-08-27 05:00:00,620,4902,2040.5,1334.16666666667,620,514.150155998121,2520364.06470279,25.8333333333333,2020,8,39.07776729647451,12.203065865075851,200.10217985173298,984.242962511417,1288,168,618.1720430107525,0,2020-09-21 23:10:19.354838709,587.1472772277225,0,1.0,0.1,0.5,2020-09-20 16:08:50.198019801,618.1720430107525,0
22023_2020-08-27 05:00:00,2020234N14280,22023,Cameron,2020-08-27 05:00:00,620,4902,2040.5,1334.16666666667,620,514.150155998121,2520364.06470279,25.8333333333333,2020,8,39.07776729647451,12.203065865075851,200.10217985173298,984.242962511417,1288,168,618.1720430107525,0,2020-09-21 23:10:19.354838709,587.1472772277225,0,1.0,0.1,0.5,2020-09-20 16:08:50.198019801,618.1720430107525,0
22023_2020-08-27 05:00:00,2020234N14280,22023,Cameron,2020-08-27 05:00:00,620,4902,2040.5,1334.16666666667,620,514.150155998121,2520364.06470279,25.8333333333333,2020,8,39.07776729647451,12.203065865075851,200.10217985173298,984.242962511417,1288,168,618.1720430107525,0,2020-09-21 23:10:19.354838709,587.1472772277225,0,1.0,0.1,0.5,2020-09-20 16:08:50.198019801,618.1720430107525,0
22023_2020-08-27 05:00:00,2020234N14280,22023,Cameron,2020-08-27 05:00:00,620,4902,2040.5,1334.16666666667,620,514.150155998121,2520364.06470279,25.8333333333333,2020,8,39.07776729647451,12.203065865075851,200.10217985173298,984.242962511417,1288,168,618.1720430107525,0,2020-09-21 23:10:19.354838709,587.1472772277225,0,1.0,0.1,0.5,2020-09-20 16:08:50.198019801,618.1720430107525,0
22011_2020-08-27 06:00:00,2020234N14280,22011,Beauregard,2020-08-27 06:00:00,807,36570,22189.0,1334.20833333333,807,335.217536540899,12258905.3113007,33.625,2020,8,33.61634225510714,10.13322660215915,282.5635680659234,983.8945095257676,1662,168,637.6889298892988,0,2020-09-22 19:41:20.147601476,377.6104661921378,0,0.9065302627428005,0.1,0.45326513137140023,2020-09-11 23:36:37.678291696,637.6889298892988,0
22011_2020-08-27 06:00:00,2020234N14280,22011,Beauregard,2020-08-27 06:00:00,807,36570,22189.0,1334.20833333333,807,335.217536540899,12258905.3113007,33.625,2020,8,33.61634225510714,10.13322660215915,282.5635680659234,983.8945095257676,1662,168,637.6889298892988,0,2020-09-22 19:41:20.147601476,377.6104661921378,0,0.9065302627428005,0.1,0.45326513137140023,2020-09-11 23:36:37.678291696,637.6889298892988,0
22011_2020-08-27 06:00:00,2020234N14280,22011,Beauregard,2020-08-27 06:00:00,807,36570,22189.0,1334.20833333333,807,335.217536540899,12258905.3113007,33.625,2020,8,33.61634225510714,10.13322660215915,282.5635680659234,983.8945095257676,1662,168,637.6889298892988,0,2020-09-22 19:41:20.147601476,377.6104661921378,0,0.9065302627428005,0.1,0.45326513137140023,2020-09-11 23:36:37.678291696,637.6889298892988,0
22011_2020-08-27 06:00:00,2020234N14280,22011,Beauregard,2020-08-27 06:00:00,807,36570,22189.0,1334.20833333333,807,335.217536540899,12258905.3113007,33.625,2020,8,33.61634225510714,10.13322660215915,282.5635680659234,983.8945095257676,1662,168,637.6889298892988,0,2020-09-22 19:41:20.147601476,377.6104661921378,0,0.9065302627428005,0.1,0.45326513137140023,2020-09-11 23:36:37.678291696,637.6889298892988,0
22003_2020-08-27 06:00:00,2020234N14280,22003,Allen,2020-08-27 06:00:00,662,22320,12728.0,1334.20833333333,662,231.135772613878,5158950.44474177,27.5833333333333,2020,8,40.88653821805876,11.289039040504397,290.79550756005494,987.5040647825364,1372,168,518.7449115044247,0,2020-09-17 20:44:41.681415929,201.69486565053415,0,0.90901948460088,0.1,0.45450974230044,2020-09-04 15:41:41.516341923,518.7449115044247,0
22003_2020-08-27 06:00:00,2020234N14280,22003,Allen,2020-08-27 06:00:00,662,22320,12728.0,1334.20833333333,662,231.135772613878,5158950.44474177,27.5833333333333,2020,8,40.88653821805876,11.289039040504397,290.79550756005494,987.5040647825364,1372,168,518.7449115044247,0,2020-09-17 20:44:41.681415929,201.69486565053415,0,0.90901948460088,0.1,0.45450974230044,2020-09-04 15:41:41.516341923,518.7449115044247,0
22003_2020-08-27 06:00:00,2020234N14280,22003,Allen,2020-08-27 06:00:00,662,22320,12728.0,1334.20833333333,662,231.135772613878,5158950.44474177,27.5833333333333,2020,8,40.88653821805876,11.289039040504397,290.79550756005494,987.5040647825364,1372,168,518.7449115044247,0,2020-09-17 20:44:41.681415929,201.69486565053415,0,0.90901948460088,0.1,0.45450974230044,2020-09-04 15:41:41.516341923,518.7449115044247,0
22003_2020-08-27 06:00:00,2020234N14280,22003,Allen,2020-08-27 06:00:00,662,22320,12728.0,1334.20833333333,662,231.135772613878,5158950.44474177,27.5833333333333,2020,8,40.88653821805876,11.289039040504397,290.79550756005494,987.5040647825364,1372,168,518.7449115044247,0,2020-09-17 20:44:41.681415929,201.69486565053415,0,0.90901948460088,0.1,0.45450974230044,2020-09-04 15:41:41.516341923,518.7449115044247,0
22053_2020-08-27 06:00:00,2020234N14280,22053,Jefferson Davis,2020-08-27 06:00:00,396,32026,12516.0,1334.20833333333,396,137.260247469913,4395896.68547143,16.5,2020,8,39.8226335200557,11.275166086166626,253.76035814897884,985.828064351852,840,168,259.95442247658667,0,2020-09-07 01:57:15.920915712,112.70829039204334,0,0.9447906679450304,0.1,0.4723953339725152,2020-08-31 22:42:29.845411356,259.95442247658667,0
22053_2020-08-27 06:00:00,2020234N14280,22053,Jefferson Davis,2020-08-27 06:00:00,396,32026,12516.0,1334.20833333333,396,137.260247469913,4395896.68547143,16.5,2020,8,39.8226335200557,11.275166086166626,253.76035814897884,985.828064351852,840,168,259.95442247658667,0,2020-09-07 01:57:15.920915712,112.70829039204334,0,0.9447906679450304,0.1,0.4723953339725152,2020-08-31 22:42:29.845411356,259.95442247658667,0
22053_2020-08-27 06:00:00,2020234N14280,22053,Jefferson Davis,2020-08-27 06:00:00,396,32026,12516.0,1334.20833333333,396,137.260247469913,4395896.68547143,16.5,2020,8,39.8226335200557,11.275166086166626,253.76035814897884,985.828064351852,840,168,259.95442247658667,0,2020-09-07 01:57:15.920915712,112.70829039204334,0,0.9447906679450304,0.1,0.4723953339725152,2020-08-31 22:42:29.845411356,259.95442247658667,0
22053_2020-08-27 06:00:00,2020234N14280,22053,Jefferson Davis,2020-08-27 06:00:00,396,32026,12516.0,1334.20833333333,396,137.260247469913,4395896.68547143,16.5,2020,8,39.8226335200557,11.275166086166626,253.76035814897884,985.828064351852,840,168,259.95442247658667,0,2020-09-07 01:57:15.920915712,112.70829039204334,0,0.9447906679450304,0.1,0.4723953339725152,2020-08-31 22:42:29.845411356,259.95442247658667,0
22001_2020-08-27 06:00:00,2020234N14280,22001,Acadia,2020-08-27 06:00:00,67,56744,28222.0,1334.20833333333,67,31.4438861450303,1784251.8754136,2.79166666666667,2020,8,39.9112806213379,11.292014164715722,279.076051157713,994.0202285,182,168,65.42203672787973,0,2020-08-29 23:25:19.332220367,38.7092024539875,0,0.8351936501187059,0.1,0.41759682505935297,2020-08-28 20:42:33.128834355,65.42203672787973,0
22001_2020-08-27 06:00:00,2020234N14280,22001,Acadia,2020-08-27 06:00:00,67,56744,28222.0,1334.20833333333,67,31.4438861450303,1784251.8754136,2.79166666666667,2020,8,39.9112806213379,11.292014164715722,279.076051157713,994.0202285,182,168,65.42203672787973,0,2020-08-29 23:25:19.332220367,38.7092024539875,0,0.8351936501187059,0.1,0.41759682505935297,2020-08-28 20:42:33.128834355,65.42203672787973,0
22001_2020-08-27 06:00:00,2020234N14280,22001,Acadia,2020-08-27 06:00:00,67,56744,28222.0,1334.20833333333,67,31.4438861450303,1784251.8754136,2.79166666666667,2020,8,39.9112806213379,11.292014164715722,279.076051157713,994.0202285,182,168,65.42203672787973,0,2020-08-29 23:25:19.332220367,38.7092024539875,0,0.8351936501187059,0.1,0.41759682505935297,2020-08-28 20:42:33.128834355,65.42203672787973,0
22001_2020-08-27 06:00:00,2020234N14280,22001,Acadia,2020-08-27 06:00:00,67,56744,28222.0,1334.20833333333,67,31.4438861450303,1784251.8754136,2.79166666666667,2020,8,39.9112806213379,11.292014164715722,279.076051157713,994.0202285,182,168,65.42203672787973,0,2020-08-29 23:25:19.332220367,38.7092024539875,0,0.8351936501187059,0.1,0.41759682505935297,2020-08-28 20:42:33.128834355,65.42203672787973,0
22039_2020-08-27 07:00:00,2020234N14280,22039,Evangeline,2020-08-27 07:00:00,90,31986,18128.0,1334.25,90,25.5320845668923,816669.256956616,3.75,2020,8,39.690526309983554,11.36236252940693,240.39654446628703,995.6655218479438,228,168,65.1402730375425,0,2020-08-30 00:08:24.982935153,32.37658227848083,0,0.776202559576346,0.1,0.388101279788173,2020-08-28 15:22:35.696202531,65.1402730375425,0
22039_2020-08-27 07:00:00,2020234N14280,22039,Evangeline,2020-08-27 07:00:00,90,31986,18128.0,1334.25,90,25.5320845668923,816669.256956616,3.75,2020,8,39.690526309983554,11.36236252940693,240.39654446628703,995.6655218479438,228,168,65.1402730375425,0,2020-08-30 00:08:24.982935153,32.37658227848083,0,0.776202559576346,0.1,0.388101279788173,2020-08-28 15:22:35.696202531,65.1402730375425,0
22039_2020-08-27 07:00:00,2020234N14280,22039,Evangeline,2020-08-27 07:00:00,90,31986,18128.0,1334.25,90,25.5320845668923,816669.256956616,3.75,2020,8,39.690526309983554,11.36236252940693,240.39654446628703,995.6655218479438,228,168,65.1402730375425,0,2020-08-30 00:08:24.982935153,32.37658227848083,0,0.776202559576346,0.1,0.388101279788173,2020-08-28 15:22:35.696202531,65.1402730375425,0
22039_2020-08-27 07:00:00,2020234N14280,22039,Evangeline,2020-08-27 07:00:00,90,31986,18128.0,1334.25,90,25.5320845668923,816669.256956616,3.75,2020,8,39.690526309983554,11.36236252940693,240.39654446628703,995.6655218479438,228,168,65.1402730375425,0,2020-08-30 00:08:24.982935153,32.37658227848083,0,0.776202559576346,0.1,0.388101279788173,2020-08-28 15:22:35.696202531,65.1402730375425,0
48361_2020-08-27 07:00:00,2020234N14280,48361,Orange,2020-08-27 07:00:00,227,84934,40914.0,1334.25,227,131.915158120349,11204082.0397937,9.45833333333333,2020,8,28.69440802739264,9.804223699295111,150.39481593714666,987.8034982638892,502,168,211.25656565656556,0,2020-09-05 02:15:23.636363636,138.70283811036415,0,0.9461064672239331,0.1,0.47305323361196655,2020-09-02 01:42:10.217197311,211.25656565656556,0
48361_2020-08-27 07:00:00,2020234N14280,48361,Orange,2020-08-27 07:00:00,227,84934,40914.0,1334.25,227,131.915158120349,11204082.0397937,9.45833333333333,2020,8,28.69440802739264,9.804223699295111,150.39481593714666,987.8034982638892,502,168,211.25656565656556,0,2020-09-05 02:15:23.636363636,138.70283811036415,0,0.9461064672239331,0.1,0.47305323361196655,2020-09-02 01:42:10.217197311,211.25656565656556,0
48361_2020-08-27 07:00:00,2020234N14280,48361,Orange,2020-08-27 07:00:00,227,84934,40914.0,1334.25,227,131.915158120349,11204082.0397937,9.45833333333333,2020,8,28.69440802739264,9.804223699295111,150.39481593714666,987.8034982638892,502,168,211.25656565656556,0,2020-09-05 02:15:23.636363636,138.70283811036415,0,0.9461064672239331,0.1,0.47305323361196655,2020-09-02 01:42:10.217197311,211.25656565656556,0
48361_2020-08-27 07:00:00,2020234N14280,48361,Orange,2020-08-27 07:00:00,227,84934,40914.0,1334.25,227,131.915158120349,11204082.0397937,9.45833333333333,2020,8,28.69440802739264,9.804223699295111,150.39481593714666,987.8034982638892,502,168,211.25656565656556,0,2020-09-05 02:15:23.636363636,138.70283811036415,0,0.9461064672239331,0.1,0.47305323361196655,2020-09-02 01:42:10.217197311,211.25656565656556,0
22045_2020-08-27 07:00:00,2020234N14280,22045,Iberia,2020-08-27 07:00:00,56,68327,34795.0,1334.25,56,12.6277553574616,862816.640309281,2.33333333333333,2020,8,29.48037025902245,11.894376457668283,157.01807325181957,1003.346073338964,160,160,41.50443131462333,0,2020-08-29 00:30:15.952732644,16.64966740576472,0,0.5598505532404081,0.1,0.27992527662020406,2020-08-27 23:38:58.802660753,41.50443131462333,0
22045_2020-08-27 07:00:00,2020234N14280,22045,Iberia,2020-08-27 07:00:00,56,68327,34795.0,1334.25,56,12.6277553574616,862816.640309281,2.33333333333333,2020,8,29.48037025902245,11.894376457668283,157.01807325181957,1003.346073338964,160,160,41.50443131462333,0,2020-08-29 00:30:15.952732644,16.64966740576472,0,0.5598505532404081,0.1,0.27992527662020406,2020-08-27 23:38:58.802660753,41.50443131462333,0
22045_2020-08-27 07:00:00,2020234N14280,22045,Iberia,2020-08-27 07:00:00,56,68327,34795.0,1334.25,56,12.6277553574616,862816.640309281,2.33333333333333,2020,8,29.48037025902245,11.894376457668283,157.01807325181957,1003.346073338964,160,160,41.50443131462333,0,2020-08-29 00:30:15.952732644,16.64966740576472,0,0.5598505532404081,0.1,0.27992527662020406,2020-08-27 23:38:58.802660753,41.50443131462333,0
22045_2020-08-27 07:00:00,2020234N14280,22045,Iberia,2020-08-27 07:00:00,56,68327,34795.0,1334.25,56,12.6277553574616,862816.640309281,2.33333333333333,2020,8,29.48037025902245,11.894376457668283,157.01807325181957,1003.346073338964,160,160,41.50443131462333,0,2020-08-29 00:30:15.952732644,16.64966740576472,0,0.5598505532404081,0.1,0.27992527662020406,2020-08-27 23:38:58.802660753,41.50443131462333,0
22055_2020-08-27 07:00:00,2020234N14280,22055,Lafayette,2020-08-27 07:00:00,43,247866,57033.0,1334.25,43,10.081138667115,2498771.51686312,1.79166666666667,2020,8,35.29928922827864,12.400645432741527,140.65422932361508,999.1237897779304,134,134,27.73386581469639,0,2020-08-28 10:44:01.916932907,13.451047186474723,0,0.587011028702681,0.1,0.2935055143513405,2020-08-27 20:27:03.769871309,27.73386581469639,0
22055_2020-08-27 07:00:00,2020234N14280,22055,Lafayette,2020-08-27 07:00:00,43,247866,57033.0,1334.25,43,10.081138667115,2498771.51686312,1.79166666666667,2020,8,35.29928922827864,12.400645432741527,140.65422932361508,999.1237897779304,134,134,27.73386581469639,0,2020-08-28 10:44:01.916932907,13.451047186474723,0,0.587011028702681,0.1,0.2935055143513405,2020-08-27 20:27:03.769871309,27.73386581469639,0
22055_2020-08-27 07:00:00,2020234N14280,22055,Lafayette,2020-08-27 07:00:00,43,247866,57033.0,1334.25,43,10.081138667115,2498771.51686312,1.79166666666667,2020,8,35.29928922827864,12.400645432741527,140.65422932361508,999.1237897779304,134,134,27.73386581469639,0,2020-08-28 10:44:01.916932907,13.451047186474723,0,0.587011028702681,0.1,0.2935055143513405,2020-08-27 20:27:03.769871309,27.73386581469639,0
22055_2020-08-27 07:00:00,2020234N14280,22055,Lafayette,2020-08-27 07:00:00,43,247866,57033.0,1334.25,43,10.081138667115,2498771.51686312,1.79166666666667,2020,8,35.29928922827864,12.400645432741527,140.65422932361508,999.1237897779304,134,134,27.73386581469639,0,2020-08-28 10:44:01.916932907,13.451047186474723,0,0.587011028702681,0.1,0.2935055143513405,2020-08-27 20:27:03.769871309,27.73386581469639,0
22097_2020-08-27 08:00:00,2020234N14280,22097,St. Landry,2020-08-27 08:00:00,43,81773,46265.0,1334.29166666667,43,8.74351882515224,714983.764889174,1.79166666666667,2020,8,35.81764560620767,12.232006516089475,125.62773944092075,1000.4230790241588,134,134,38.66211878009611,0,2020-08-28 22:39:43.627608346,14.252978276103612,0,0.4155625202636983,0.1,0.20778126013184914,2020-08-27 22:15:10.721793973,38.66211878009611,0
22097_2020-08-27 08:00:00,2020234N14280,22097,St. Landry,2020-08-27 08:00:00,43,81773,46265.0,1334.29166666667,43,8.74351882515224,714983.764889174,1.79166666666667,2020,8,35.81764560620767,12.232006516089475,125.62773944092075,1000.4230790241588,134,134,38.66211878009611,0,2020-08-28 22:39:43.627608346,14.252978276103612,0,0.4155625202636983,0.1,0.20778126013184914,2020-08-27 22:15:10.721793973,38.66211878009611,0
22097_2020-08-27 08:00:00,2020234N14280,22097,St. Landry,2020-08-27 08:00:00,43,81773,46265.0,1334.29166666667,43,8.74351882515224,714983.764889174,1.79166666666667,2020,8,35.81764560620767,12.232006516089475,125.62773944092075,1000.4230790241588,134,134,38.66211878009611,0,2020-08-28 22:39:43.627608346,14.252978276103612,0,0.4155625202636983,0.1,0.20778126013184914,2020-08-27 22:15:10.721793973,38.66211878009611,0
22097_2020-08-27 08:00:00,2020234N14280,22097,St. Landry,2020-08-27 08:00:00,43,81773,46265.0,1334.29166666667,43,8.74351882515224,714983.764889174,1.79166666666667,2020,8,35.81764560620767,12.232006516089475,125.62773944092075,1000.4230790241588,134,134,38.66211878009611,0,2020-08-28 22:39:43.627608346,14.252978276103612,0,0.4155625202636983,0.1,0.20778126013184914,2020-08-27 22:15:10.721793973,38.66211878009611,0
22099_2020-08-27 09:00:00,2020234N14280,22099,St. Martin,2020-08-27 09:00:00,40,51236,25148.0,1334.33333333333,40,7.99627858479869,409697.329570746,1.66666666666667,2020,8,28.74148298577119,11.7214681624961,81.87861781226579,1003.5142112175524,128,128,31.0988290398125,0,2020-08-28 16:05:55.784543325,12.644427001569722,0,0.4443295689518053,0.1,0.22216478447590265,2020-08-27 21:38:39.937205651,31.0988290398125,0
22099_2020-08-27 09:00:00,2020234N14280,22099,St. Martin,2020-08-27 09:00:00,40,51236,25148.0,1334.33333333333,40,7.99627858479869,409697.329570746,1.66666666666667,2020,8,28.74148298577119,11.7214681624961,81.87861781226579,1003.5142112175524,128,128,31.0988290398125,0,2020-08-28 16:05:55.784543325,12.644427001569722,0,0.4443295689518053,0.1,0.22216478447590265,2020-08-27 21:38:39.937205651,31.0988290398125,0
22099_2020-08-27 09:00:00,2020234N14280,22099,St. Martin,2020-08-27 09:00:00,40,51236,25148.0,1334.33333333333,40,7.99627858479869,409697.329570746,1.66666666666667,2020,8,28.74148298577119,11.7214681624961,81.87861781226579,1003.5142112175524,128,128,31.0988290398125,0,2020-08-28 16:05:55.784543325,12.644427001569722,0,0.4443295689518053,0.1,0.22216478447590265,2020-08-27 21:38:39.937205651,31.0988290398125,0
22099_2020-08-27 09:00:00,2020234N14280,22099,St. Martin,2020-08-27 09:00:00,40,51236,25148.0,1334.33333333333,40,7.99627858479869,409697.329570746,1.66666666666667,2020,8,28.74148298577119,11.7214681624961,81.87861781226579,1003.5142112175524,128,128,31.0988290398125,0,2020-08-28 16:05:55.784543325,12.644427001569722,0,0.4443295689518053,0.1,0.22216478447590265,2020-08-27 21:38:39.937205651,31.0988290398125,0
01053_2020-09-16 00:00:00,2020256N25281,01053,Escambia,2020-09-16 00:00:00,94,36666,11503.0,1353.95833333333,94,33.2141081441966,1217828.48921511,3.91666666666667,2020,9,30.24259363922253,10.86102984793234,211.93009765104838,997.169308146338,118,118,89.32966101694889,0,2020-09-19 17:19:46.779661016,44.451219512195,0,0.817630758572913,0.1,0.4088153792864565,2020-09-17 20:27:04.390243902,89.32966101694889,0
01097_2020-09-16 00:00:00,2020256N25281,01097,Mobile,2020-09-16 00:00:00,94,411411,208810.0,1353.95833333333,94,30.2303718166971,12437107.4994792,3.91666666666667,2020,9,28.35679565425072,12.25041451998291,176.21386120562357,993.9428348551876,118,118,77.155672987255,0,2020-09-19 05:09:20.422754118,49.44378564588944,0,0.6305818803484291,0.1,0.31529094017421455,2020-09-18 01:26:37.628325202,77.155672987255,0
01003_2020-09-16 01:00:00,2020256N25281,01003,Baldwin,2020-09-16 01:00:00,212,246435,104819.0,1354.0,212,109.03721789314,26870586.791496,8.83333333333333,2020,9,30.505209254362768,12.056864719688454,320.44224153692505,990.240484250374,236,168,187.45831079050194,0,2020-09-23 20:27:29.918845807,109.25571220223611,0,1.0,0.1,0.5,2020-09-20 14:15:20.563928050,187.45831079050194,0
01035_2020-09-16 02:00:00,2020256N25281,01035,Conecuh,2020-09-16 02:00:00,73,11206,567.0,1354.04166666667,73,43.0686340263805,482627.11289962,3.04166666666667,2020,9,28.123846423102982,10.915193347336583,158.8648149672439,996.9895081376546,97,97,69.37629999999972,0,2020-09-18 23:22:34.679999999,62.65178571428556,0,0.9329805996472663,0.1,0.46649029982363316,2020-09-18 16:39:06.428571428,69.37629999999972,0
12033_2020-09-16 04:00:00,2020256N25281,12033,Escambia,2020-09-16 04:00:00,117,324878,308219.0,1354.125,117,36.2069910860569,11762854.850056,4.875,2020,9,32.67608296470597,11.878977413785197,329.79771119584507,991.3657933806484,141,141,112.21139774068445,0,2020-09-20 20:12:41.031866464,89.00157270521083,0,0.4817396197856362,0.1,0.2408698098928181,2020-09-19 21:00:05.661738759,112.21139774068445,0
01039_2020-09-16 05:00:00,2020256N25281,01039,Covington,2020-09-16 05:00:00,40,37602,10117.0,1354.16666666667,40,5.23799335151972,196959.026003845,1.66666666666667,2020,9,26.108860248562017,12.659787446589682,179.5045581062957,997.4593229917148,64,64,34.12086956521722,0,2020-09-17 15:07:15.130434782,31.288608984923055,0,0.27079822276696797,0.1,0.13539911138348398,2020-09-17 12:17:18.992345723,34.12086956521722,0
12113_2020-09-16 09:00:00,2020256N25281,12113,Santa Rosa,2020-09-16 09:00:00,86,198268,158094.0,1354.33333333333,86,18.016142338111,3572024.50909259,3.58333333333333,2020,9,31.699828944928225,10.985863337504547,258.97261194750934,995.767815507378,110,110,75.32791095890389,0,2020-09-19 12:19:40.479452054,53.58130579346833,0,0.36288568037974683,0.1,0.18144284018987342,2020-09-18 14:34:52.700856486,75.32791095890389,0
12091_2020-09-16 10:00:00,2020256N25281,12091,Okaloosa,2020-09-16 10:00:00,39,216482,162092.0,1354.375,39,5.02600761872895,1088040.18131768,1.625,2020,9,30.301115106981843,13.85015219024117,208.70766692643247,998.9041669331392,63,63,30.067050487156667,0,2020-09-17 16:04:01.381753764,29.590339507733056,0,0.20623473089356661,0.1,0.10311736544678331,2020-09-17 15:35:25.222227839,30.067050487156667,0
01099_2020-09-16 11:00:00,2020256N25281,01099,Monroe,2020-09-16 11:00:00,63,19404,7462.0,1354.41666666667,63,25.5422955336921,495622.702535762,2.625,2020,9,26.018571123620585,10.855683063751735,111.9573095889402,999.6281140068008,87,87,60.747068403908614,0,2020-09-18 23:44:49.446254071,31.584397817629444,0,0.7189761458054141,0.1,0.35948807290270707,2020-09-17 18:35:03.832143466,60.747068403908614,0
01013_2020-09-16 13:00:00,2020256N25281,01013,Butler,2020-09-16 13:00:00,35,18650,9854.0,1354.5,35,9.25238481834788,172556.976862188,1.45833333333333,2020,9,22.60641346637174,12.10021655815504,117.72175373690784,999.2378680177658,59,59,31.381776765375832,0,2020-09-17 20:22:54.396355353,29.54463040446278,0,0.3784250050740816,0.1,0.1892125025370408,2020-09-17 18:32:40.669456066,31.381776765375832,0
01085_2020-09-16 19:00:00,2020256N25281,01085,Lowndes,2020-09-16 19:00:00,31,9777,5843.0,1354.75,31,7.52934232715008,73614.3799325464,1.29166666666667,2020,9,22.70712302026232,11.699827652300698,71.06600148196596,1002.2732335492004,55,55,27.566878980891666,0,2020-09-17 22:34:00.764331210,25.3484162895925,0,0.3284991568296796,0.1,0.1642495784148398,2020-09-17 20:20:54.298642533,27.566878980891666,0
22125_2020-10-09 01:00:00,2020279N16284,22125,West Feliciana,2020-10-09 01:00:00,143,15381,6399.0,1377.0,143,46.7655689067897,719301.215355332,5.95833333333333,2020,10,27.38953002406632,7.734328280670981,85.24001319067065,994.4253751108156,167,167,139.08444444444416,0,2020-10-14 20:05:03.999999999,92.4495884773661,0,0.6750468457214241,0.1,0.3375234228607121,2020-10-12 21:26:58.518518518,139.08444444444416,0
28157_2020-10-09 06:00:00,2020279N16284,28157,Wilkinson,2020-10-09 06:00:00,184,8143,5985.0,1377.20833333333,184,52.1034174080465,424278.127953723,7.66666666666667,2020,10,28.19513920575337,7.54333427011796,78.32367450584181,994.5270904460352,208,168,161.05646551724112,0,2020-10-15 23:03:23.275862068,88.26545454545445,0,0.9944898981466022,0.1,0.4972449490733011,2020-10-12 22:15:55.636363636,161.05646551724112,0
28021_2020-10-09 09:00:00,2020279N16284,28021,Claiborne,2020-10-09 09:00:00,134,8805,5227.0,1377.33333333333,134,25.7511590758989,226738.95566329,5.58333333333333,2020,10,24.366755710261884,7.4631947837716766,84.85751037513562,994.1702117883664,158,158,127.04999999999973,0,2020-10-14 16:02:59.999999999,85.48090277777777,0,0.6216061185468451,0.1,0.31080305927342256,2020-10-12 22:28:51.250000000,127.04999999999973,0
22011_2020-10-09 20:00:00,2020279N16284,22011,Beauregard,2020-10-09 20:00:00,164,36570,22197.0,1377.79166666667,164,81.3038973374342,2973283.52562997,6.83333333333333,2020,10,23.82881698943021,7.231054376380686,102.32857956281423,991.4851541940792,188,168,143.29178082191777,0,2020-10-15 19:17:30.410958904,89.57797681770278,0,0.8998062801279452,0.1,0.4499031400639726,2020-10-13 13:34:40.716543730,143.29178082191777,0
22019_2020-10-09 20:00:00,2020279N16284,22019,Calcasieu,2020-10-09 20:00:00,119,202418,104161.0,1377.79166666667,119,39.6978790758551,8035565.28677644,4.95833333333333,2020,10,25.95615823876712,7.871701163986623,87.42179682036739,989.051249485536,143,143,93.89218989280222,0,2020-10-13 17:53:31.883614088,52.06835037864,0,0.8007473295934835,0.1,0.40037366479674175,2020-10-12 00:04:06.061363104,93.89218989280222,0
22101_2020-10-09 21:00:00,2020279N16284,22101,St. Mary,2020-10-09 21:00:00,44,47789,18981.0,1377.83333333333,44,8.47731942468785,405122.617986407,1.83333333333333,2020,10,27.46216258552676,13.291040023267621,27.603240017720015,996.6901303028584,68,68,38.41646971935,0,2020-10-11 11:24:59.290989660,23.807177615571668,0,0.3666297876824193,0.1,0.18331489384120964,2020-10-10 20:48:25.839416058,38.41646971935,0
22003_2020-10-09 21:00:00,2020279N16284,22003,Allen,2020-10-09 21:00:00,165,22320,12733.0,1377.83333333333,165,67.7195185311681,1511499.65361567,6.875,2020,10,22.75077898347204,7.385823448924979,124.5132529443924,984.9388160898076,189,168,137.23172413793083,0,2020-10-15 14:13:54.206896551,54.50645624103278,0,0.9052069425901201,0.1,0.45260347129506007,2020-10-12 03:30:23.242467718,137.23172413793083,0
48361_2020-10-09 22:00:00,2020279N16284,48361,Orange,2020-10-09 22:00:00,70,84934,40883.0,1377.875,70,24.3662238279919,2069520.85460666,2.91666666666667,2020,10,26.67821740734485,9.25112545936587,89.2294141889889,994.7965691618218,94,94,49.957183098591386,0,2020-10-11 23:57:25.859154929,39.77800278414861,0,0.6656556514932858,0.1,0.3328278257466429,2020-10-11 13:46:40.810022935,49.957183098591386,0
48245_2020-10-09 22:00:00,2020279N16284,48245,Jefferson,2020-10-09 22:00:00,100,250830,117370.0,1377.875,100,32.8686048920235,8244432.16506626,4.16666666666667,2020,10,26.30088267852309,8.207990736416898,106.0173336107457,995.660729902575,124,124,94.14423791821555,0,2020-10-13 20:08:39.256505576,49.35281422321222,0,0.6283803356905513,0.1,0.31419016784527565,2020-10-11 23:21:10.131203564,94.14423791821555,0
28005_2020-10-09 22:00:00,2020279N16284,28005,Amite,2020-10-09 22:00:00,77,12619,12518.0,1377.875,77,20.6147786655004,260137.891979949,3.20833333333333,2020,10,27.120337772369396,9.303777735002495,37.733611794990594,997.333589518229,101,101,72.51842105263138,0,2020-10-12 22:31:06.315789473,47.23395157649611,0,0.4536317627771046,0.1,0.2268158813885523,2020-10-11 21:14:02.225675386,72.51842105263138,0
22045_2020-10-09 23:00:00,2020279N16284,22045,Iberia,2020-10-09 23:00:00,120,68327,34789.0,1377.91666666667,120,33.1746141889466,2266721.86368815,5.0,2020,10,28.88507733617101,9.180526387749836,31.82777185580349,993.1839074230484,144,144,72.66940993788806,0,2020-10-12 23:40:09.875776397,41.567936902963055,0,0.7864842335220903,0.1,0.39324211676104515,2020-10-11 16:34:04.572850667,72.66940993788806,0
22113_2020-10-09 23:00:00,2020279N16284,22113,Vermilion,2020-10-09 23:00:00,141,56952,22974.0,1377.91666666667,141,65.6841497117184,3740843.69438179,5.875,2020,10,30.833891364515253,8.299661279514513,43.62436670697466,986.2685057760176,165,165,122.26404833836834,0,2020-10-15 01:15:50.574018126,62.80072846839528,0,0.9504222164185601,0.1,0.47521110820928003,2020-10-12 13:48:02.622486223,122.26404833836834,0
22053_2020-10-09 23:00:00,2020279N16284,22053,Jefferson Davis,2020-10-09 23:00:00,162,32026,12518.0,1377.91666666667,162,62.3761531410284,1997658.68049458,6.75,2020,10,25.26285673635978,7.550361654510366,95.57531461395602,983.0914479166668,186,168,115.73774038461528,0,2020-10-14 18:44:15.865384615,73.99387170412334,0,0.7922990893113916,0.1,0.3961495446556958,2020-10-13 00:59:37.938134844,115.73774038461528,0
22099_2020-10-09 23:00:00,2020279N16284,22099,St. Martin,2020-10-09 23:00:00,102,51236,25119.0,1377.91666666667,102,31.8920074973397,1634018.8961337,4.25,2020,10,25.904020974308956,8.976522716791141,39.770864884453104,993.492141339617,126,126,86.40961538461528,0,2020-10-13 13:24:34.615384615,42.999162479061944,0,0.9002945390861328,0.1,0.4501472695430664,2020-10-11 17:59:56.984924623,86.40961538461528,0
22115_2020-10-09 23:00:00,2020279N16284,22115,Vernon,2020-10-09 23:00:00,122,47247,25934.0,1377.91666666667,122,57.3374262915064,2709021.3799948,5.08333333333333,2020,10,21.625075223935266,7.44019490067162,120.67579351966945,993.0518355665632,146,146,97.9887987012986,0,2020-10-14 00:59:19.675324675,62.4483308863875,0,0.8679390784653943,0.1,0.43396953923269715,2020-10-12 13:26:53.991190995,97.9887987012986,0
22079_2020-10-10 00:00:00,2020279N16284,22079,Rapides,2020-10-10 00:00:00,93,127189,44066.0,1377.95833333333,93,23.9660862958849,3048222.5498873,3.875,2020,10,21.71203215361528,8.451430810539822,139.466561224367,988.043086431227,117,117,63.970560747663335,0,2020-10-12 15:58:14.018691588,42.04501607717028,0,0.5920210593201107,0.1,0.29601052966005537,2020-10-11 18:02:42.057877813,63.970560747663335,0
22001_2020-10-10 00:00:00,2020279N16284,22001,Acadia,2020-10-10 00:00:00,140,56744,28173.0,1377.95833333333,140,84.5392986580727,4797097.96305368,5.83333333333333,2020,10,27.87279872436524,7.759425599554109,78.41505069434643,983.710352625,164,164,120.80130208333306,0,2020-10-15 00:48:04.687499999,92.07492300457639,0,0.9660373340904251,0.1,0.48301866704521257,2020-10-13 20:04:29.722816475,120.80130208333306,0
22039_2020-10-10 00:00:00,2020279N16284,22039,Evangeline,2020-10-10 00:00:00,119,31986,18115.0,1377.95833333333,119,18.1988238550809,582107.579828616,4.95833333333333,2020,10,23.30735136144949,7.782658822680892,118.77496415227759,984.7695273042928,143,143,44.94060606060583,0,2020-10-11 20:56:26.181818181,23.106324472960555,0,0.7029533535743858,0.1,0.3514766767871929,2020-10-10 23:06:22.768102658,44.94060606060583,0
22023_2020-10-10 00:00:00,2020279N16284,22023,Cameron,2020-10-10 00:00:00,70,4902,1936.0,1377.95833333333,70,17.5910955392466,86231.5503333867,2.91666666666667,2020,10,27.836067891568884,10.190771300151562,76.19451860934186,985.5386307737474,94,94,69.37824074074055,0,2020-10-12 21:22:41.666666666,68.69495711349306,0,0.35114107883817425,0.1,0.17557053941908712,2020-10-12 20:41:41.845608575,69.37824074074055,0
22043_2020-10-10 00:00:00,2020279N16284,22043,Grant,2020-10-10 00:00:00,94,22000,9252.0,1377.95833333333,94,37.0313299648714,814689.259227171,3.91666666666667,2020,10,21.77713058095193,8.249129776538117,125.13429560889158,991.7907490475328,118,118,82.21314285714278,0,2020-10-13 10:12:47.314285714,47.03754963645361,0,0.8503783783783784,0.1,0.4251891891891892,2020-10-11 23:02:15.178691233,82.21314285714278,0
22055_2020-10-10 00:00:00,2020279N16284,22055,Lafayette,2020-10-10 00:00:00,120,247866,56946.0,1377.95833333333,120,43.3374380769725,10741877.4263869,5.0,2020,10,29.11012915726546,8.329522745234236,55.735045416287456,987.6401905906594,144,144,117.00775127768306,0,2020-10-14 21:00:27.904599659,48.085251491900834,0,0.8219909073355685,0.1,0.4109954536677842,2020-10-12 00:05:06.905370843,117.00775127768306,0
22009_2020-10-10 01:00:00,2020279N16284,22009,Avoyelles,2020-10-10 01:00:00,108,38751,21763.0,1378.0,108,14.4109350205774,558438.142982395,4.5,2020,10,24.016003446841456,8.101793524661858,109.03450233729367,988.9261614822248,132,132,42.81739130434778,0,2020-10-11 19:49:02.608695652,18.983751846380834,0,0.6185093281867475,0.1,0.30925466409337377,2020-10-10 19:59:01.506646971,42.81739130434778,0
22097_2020-10-10 01:00:00,2020279N16284,22097,St. Landry,2020-10-10 01:00:00,116,81773,46186.0,1378.0,116,42.2049330828506,3451223.99298394,4.83333333333333,2020,10,26.74222759781133,8.11807977466116,79.61642635019494,988.2730310973128,140,140,96.35288568257472,0,2020-10-14 01:21:10.388457269,66.70351105331584,0,0.6714851442297288,0.1,0.3357425721148644,2020-10-12 19:42:12.639791937,96.35288568257472,0
22037_2020-10-10 01:00:00,2020279N16284,22037,East Feliciana,2020-10-10 01:00:00,75,19135,10427.0,1378.0,75,28.936977901557,553709.072146293,3.125,2020,10,26.968923927705035,9.519407986387739,45.75695599431421,997.5583760274944,99,99,68.73102493074778,0,2020-10-12 21:43:51.689750692,39.21822358346083,0,0.8213943688948477,0.1,0.41069718444742387,2020-10-11 16:13:05.604900459,68.73102493074778,0
22077_2020-10-10 02:00:00,2020279N16284,22077,Pointe Coupee,2020-10-10 02:00:00,71,20151,5088.0,1378.04166666667,71,23.4133254716981,471801.921580189,2.95833333333333,2020,10,27.042478610391488,9.676532384604968,65.28522343891481,992.5887450502996,95,95,46.07900355871861,0,2020-10-12 00:04:44.412811387,32.37952196382417,0,0.8020833333333334,0.1,0.4010416666666667,2020-10-11 10:22:46.279069767,46.07900355871861,0
22047_2020-10-10 02:00:00,2020279N16284,22047,Iberville,2020-10-10 02:00:00,47,29506,9123.0,1378.04166666667,47,7.08111404003483,208935.350865268,1.95833333333333,2020,10,24.84794206484521,11.328914044039202,34.512470109356066,995.8974065443488,71,71,23.519571045576388,0,2020-10-11 01:31:10.455764075,17.947963800904724,0,0.3401442307692308,0.1,0.1700721153846154,2020-10-10 19:56:52.669683257,23.519571045576388,0
22063_2020-10-10 03:00:00,2020279N16284,22063,Livingston,2020-10-10 03:00:00,37,148425,67936.0,1378.08333333333,37,4.3129800350031,640154.061695335,1.54166666666667,2020,10,23.793159773855496,11.753671022427389,28.522633242556587,1000.6129167794012,61,61,18.722719449225277,0,2020-10-10 21:43:21.790017211,15.018895672248888,0,0.28382813994907197,0.1,0.14191406997453598,2020-10-10 18:01:08.024420096,18.722719449225277,0
22085_2020-10-10 03:00:00,2020279N16284,22085,Sabine,2020-10-10 03:00:00,47,21985,16090.0,1378.08333333333,47,5.26298411393033,115706.705744758,1.95833333333333,2020,10,21.754260791327525,8.621338848902276,119.35739198751854,999.694335546092,71,71,19.089387755101946,0,2020-10-10 22:05:21.795918367,19.981632653061112,0,0.17282953203654217,0.1,0.08641476601827108,2020-10-10 22:58:53.877551020,19.089387755101946,0
22069_2020-10-10 03:00:00,2020279N16284,22069,Natchitoches,2020-10-10 03:00:00,67,36663,13400.0,1378.08333333333,67,14.5529119505258,533553.410842126,2.79166666666667,2020,10,20.931668283747527,8.644177835805054,112.48677070948412,997.0052212045018,91,91,45.21186440677945,0,2020-10-12 00:12:42.711864406,20.13323353293389,0,0.5356716417910448,0.1,0.2678358208955224,2020-10-10 23:07:59.640718562,45.21186440677945,0
22091_2020-10-10 03:00:00,2020279N16284,22091,St. Helena,2020-10-10 03:00:00,47,10822,6962.0,1378.08333333333,47,14.8128045681965,160304.171037022,1.95833333333333,2020,10,26.276337039861023,10.625575329279872,31.470847901388503,999.5809981108312,71,71,44.92199999999972,0,2020-10-11 23:55:19.199999999,21.7026699029125,0,0.5769451622164801,0.1,0.28847258110824003,2020-10-11 00:42:09.611650485,44.92199999999972,0
22005_2020-10-10 03:00:00,2020279N16284,22005,Ascension,2020-10-10 03:00:00,24,130458,57918.0,1378.08333333333,24,2.92206066526567,381206.190269229,1.0,2020,10,22.96223529285153,13.251160745983883,27.121536661901622,999.8681870860928,48,48,15.562936486114722,0,2020-10-10 18:33:46.571350013,15.808057124594445,0,0.1692881437870129,0.1,0.08464407189350645,2020-10-10 18:48:29.005648540,15.562936486114722,0
22033_2020-10-10 03:00:00,2020279N16284,22033,East Baton Rouge,2020-10-10 03:00:00,47,450544,216262.0,1378.08333333333,47,8.33978476051795,3757439.9851428,1.95833333333333,2020,10,25.70508301431573,10.893219729593282,39.90045562676946,997.5413762019232,71,71,34.09626998223778,0,2020-10-11 13:05:46.571936056,21.099301044757777,0,0.3466027318715262,0.1,0.1733013659357631,2020-10-11 00:05:57.483761128,34.09626998223778,0
28063_2020-10-10 04:00:00,2020279N16284,28063,Jefferson,2020-10-10 04:00:00,132,7087,4885.0,1378.125,132,26.9363594446885,190897.979384507,5.5,2020,10,25.480154924355595,7.517251250570933,62.02611392037762,993.6473525656615,156,156,114.23589743589723,0,2020-10-14 22:14:09.230769230,70.53649635036473,0,0.417451863990168,0.1,0.208725931995084,2020-10-13 02:32:11.386861313,114.23589743589723,0
22029_2020-10-10 04:00:00,2020279N16284,22029,Concordia,2020-10-10 04:00:00,34,18116,5239.0,1378.125,34,3.3699795103001,61050.5488085967,1.41666666666667,2020,10,24.58854435909132,10.73625855351777,92.22855332763751,991.797398047402,58,58,14.098652291105,0,2020-10-10 18:05:55.148247978,14.10512746769111,0,0.19908379461729336,0.1,0.09954189730864668,2020-10-10 18:06:18.458883688,14.098652291105,0
22127_2020-10-10 04:00:00,2020279N16284,22127,Winn,2020-10-10 04:00:00,110,13205,5378.0,1378.125,110,27.286209638618,360314.39827795,4.58333333333333,2020,10,23.1436546481794,7.389328198015388,104.86993094630625,995.2164014952782,134,134,64.53366013071889,0,2020-10-12 20:32:01.176470588,38.53103448275861,0,0.7653724688835222,0.1,0.3826862344417611,2020-10-11 18:31:51.724137931,64.53366013071889,0
22021_2020-10-10 04:00:00,2020279N16284,22021,Caldwell,2020-10-10 04:00:00,65,9554,6215.0,1378.125,65,10.3490039320597,98874.3835668983,2.70833333333333,2020,10,21.73612712592283,8.718753721369225,114.07957574709602,993.0609275675996,89,89,38.92769230769222,0,2020-10-11 18:55:39.692307692,20.4197103083425,0,0.41480289621882543,0.1,0.20740144810941272,2020-10-11 00:25:10.957110033,38.92769230769222,0
28001_2020-10-10 04:00:00,2020279N16284,28001,Adams,2020-10-10 04:00:00,111,28408,17241.0,1378.125,111,20.2379097694523,574918.540730602,4.625,2020,10,25.42563870773781,7.714654329620337,77.34935297564338,992.9073749363544,135,135,87.21507936507916,0,2020-10-13 19:12:54.285714285,35.710090763480835,0,0.49759266778815475,0.1,0.24879633389407738,2020-10-11 15:42:36.326748531,87.21507936507916,0
28085_2020-10-10 05:00:00,2020279N16284,28085,Lincoln,2020-10-10 05:00:00,45,34717,18000.0,1378.16666666667,45,7.82937401666677,271812.37773662,1.875,2020,10,23.702665694499263,10.644129983043511,22.621478802664036,997.7492535932056,69,69,37.83435996150139,0,2020-10-11 18:50:03.695861405,37.25767098027889,0,0.25859663111731285,0.1,0.12929831555865642,2020-10-11 18:15:27.615529004,37.83435996150139,0
28113_2020-10-10 05:00:00,2020279N16284,28113,Pike,2020-10-10 05:00:00,37,39644,22526.0,1378.16666666667,37,5.83121357085979,231172.630803165,1.54166666666667,2020,10,22.822576163128645,11.195536129974014,19.387631189475577,999.3989205955336,61,61,18.55079365079361,0,2020-10-10 23:33:02.857142857,13.261107050408055,0,0.40626252906743643,0.1,0.20313126453371821,2020-10-10 18:15:39.985381469,18.55079365079361,0
28037_2020-10-10 05:00:00,2020279N16284,28037,Franklin,2020-10-10 05:00:00,129,7642,6768.0,1378.16666666667,129,23.7837329336839,181755.287079212,5.375,2020,10,24.856180257245526,7.496628521700988,47.268479548333104,995.308594783058,153,153,86.17199999999973,0,2020-10-13 19:10:19.199999999,19.90198015252361,0,0.7782780584230178,0.1,0.3891390292115089,2020-10-11 00:54:07.128549085,86.17199999999973,0
28029_2020-10-10 07:00:00,2020279N16284,28029,Copiah,2020-10-10 07:00:00,104,27719,15626.0,1378.25,104,5.94730027626109,164853.216357681,4.33333333333333,2020,10,25.440245015853023,7.96637516758558,30.714928948444555,996.7148454381752,128,128,32.070719178081944,0,2020-10-11 15:04:14.589041095,17.116844132178056,0,0.26059132215538205,0.1,0.13029566107769103,2020-10-11 00:07:00.638875841,32.070719178081944,0
28149_2020-10-10 07:00:00,2020279N16284,28149,Warren,2020-10-10 07:00:00,34,42649,21767.0,1378.25,34,3.3978784796715,144916.11927951,1.41666666666667,2020,10,24.61379438288072,10.44369620396421,63.22777707714077,994.8294469975492,58,58,17.287890624999722,0,2020-10-11 00:17:16.406249999,17.177734374999723,0,0.20518001469507716,0.1,0.10259000734753858,2020-10-11 00:10:39.843749999,17.287890624999722,0
22073_2020-10-10 07:00:00,2020279N16284,22073,Ouachita,2020-10-10 07:00:00,67,157702,80298.0,1378.25,67,13.6961015659068,2159902.60914664,2.79166666666667,2020,10,21.899485128897208,8.4615421094624,112.20559297649788,995.0776146556714,91,91,45.28963165075028,0,2020-10-12 04:17:22.673942701,28.60675562969139,0,0.4598603730851077,0.1,0.22993018654255384,2020-10-11 11:36:24.320266889,45.28963165075028,0
22107_2020-10-10 08:00:00,2020279N16284,22107,Tensas,2020-10-10 08:00:00,32,3846,3689.0,1378.29166666667,32,5.87503388452155,22595.3803198699,1.33333333333333,2020,10,25.54030325846576,10.44621292566411,81.39447305890302,992.3124047433902,56,56,15.001333333333056,0,2020-10-10 23:00:04.799999999,10.86651835372611,0,0.42233667660612634,0.1,0.21116833830306317,2020-10-10 18:51:59.466073414,15.001333333333056,0
22111_2020-10-10 08:00:00,2020279N16284,22111,Union,2020-10-10 08:00:00,39,20721,13678.0,1378.29166666667,39,5.41622031645945,112229.501177356,1.625,2020,10,19.39070081495539,8.738833591671403,108.83289225962912,998.4161075938206,63,63,15.910426959668056,0,2020-10-10 23:54:37.537054805,15.019071589167778,0,0.3132036847492323,0.1,0.15660184237461616,2020-10-10 23:01:08.657721004,15.910426959668056,0
22067_2020-10-10 08:00:00,2020279N16284,22067,Morehouse,2020-10-10 08:00:00,106,24446,12857.0,1378.29166666667,106,26.8487921881556,656345.573831651,4.41666666666667,2020,10,20.37364083722719,7.14138629106007,124.09066620112434,996.2869495026628,130,130,81.77833333333305,0,2020-10-13 17:46:41.999999999,36.25188365995111,0,0.6988410982344249,0.1,0.34942054911721243,2020-10-11 20:15:06.781175824,81.77833333333305,0
22049_2020-10-10 08:00:00,2020279N16284,22049,Jackson,2020-10-10 08:00:00,39,14839,9014.0,1378.29166666667,39,6.86056579875468,101803.935887721,1.625,2020,10,22.749642303072168,9.215209856383055,93.80702078181862,996.8495950969826,63,63,35.06620046620028,0,2020-10-11 19:03:58.321678321,11.799271092703334,0,0.3936099400931884,0.1,0.1968049700465942,2020-10-10 19:47:57.375933732,35.06620046620028,0
22059_2020-10-10 09:00:00,2020279N16284,22059,LaSalle,2020-10-10 09:00:00,36,14729,5838.0,1378.33333333333,36,9.13841098481282,134599.655395308,1.5,2020,10,21.807169877888523,9.787457971931786,110.61616149345888,991.191822993035,60,60,11.701809954751111,0,2020-10-10 20:42:06.515837104,8.682187349699445,0,0.8033573141486811,0.1,0.40167865707434053,2020-10-10 17:40:55.874458918,11.701809954751111,0
05003_2020-10-10 11:00:00,2020279N16284,05003,Ashley,2020-10-10 11:00:00,30,18354,8952.0,1378.41666666667,30,2.47263650453297,45382.770404198,1.25,2020,10,19.461074044058964,9.31763020084706,114.36960862188428,997.6785150006244,54,54,10.62798165137611,0,2020-10-10 21:37:40.733944954,10.6215596330275,0,0.20031351472399508,0.1,0.10015675736199754,2020-10-10 21:37:17.614678899,10.62798165137611,0
37075_2020-10-27 20:00:00,2020299N18277,37075,Graham,2020-10-27 20:00:00,55,7980,6337.0,1395.83333333333,55,8.22376518857504,65625.6462048288,2.29166666666667,2020,10,26.65215577431095,10.471906325148177,65.12496386681798,995.4969182342232,79,79,48.95378065395084,0,2020-10-29 20:57:13.610354223,48.09042915531333,0,1.0,0.1,0.5,2020-10-29 20:05:25.544959128,48.95378065395084,0
01013_2020-10-28 00:00:00,2020299N18277,01013,Butler,2020-10-28 00:00:00,75,18650,9859.0,1396.0,75,13.7275258604063,256018.357296577,3.125,2020,10,30.63154882169717,9.368036480120413,26.477087200851816,999.8732777488798,99,99,69.36425120772944,0,2020-10-30 21:21:51.304347826,42.38684834123222,0,0.6805491990846682,0.1,0.3402745995423341,2020-10-29 18:23:12.654028436,69.36425120772944,0
13123_2020-10-28 10:00:00,2020299N18277,13123,Gilmer,2020-10-28 10:00:00,86,32407,14335.0,1396.41666666667,86,35.0248883223767,1135051.55586326,3.58333333333333,2020,10,29.420136717130557,10.150832557003456,74.88850586858737,995.7506100751772,110,110,86.0,1,,74.45535714285694,0,0.8626199887069452,0.1,0.4313099943534726,2020-10-31 12:27:19.285714285,86.0,1
13011_2020-10-28 13:00:00,2020299N18277,13011,Banks,2020-10-28 13:00:00,59,19328,9168.0,1396.54166666667,59,5.34253239421913,103260.466115467,2.45833333333333,2020,10,28.122055007000355,8.879453908133806,45.267839342051616,999.5867866709184,83,83,52.224999999999724,0,2020-10-30 17:13:29.999999999,30.777153558052223,0,0.2937711355950693,0.1,0.14688556779753464,2020-10-29 19:46:37.752808988,52.224999999999724,0
51590_2020-10-28 18:00:00,2020299N18277,51590,Danville,2020-10-28 18:00:00,53,42229,13504.0,1396.75,53,17.8594675581476,754187.455513014,2.20833333333333,2020,10,28.92788370917825,9.665989002259842,28.851361890487816,996.0007061887254,77,77,0.9781309118425,0,2020-10-28 18:58:41.271282633,39.389784852275,0,0.9633441943127962,0.1,0.4816720971563981,2020-10-30 09:23:23.225468190,0.9781309118425,0
22051_2020-10-28 22:00:00,2020299N18277,22051,Jefferson,2020-10-28 22:00:00,74,425884,212391.0,1396.91666666667,74,49.5829932623458,21116603.5025409,3.08333333333333,2020,10,29.777330328593035,10.236952638702151,61.31825657959501,989.742519811603,98,98,74.0,1,,74.0,1,0.8436233173722051,0.1,0.42181165868610254,,74.0,1
22109_2020-10-28 22:00:00,2020299N18277,22109,Terrebonne,2020-10-28 22:00:00,74,104786,27783.0,1396.91666666667,74,31.1812979159918,3267363.48342512,3.08333333333333,2020,10,22.815997794805057,9.472264198294997,40.5385876351313,990.9080509444102,98,98,74.0,1,,49.23841059602639,0,0.6426231868408739,0.1,0.32131159342043697,2020-10-30 23:14:18.278145695,74.0,1
22057_2020-10-28 22:00:00,2020299N18277,22057,Lafourche,2020-10-28 22:00:00,74,95870,44281.0,1396.91666666667,74,17.02738313435,1632415.22109013,3.08333333333333,2020,10,26.51533428630064,9.516921868052258,50.35661850292055,991.0278351378804,98,98,74.0,1,,66.01429753454028,0,0.35234073304577584,0.1,0.17617036652288792,2020-10-31 16:00:51.471124345,74.0,1
22075_2020-10-28 22:00:00,2020299N18277,22075,Plaquemines,2020-10-28 22:00:00,74,22516,12671.0,1396.91666666667,74,53.3866970549947,1202054.87089026,3.08333333333333,2020,10,35.53694959926568,12.158586192311848,44.16051230474063,994.1010544247137,98,98,74.0,1,,74.0,1,0.9809801909872938,0.1,0.4904900954936469,,74.0,1
22087_2020-10-28 22:00:00,2020299N18277,22087,St. Bernard,2020-10-28 22:00:00,74,44479,20460.0,1396.91666666667,74,63.8587987049499,2840375.50759747,3.08333333333333,2020,10,35.08887664521931,12.220073910146946,53.25315176051553,991.924757827213,98,98,74.0,1,,74.0,1,0.9715053763440861,0.1,0.48575268817204303,,74.0,1
22071_2020-10-28 23:00:00,2020299N18277,22071,Orleans,2020-10-28 23:00:00,73,369749,194337.0,1396.95833333333,73,37.9621811895637,14036478.53266,3.04166666666667,2020,10,30.83188057501879,10.143767091359493,69.78397879412849,988.6062964650146,97,97,73.0,1,,50.711603211603055,0,0.8032953066065649,0.1,0.40164765330328245,2020-10-31 01:42:41.771561771,73.0,1
28045_2020-10-28 23:00:00,2020299N18277,28045,Hancock,2020-10-28 23:00:00,73,46094,26221.0,1396.95833333333,73,44.0784104343847,2031750.25056253,3.04166666666667,2020,10,30.99188992602053,9.565396154329761,64.58662819221723,989.3322068546564,97,97,73.0,1,,73.0,1,0.7679340986232409,0.1,0.38396704931162046,,73.0,1
22089_2020-10-28 23:00:00,2020299N18277,22089,St. Charles,2020-10-28 23:00:00,73,50998,23012.0,1396.95833333333,73,34.0971232986371,1738885.09398389,3.04166666666667,2020,10,23.89522724688206,8.884185159524161,62.443332234516625,989.916045995844,97,97,73.0,1,,50.04373309287639,0,0.770337215365896,0.1,0.385168607682948,2020-10-31 01:02:37.439134355,73.0,1
22095_2020-10-29 00:00:00,2020299N18277,22095,St. John the Baptist,2020-10-29 00:00:00,24,39864,19859.0,1397.0,24,4.99033183946825,198934.588448562,1.0,2020,10,22.155769410918037,12.707645190063912,62.71188888533772,993.2553170490507,48,48,19.136523652365,0,2020-10-29 19:08:11.485148514,17.23417132216,0,0.3215166926834181,0.1,0.16075834634170905,2020-10-29 17:14:03.016759776,19.136523652365,0
22103_2020-10-29 00:00:00,2020299N18277,22103,St. Tammany,2020-10-29 00:00:00,47,273263,127840.0,1397.0,47,16.8726198679717,4610662.72298155,1.95833333333333,2020,10,27.190692000918915,11.054985590209922,72.15278192630245,991.3138316695602,71,71,43.152780806979166,0,2020-10-30 19:09:10.010905125,23.47158676076889,0,0.6103223585916661,0.1,0.30516117929583303,2020-10-29 23:28:17.712338768,43.152780806979166,0
28109_2020-10-29 01:00:00,2020299N18277,28109,Pearl River,2020-10-29 01:00:00,50,57261,29839.0,1397.04166666667,50,10.2938436274674,589435.779952411,2.08333333333333,2020,10,26.055543763126007,9.815512423557523,63.98417771451521,991.5374898055207,74,74,42.74511320754694,0,2020-10-30 19:44:42.407547169,42.335849056603614,0,0.3453869097489862,0.1,0.1726934548744931,2020-10-30 19:20:09.056603773,42.74511320754694,0
28059_2020-10-29 01:00:00,2020299N18277,28059,Jackson,2020-10-29 01:00:00,71,144975,78978.0,1397.04166666667,71,25.599515038713,3711289.69273742,2.95833333333333,2020,10,35.830245237530406,10.064653404817326,48.51184247175829,994.5115325029484,95,95,71.0,1,,36.97254150702417,0,0.6651936639781202,0.1,0.3325968319890601,2020-10-30 13:58:21.149425287,71.0,1
28047_2020-10-29 01:00:00,2020299N18277,28047,Harrison,2020-10-29 01:00:00,71,211044,102896.0,1397.04166666667,71,50.8596252526823,10733618.7518271,2.95833333333333,2020,10,34.054175739828864,10.209211769252345,57.26274824842644,990.4212237474696,95,95,71.0,1,,61.66773675762417,0,0.952437412533043,0.1,0.4762187062665215,2020-10-31 14:40:03.852327447,71.0,1
28039_2020-10-29 01:00:00,2020299N18277,28039,George,2020-10-29 01:00:00,71,25206,16764.0,1397.04166666667,71,49.3237890718206,1243255.42734431,2.95833333333333,2020,10,32.31036957140011,8.921648972929422,56.17923265126111,991.2595658383808,95,95,71.0,1,,71.0,1,0.8564781675017895,0.1,0.42823908375089476,,71.0,1
28131_2020-10-29 01:00:00,2020299N18277,28131,Stone,2020-10-29 01:00:00,71,18669,9525.0,1397.04166666667,71,41.241154855643,769931.12,2.95833333333333,2020,10,30.940596026466004,8.708902584066367,58.6372885387391,989.9018452380952,95,95,71.0,1,,48.69565217391278,0,0.9020472440944882,0.1,0.4510236220472441,2020-10-31 01:41:44.347826086,71.0,1
28041_2020-10-29 02:00:00,2020299N18277,28041,Greene,2020-10-29 02:00:00,70,13552,8867.33333333333,1397.08333333333,70,43.0015794223827,582757.40433213,2.91666666666667,2020,10,27.20460931780607,8.707571211801815,58.56608367435665,991.601894123783,94,94,70.0,1,,70.0,1,0.7518050541516246,0.1,0.3759025270758123,,70.0,1
01097_2020-10-29 02:00:00,2020299N18277,01097,Mobile,2020-10-29 02:00:00,70,411411,208689.0,1397.08333333333,70,19.2540402295216,7921323.94486771,2.91666666666667,2020,10,34.58355528502052,9.948632448747103,46.03032524828758,996.575615311177,94,94,66.72973421926889,0,2020-10-31 20:43:47.043189368,31.411304951475,0,0.5173248230620684,0.1,0.2586624115310342,2020-10-30 09:24:40.697825310,66.72973421926889,0
28111_2020-10-29 02:00:00,2020299N18277,28111,Perry,2020-10-29 02:00:00,70,11368,7283.0,1397.08333333333,70,16.250858162845,184739.755595222,2.91666666666667,2020,10,24.98017237758926,8.441615984972254,54.51536907936166,990.6039257218846,94,94,68.4322580645161,0,2020-10-31 22:25:56.129032258,13.440721649484445,0,0.5922010160648085,0.1,0.29610050803240423,2020-10-29 15:26:26.597938144,68.4322580645161,0
01025_2020-10-29 03:00:00,2020299N18277,01025,Clarke,2020-10-29 03:00:00,69,22515,7796.0,1397.125,69,53.3319475582377,1200768.79927372,2.875,2020,10,30.85250286198564,8.723482036237973,61.129752035349696,993.3301150926656,93,93,69.0,1,,69.0,1,1.0,0.1,0.5,,69.0,1
01053_2020-10-29 03:00:00,2020299N18277,01053,Escambia,2020-10-29 03:00:00,43,36666,11541.0,1397.125,43,11.6325130455764,426517.723329103,1.79166666666667,2020,10,31.79048314283597,10.747195263242524,22.286509676520517,1001.6505898953744,67,67,43.0,1,,22.408846281409446,0,0.45022095139069407,0.1,0.22511047569534703,2020-10-30 01:24:31.846613074,43.0,1
28153_2020-10-29 04:00:00,2020299N18277,28153,Wayne,2020-10-29 04:00:00,45,19681,12180.0,1397.16666666667,45,4.53245282040889,89203.2039584674,1.875,2020,10,24.03992508902338,9.750656312135144,53.268488329087425,991.5127399553572,69,69,16.389393939393887,0,2020-10-29 20:23:21.818181818,13.89572614486389,0,0.21026272577996716,0.1,0.10513136288998358,2020-10-29 17:53:44.614121510,16.389393939393887,0
01091_2020-10-29 05:00:00,2020299N18277,01091,Marengo,2020-10-29 05:00:00,67,18745,9033.0,1397.20833333333,67,15.2745832695212,286322.063387175,2.79166666666667,2020,10,23.818900653713783,8.276459136944126,63.64522023638996,991.2916879491786,91,91,67.0,1,,67.0,1,0.2914867707295472,0.1,0.1457433853647736,,67.0,1
01035_2020-10-29 05:00:00,2020299N18277,01035,Conecuh,2020-10-29 05:00:00,58,11206,569.0,1397.20833333333,58,14.98769771529,167952.14059754,2.41666666666667,2020,10,32.59086611675868,9.619422597863414,20.186708624609846,1000.4602252355174,82,82,58.0,1,,38.912499999999724,0,0.3989455184534271,0.1,0.19947275922671354,2020-10-30 19:54:44.999999999,58.0,1
01131_2020-10-29 05:00:00,2020299N18277,01131,Wilcox,2020-10-29 05:00:00,67,10059,6595.0,1397.20833333333,67,61.0717159081053,614320.390319632,2.79166666666667,2020,10,32.90507028150665,8.711185542756224,49.65921469190405,995.0823573218264,91,91,67.0,1,,67.0,1,1.0,0.1,0.5,,67.0,1
01099_2020-10-29 05:00:00,2020299N18277,01099,Monroe,2020-10-29 05:00:00,67,19404,7448.0,1397.20833333333,67,30.5217932541268,592244.876303077,2.79166666666667,2020,10,33.859829070644125,8.942119735748605,39.48858599956051,997.433572643058,91,91,67.0,1,,57.398245614035,0,0.678341384863124,0.1,0.339170692431562,2020-10-31 14:23:53.684210526,67.0,1
01105_2020-10-29 05:00:00,2020299N18277,01105,Perry,2020-10-29 05:00:00,67,8035,4951.0,1397.20833333333,67,37.4698045938907,301069.879911912,2.79166666666667,2020,10,24.534012208501974,8.665561331155478,58.01819234966753,992.0908250711178,91,91,67.0,1,,52.1422392359925,0,0.7806503736618865,0.1,0.39032518683094325,2020-10-31 09:08:32.061249573,67.0,1
01001_2020-10-29 06:00:00,2020299N18277,01001,Autauga,2020-10-29 06:00:00,66,59759,30490.0,1397.25,66,16.3201498487503,975275.83481147,2.75,2020,10,34.406994818090425,9.152431217975842,34.580873748726724,995.7347425050814,90,90,66.0,1,,40.82830921585889,0,0.41948179731059365,0.1,0.20974089865529683,2020-10-30 22:49:41.913177092,66.0,1
01021_2020-10-29 06:00:00,2020299N18277,01021,Chilton,2020-10-29 06:00:00,66,45884,28034.0,1397.25,66,40.8602671328844,1874832.49712527,2.75,2020,10,30.459845195129045,9.286918081381383,40.84082803373196,993.4004113247862,90,90,66.0,1,,66.0,1,0.8205036741100092,0.1,0.4102518370550046,,66.0,1
01047_2020-10-29 06:00:00,2020299N18277,01047,Dallas,2020-10-29 06:00:00,66,36767,23364.0,1397.25,66,49.9913407230569,1838031.62436463,2.75,2020,10,32.49933003702222,8.651579933604973,50.94493628369972,994.2854849137929,90,90,66.0,1,,66.0,1,0.9657854471268276,0.1,0.4828927235634138,,66.0,1
01085_2020-10-29 06:00:00,2020299N18277,01085,Lowndes,2020-10-29 06:00:00,66,9777,5949.0,1397.25,66,26.4893893007653,258986.759193582,2.75,2020,10,33.29762447394317,8.969013503676976,25.44146136773209,997.7847384605354,90,90,66.0,1,,38.267748599235276,0,0.7911551778407302,0.1,0.3955775889203651,2020-10-30 20:16:03.894957247,66.0,1
01037_2020-10-29 07:00:00,2020299N18277,01037,Coosa,2020-10-29 07:00:00,65,10166,8676.0,1397.29166666667,65,39.1187961806331,397681.681972316,2.70833333333333,2020,10,34.5238681343747,9.643019041002935,30.22524925072613,995.795683534743,89,89,65.0,1,,65.0,1,0.7676348547717843,0.1,0.38381742738589214,,65.0,1
01063_2020-10-29 07:00:00,2020299N18277,01063,Greene,2020-10-29 07:00:00,29,7422,2601.0,1397.29166666667,29,4.03729334871203,29964.7912341407,1.20833333333333,2020,10,18.53238164972376,10.676649243710008,43.06369115081098,993.4443912037036,53,53,17.347058823529167,0,2020-10-30 00:20:49.411764705,15.841902313624445,0,0.2518262206843522,0.1,0.1259131103421761,2020-10-29 22:50:30.848329048,17.347058823529167,0
01051_2020-10-29 07:00:00,2020299N18277,01051,Elmore,2020-10-29 07:00:00,65,89563,47112.0,1397.29166666667,65,17.6852993082955,1583948.46194887,2.70833333333333,2020,10,32.763428777909205,9.410631660245684,23.261083946011308,998.1394487319532,89,89,65.0,1,,30.05934400490389,0,0.5318602479198505,0.1,0.26593012395992527,2020-10-30 13:03:33.638417654,65.0,1
01007_2020-10-29 07:00:00,2020299N18277,01007,Bibb,2020-10-29 07:00:00,65,22005,11546.0,1397.29166666667,65,16.1476500716502,355329.039826662,2.70833333333333,2020,10,21.7874890973491,8.830639801426354,48.61939547943972,991.0104770665324,89,89,62.23142857142833,0,2020-10-31 21:13:53.142857142,15.847727272727223,0,0.7185172354062013,0.1,0.35925861770310064,2020-10-29 22:50:51.818181818,62.23142857142833,0
01121_2020-10-29 08:00:00,2020299N18277,01121,Talladega,2020-10-29 08:00:00,64,80704,39098.0,1397.33333333333,64,24.4974393158939,1977041.3425499,2.66666666666667,2020,10,29.961829807858905,9.569899386123154,32.59773607072294,993.8401742788462,88,88,64.0,1,,55.438193345058615,0,0.6204492299545474,0.1,0.3102246149772737,2020-10-31 15:26:17.496042211,64.0,1
13149_2020-10-29 08:00:00,2020299N18277,13149,Heard,2020-10-29 08:00:00,60,11725,6117.0,1397.33333333333,60,16.0130783063593,187753.343142063,2.5,2020,10,31.79319351629504,10.202546350408356,21.085112687635117,998.355989747634,84,84,39.85425531914889,0,2020-10-30 23:51:15.319148936,29.283755274261388,0,0.6025012260912213,0.1,0.3012506130456106,2020-10-30 13:17:01.518987341,39.85425531914889,0
13113_2020-10-29 08:00:00,2020299N18277,13113,Fayette,2020-10-29 08:00:00,30,122030,53734.0,1397.33333333333,30,2.24812967581047,274339.264339152,1.25,2020,10,33.528905516689264,12.388630025295075,16.713668366225022,999.8444273361652,54,54,7.561517367458611,0,2020-10-29 15:33:41.462522851,7.630255941498889,0,0.19440205456507983,0.1,0.09720102728253992,2020-10-29 15:37:48.921389396,7.561517367458611,0
13143_2020-10-29 08:00:00,2020299N18277,13143,Haralson,2020-10-29 08:00:00,64,31337,14643.0,1397.33333333333,64,25.2953582659734,792680.64198081,2.66666666666667,2020,10,32.58783178167829,10.218694482048049,28.908936245272226,996.1108927436442,88,88,64.0,1,,34.60546596195833,0,0.6915932527487537,0.1,0.34579662637437686,2020-10-30 18:36:19.677463050,64.0,1
13045_2020-10-29 08:00:00,2020299N18277,13045,Carroll,2020-10-29 08:00:00,48,124592,54261.0,1397.33333333333,48,10.1033424986931,1258795.64859717,2.0,2020,10,32.41837294769287,11.13240290239122,27.066023284569383,997.30177671875,72,72,36.485612788632224,0,2020-10-30 20:29:08.206039076,13.680177679066944,0,0.49523598901605204,0.1,0.24761799450802602,2020-10-29 21:40:48.639644641,36.485612788632224,0
13077_2020-10-29 08:00:00,2020299N18277,13077,Coweta,2020-10-29 08:00:00,33,152882,55139.0,1397.33333333333,33,4.42926059594842,677154.218429787,1.375,2020,10,30.161898275522088,11.919843196151847,17.98590089880176,999.3392855425824,57,57,20.107706535141666,0,2020-10-30 04:06:27.743526510,12.18952380952361,0,0.3293675982516912,0.1,0.1646837991258456,2020-10-29 20:11:22.285714285,20.107706535141666,0
01027_2020-10-29 08:00:00,2020299N18277,01027,Clay,2020-10-29 08:00:00,64,14198,7003.0,1397.33333333333,64,32.4633478519401,460914.612801846,2.66666666666667,2020,10,33.061358000740164,9.980327631608402,29.503985557941686,996.0195364583332,88,88,64.0,1,,26.772998805256666,0,0.7956037681986868,0.1,0.3978018840993434,2020-10-30 10:46:22.795698924,64.0,1
13067_2020-10-29 09:00:00,2020299N18277,13067,Cobb,2020-10-29 09:00:00,44,771952,288188.0,1397.375,44,7.90522855245793,6102456.99152701,1.83333333333333,2020,10,31.545889374869216,11.463943793152561,28.71012269253177,997.1423446428572,68,68,32.5388156257775,0,2020-10-30 17:32:19.736252799,19.588821668145,0,0.3000818909878274,0.1,0.1500409454939137,2020-10-30 04:35:19.758005322,32.5388156257775,0
01101_2020-10-29 09:00:00,2020299N18277,01101,Montgomery,2020-10-29 09:00:00,25,226361,105529.0,1397.375,25,2.78086694276543,629479.822031325,1.04166666666667,2020,10,30.469118218296924,12.010899836213586,15.336790638330502,999.8630488256867,49,49,11.253451407810834,0,2020-10-29 20:15:12.425068119,11.045413260671944,0,0.20868197367548258,0.1,0.10434098683774129,2020-10-29 20:02:43.487738419,11.253451407810834,0
13291_2020-10-29 09:00:00,2020299N18277,13291,Union,2020-10-29 09:00:00,41,26388,19165.0,1397.375,41,7.57422384555179,199868.618836421,1.70833333333333,2020,10,29.20981880714153,11.513581813657103,44.93990326407311,997.1389938038792,65,65,35.46047430830028,0,2020-10-30 20:27:37.707509881,12.653153153153056,0,0.39733889903469866,0.1,0.19866944951734933,2020-10-29 21:39:11.351351351,35.46047430830028,0
13097_2020-10-29 09:00:00,2020299N18277,13097,Douglas,2020-10-29 09:00:00,45,147316,60698.0,1397.375,45,5.9349566707305,874314.076905335,1.875,2020,10,30.18725193671461,11.43307919882998,24.702749228245526,997.5134986733492,69,69,30.2683574879225,0,2020-10-30 15:16:06.086956521,22.114406779660833,0,0.25849286632178986,0.1,0.12924643316089493,2020-10-30 07:06:51.864406779,30.2683574879225,0
13129_2020-10-29 09:00:00,2020299N18277,13129,Gordon,2020-10-29 09:00:00,40,58954,16132.0,1397.375,40,6.73616203609681,397123.696676052,1.66666666666667,2020,10,27.311968224947574,10.786565970446244,34.17622922064706,993.8153355532788,64,64,25.047727272727222,0,2020-10-30 10:02:51.818181818,11.185734463276667,0,0.4827692118680509,0.1,0.24138460593402544,2020-10-29 20:11:08.644067796,25.047727272727222,0
13115_2020-10-29 09:00:00,2020299N18277,13115,Floyd,2020-10-29 09:00:00,63,99443,46260.0,1397.375,63,11.1606571552097,1109849.22948552,2.625,2020,10,28.243380734414767,9.626859584323043,31.569460125562422,992.9941691820552,87,87,56.69483568075111,0,2020-10-31 17:41:41.408450704,16.87899159663861,0,0.3864677907479464,0.1,0.1932338953739732,2020-10-30 01:52:44.369747899,56.69483568075111,0
13055_2020-10-29 09:00:00,2020299N18277,13055,Chattooga,2020-10-29 09:00:00,31,24936,13504.0,1397.375,31,3.05241877437137,76115.1145577244,1.29166666666667,2020,10,25.311803852012776,11.51734703180254,37.74119495737652,992.0727530875748,55,55,11.780465116278888,0,2020-10-29 20:46:49.674418604,11.037209302325556,0,0.2473341232227488,0.1,0.1236670616113744,2020-10-29 20:02:13.953488372,11.780465116278888,0
13233_2020-10-29 09:00:00,2020299N18277,13233,Polk,2020-10-29 09:00:00,59,43709,19380.0,1397.375,59,12.1567881265732,531361.052224387,2.45833333333333,2020,10,31.019097413845405,10.413038748682048,27.57732118033765,994.4898844498504,83,83,38.24919354838694,0,2020-10-30 23:14:57.096774193,13.411272321428333,0,0.5990196078431372,0.1,0.2995098039215686,2020-10-29 22:24:40.580357142,38.24919354838694,0
13089_2020-10-29 09:00:00,2020299N18277,13089,DeKalb,2020-10-29 09:00:00,48,762820,347855.0,1397.375,48,8.33991461959724,6361853.67012117,2.0,2020,10,28.79051875721325,11.311022676410097,19.733952356671747,998.7810326704548,72,72,34.78144280968194,0,2020-10-30 19:46:53.194114855,16.705015197568333,0,0.3768437998591367,0.1,0.18842189992956834,2020-10-30 01:42:18.054711246,34.78144280968194,0
13057_2020-10-29 09:00:00,2020299N18277,13057,Cherokee,2020-10-29 09:00:00,60,281278,114893.0,1397.375,60,8.08437080099048,2273955.650161,2.5,2020,10,31.56641037330199,10.801360940576048,36.301003284543086,997.1066813553372,84,84,34.650671140939444,0,2020-10-30 19:39:02.416107382,13.340967212682777,0,0.34220004825423084,0.1,0.17110002412711542,2020-10-29 22:20:27.481965658,34.650671140939444,0
01123_2020-10-29 09:00:00,2020299N18277,01123,Tallapoosa,2020-10-29 09:00:00,63,40977,21446.0,1397.375,63,22.7084263984329,930523.188528586,2.625,2020,10,32.09152354386748,9.845431577722165,24.620412078947222,998.210144262566,87,87,63.0,1,,33.676425269645556,0,0.6983120395411732,0.1,0.3491560197705866,2020-10-30 18:40:35.130970724,63.0,1
13015_2020-10-29 09:00:00,2020299N18277,13015,Bartow,2020-10-29 09:00:00,56,112816,36164.0,1397.375,56,10.4930706497356,1183786.25842057,2.33333333333333,2020,10,28.63287002012735,10.508777079005151,30.45820097207644,995.0426736664012,80,80,36.6675847457625,0,2020-10-30 21:40:03.305084745,11.56094977765861,0,0.5462934905374508,0.1,0.2731467452687254,2020-10-29 20:33:39.419199571,36.6675847457625,0
13227_2020-10-29 10:00:00,2020299N18277,13227,Pickens,2020-10-29 10:00:00,62,34826,10213.0,1397.41666666667,62,26.4216817293763,920161.487907259,2.58333333333333,2020,10,28.918853326277304,10.85726910388495,39.90625717084517,996.2911541193182,86,86,59.96774193548361,0,2020-10-31 21:58:03.870967741,32.02771056123639,0,0.7541956131449535,0.1,0.37709780657247677,2020-10-30 18:01:39.758020451,59.96774193548361,0
13139_2020-10-29 10:00:00,2020299N18277,13139,Hall,2020-10-29 10:00:00,55,212692,86143.0,1397.41666666667,55,9.01170047894528,1916716.59826783,2.29166666666667,2020,10,31.639750430458477,10.518803829176212,36.813853915942744,999.175176451659,79,79,35.65150375939833,0,2020-10-30 21:39:05.413533834,10.749476622470278,0,0.487538163286628,0.1,0.243769081643314,2020-10-29 20:44:58.115840893,35.65150375939833,0
13187_2020-10-29 10:00:00,2020299N18277,13187,Lumpkin,2020-10-29 10:00:00,62,34796,16140.0,1397.41666666667,62,25.2785573290824,879592.68082275,2.58333333333333,2020,10,33.09988700018988,10.561736940058774,48.41704207381565,998.4258827861952,86,86,57.83263523703583,0,2020-10-31 19:49:57.486853329,34.690260483011386,0,0.7278500619578686,0.1,0.3639250309789343,2020-10-30 20:41:24.937738841,57.83263523703583,0
13111_2020-10-29 10:00:00,2020299N18277,13111,Fannin,2020-10-29 10:00:00,62,25737,21762.0,1397.41666666667,62,19.3167875816274,497156.161988345,2.58333333333333,2020,10,28.50928044752641,10.878587421982788,37.6906848819503,995.5850381747156,86,86,62.0,1,,13.1906332453825,0,0.783761429949915,0.1,0.3918807149749575,2020-10-29 23:11:26.279683377,62.0,1
13085_2020-10-29 10:00:00,2020299N18277,13085,Dawson,2020-10-29 10:00:00,62,30138,14712.0,1397.41666666667,62,21.2243610936924,639659.794641702,2.58333333333333,2020,10,32.07216440836589,10.652703168410666,44.7110575224672,997.8974133184524,86,86,58.45555555555528,0,2020-10-31 20:27:19.999999999,29.079184339314722,0,0.6753670473083198,0.1,0.3376835236541599,2020-10-30 15:04:45.063621533,58.45555555555528,0
13137_2020-10-29 10:00:00,2020299N18277,13137,Habersham,2020-10-29 10:00:00,62,47475,18787.0,1397.41666666667,62,20.3847234093724,967764.743859955,2.58333333333333,2020,10,29.652192259863984,9.642486701108188,51.859534305366246,999.0172659060252,86,86,62.0,1,,25.574029126213333,0,0.732765710415558,0.1,0.366382855207779,2020-10-30 11:34:26.504854368,62.0,1
13135_2020-10-29 10:00:00,2020299N18277,13135,Gwinnett,2020-10-29 10:00:00,34,975353,348209.0,1397.41666666667,34,3.96379986059501,3866104.08543092,1.41666666666667,2020,10,28.123377033225143,11.802968959509524,21.350946157075512,998.8899730303456,58,58,24.640058601036944,0,2020-10-30 10:38:24.210963733,10.492181103384445,0,0.2299768242635888,0.1,0.1149884121317944,2020-10-29 20:29:31.851972184,24.640058601036944,0
13117_2020-10-29 10:00:00,2020299N18277,13117,Forsyth,2020-10-29 10:00:00,30,267237,101228.0,1397.41666666667,30,3.83768760827745,1025572.12337324,1.25,2020,10,28.81557183140673,12.261396334858867,34.156703582026545,998.2328680945694,54,54,12.819769673704167,0,2020-10-29 22:49:11.170825335,6.982441923284444,0,0.3284170387639783,0.1,0.16420851938198916,2020-10-29 16:58:56.790923824,12.819769673704167,0
13241_2020-10-29 11:00:00,2020299N18277,13241,Rabun,2020-10-29 11:00:00,61,17206,14888.0,1397.45833333333,61,39.3054987216455,676290.411004632,2.54166666666667,2020,10,28.48940963935377,9.739754677490351,60.514726945456864,998.5722665991271,85,85,61.0,1,,31.793294628809445,0,0.9797986281292128,0.1,0.4898993140646064,2020-10-30 18:47:35.860663714,61.0,1
37113_2020-10-29 11:00:00,2020299N18277,37113,Macon,2020-10-29 11:00:00,37,38065,28331.0,1397.45833333333,37,3.97894309326965,151458.468845309,1.54166666666667,2020,10,28.801642298027453,11.65434787115967,51.37879569013559,997.7541527908066,61,61,13.429191616766389,0,2020-10-30 00:25:45.089820359,8.171232876712223,0,0.24469699643525217,0.1,0.12234849821762608,2020-10-29 19:10:16.438356164,13.429191616766389,0
13311_2020-10-29 11:00:00,2020299N18277,13311,White,2020-10-29 11:00:00,61,28806,33847.0,1397.45833333333,61,27.1447491094711,781931.642847424,2.54166666666667,2020,10,32.412076364352004,10.238268545238219,51.20238939696175,998.6329459891732,85,85,61.0,1,,36.07516072895417,0,0.8500470639345449,0.1,0.42502353196727244,2020-10-30 23:04:30.578624235,61.0,1
13223_2020-10-29 11:00:00,2020299N18277,13223,Paulding,2020-10-29 11:00:00,53,178421,62113.0,1397.45833333333,53,8.92230908507525,1591927.30926821,2.20833333333333,2020,10,28.71999684433264,10.976924710535508,25.726606268035763,996.1544303585122,77,77,37.28711974110028,0,2020-10-31 00:17:13.631067961,16.445851641250833,0,0.4164345628129377,0.1,0.20821728140646886,2020-10-30 03:26:45.065908503,37.28711974110028,0
13257_2020-10-29 11:00:00,2020299N18277,13257,Stephens,2020-10-29 11:00:00,55,26767,13917.0,1397.45833333333,55,9.8299920959977,263119.39843357,2.29166666666667,2020,10,28.050564016614643,9.37514343947842,37.10173044059122,999.5810407366072,79,79,26.716666666666388,0,2020-10-30 13:42:59.999999999,12.769931102361944,0,0.5684774017388805,0.1,0.28423870086944025,2020-10-29 23:46:11.751968503,26.716666666666388,0
45077_2020-10-29 12:00:00,2020299N18277,45077,Pickens,2020-10-29 12:00:00,60,133462,75254.0,1397.5,60,12.5358928560444,1673065.3323534,2.5,2020,10,34.38478091964148,8.671774983214002,50.11443894345986,999.1828643385808,84,84,60.0,1,,35.273987453666386,0,0.35927419884639133,0.1,0.17963709942319567,2020-10-30 23:16:26.354833199,60.0,1
45073_2020-10-29 12:00:00,2020299N18277,45073,Oconee,2020-10-29 12:00:00,60,80180,38699.0,1397.5,60,13.6433109975069,1093920.6757801,2.5,2020,10,30.752020478761697,8.562257578262681,52.22142918417539,999.284574515782,84,84,55.19158878504667,0,2020-10-31 19:11:29.719626168,35.546188065325,0,0.37456733998036884,0.1,0.18728366999018442,2020-10-30 23:32:46.277035170,55.19158878504667,0
45045_2020-10-29 12:00:00,2020299N18277,45045,Greenville,2020-10-29 12:00:00,55,547950,249175.0,1397.5,55,7.92658396184609,4343371.68189356,2.29166666666667,2020,10,31.62553916782829,9.404965513141274,32.02861736959723,999.392094566373,79,79,34.60259588400361,0,2020-10-30 22:36:09.345182413,29.720735535689165,0,0.28240372964862026,0.1,0.14120186482431013,2020-10-30 17:43:14.647928481,34.60259588400361,0
37089_2020-10-29 12:00:00,2020299N18277,37089,Henderson,2020-10-29 12:00:00,38,118106,66001.0,1397.5,38,4.25934455538552,503054.148058363,1.58333333333333,2020,10,28.765827756498307,11.428415420851294,48.874111688499156,997.9120469545164,62,62,18.852717391304168,0,2020-10-30 06:51:09.782608695,32.21433002481389,0,0.1741943303889335,0.1,0.08709716519446675,2020-10-30 20:12:51.588089330,18.852717391304168,0
37175_2020-10-29 12:00:00,2020299N18277,37175,Transylvania,2020-10-29 12:00:00,50,33355,22886.0,1397.5,50,5.22609478510398,174316.391557143,2.08333333333333,2020,10,30.78124270776306,10.65330135337388,56.31975811257057,998.0468647411618,74,74,12.456368563685556,0,2020-10-30 00:27:22.926829268,9.075958702064723,0,0.3051210346936992,0.1,0.1525605173468496,2020-10-29 21:04:33.451327433,12.456368563685556,0
37039_2020-10-29 12:00:00,2020299N18277,37039,Cherokee,2020-10-29 12:00:00,33,29512,17116.0,1397.5,33,5.43327880345875,160346.924047675,1.375,2020,10,27.353021572902005,12.103171201559029,38.46242845948063,995.4362240138594,57,57,29.34341463414611,0,2020-10-30 17:20:36.292682926,26.65277777777778,0,0.2565435849497546,0.1,0.1282717924748773,2020-10-30 14:39:10.000000000,29.34341463414611,0
01015_2020-10-29 13:00:00,2020299N18277,01015,Calhoun,2020-10-29 13:00:00,59,115788,58817.0,1397.54166666667,59,20.5942252088293,2384564.14847993,2.45833333333333,2020,10,28.820824411352024,9.694293278084098,32.07341839168432,992.9669564171392,83,83,59.0,1,,49.23365030635389,0,0.5239030278301967,0.1,0.26195151391509836,2020-10-31 14:14:01.141102874,59.0,1
37003_2020-10-29 13:00:00,2020299N18277,37003,Alexander,2020-10-29 13:00:00,59,36512,18832.0,1397.54166666667,59,14.1102378929482,515193.005947324,2.45833333333333,2020,10,27.93027322817365,7.974449605287628,36.20670988671616,997.2142996953972,83,83,53.251456310679444,0,2020-10-31 18:15:05.242718446,11.19578313253,0,0.5688721325403568,0.1,0.2844360662701784,2020-10-30 00:11:44.819277108,53.251456310679444,0
37149_2020-10-29 13:00:00,2020299N18277,37149,Polk,2020-10-29 13:00:00,59,19986,17594.0,1397.54166666667,59,20.3451877221636,406618.921815161,2.45833333333333,2020,10,33.435004197634186,9.198974585643624,43.58516207788712,998.3658933293268,83,83,59.0,1,,30.26011904761889,0,0.5765224784780529,0.1,0.28826123923902647,2020-10-30 19:15:36.428571428,59.0,1
37023_2020-10-29 13:00:00,2020299N18277,37023,Burke,2020-10-29 13:00:00,59,87881,29976.0,1397.54166666667,59,10.1056421700551,888093.939546608,2.45833333333333,2020,10,24.783323944939507,8.113219261680102,45.32569407968334,997.4767524594909,83,83,51.66304347826083,0,2020-10-31 16:39:46.956521739,33.540525821785835,0,0.30723993680671524,0.1,0.15361996840335762,2020-10-30 22:32:25.892958429,51.66304347826083,0
01117_2020-10-29 13:00:00,2020299N18277,01117,Shelby,2020-10-29 13:00:00,59,230115,105707.0,1397.54166666667,59,15.8278859156175,3642233.96747231,2.45833333333333,2020,10,26.78063390346673,9.290267628414748,36.53481713878976,991.8679191706732,83,83,59.0,1,,24.028500059120834,0,0.5270317569932551,0.1,0.26351587849662755,2020-10-30 13:01:42.600212835,59.0,1
01115_2020-10-29 13:00:00,2020299N18277,01115,St. Clair,2020-10-29 13:00:00,59,93932,49089.0,1397.54166666667,59,9.01829323099789,847106.319774094,2.45833333333333,2020,10,23.53475601196289,9.371714768262912,40.499071138738486,992.8711851851853,83,83,50.312053571428336,0,2020-10-31 15:18:43.392857142,34.46339377385917,0,0.304457210372996,0.1,0.152228605186498,2020-10-30 23:27:48.217585893,50.312053571428336,0
45083_2020-10-29 13:00:00,2020299N18277,45083,Spartanburg,2020-10-29 13:00:00,32,345831,142690.0,1397.54166666667,32,3.14651050453105,1088160.87429248,1.33333333333333,2020,10,27.78186984347961,10.866759143140627,18.102497549685975,999.54794653349,56,56,10.677682403433334,0,2020-10-29 23:40:39.656652360,11.4831342090025,0,0.17773606793490657,0.1,0.08886803396745328,2020-10-30 00:28:59.283152409,10.677682403433334,0
37161_2020-10-29 13:00:00,2020299N18277,37161,Rutherford,2020-10-29 13:00:00,59,64963,38203.0,1397.54166666667,59,18.9816412677045,1233104.36167389,2.45833333333333,2020,10,29.66422285329304,8.564724058573043,37.86485775647423,998.0487603459254,83,83,59.0,1,,34.653747593135,0,0.5152997845100773,0.1,0.25764989225503865,2020-10-30 23:39:13.491335286,59.0,1
37197_2020-10-29 14:00:00,2020299N18277,37197,Yadkin,2020-10-29 14:00:00,37,37463,20791.0,1397.58333333333,37,13.555868141061,507843.488168567,1.54166666666667,2020,10,30.34516046473707,9.890501713490266,30.19650571752896,996.759484054252,61,61,32.251219512195,0,2020-10-30 22:15:04.390243902,10.630271084337222,0,0.7755759703717955,0.1,0.38778798518589774,2020-10-30 00:37:48.975903614,32.251219512195,0
37035_2020-10-29 14:00:00,2020299N18277,37035,Catawba,2020-10-29 14:00:00,58,163462,77885.0,1397.58333333333,58,8.72466881858916,1426151.81442422,2.41666666666667,2020,10,28.35361126554964,8.440380150682394,24.874724396351425,998.2512465155517,82,82,37.61818181818167,0,2020-10-31 03:37:05.454545454,24.25820735346639,0,0.3101278162869585,0.1,0.15506390814347926,2020-10-30 14:15:29.546472479,37.61818181818167,0
37059_2020-10-29 14:00:00,2020299N18277,37059,Davie,2020-10-29 14:00:00,33,44090,21852.0,1397.58333333333,33,3.77841845140033,166590.469522241,1.375,2020,10,30.63467179131262,10.817370185500181,18.28334344186119,997.9206754725086,57,57,8.850759878419444,0,2020-10-29 22:51:02.735562310,5.8937473595266665,0,0.28578619805967415,0.1,0.14289309902983707,2020-10-29 19:53:37.490494296,8.850759878419444,0
01029_2020-10-29 14:00:00,2020299N18277,01029,Cleburne,2020-10-29 14:00:00,58,15346,9331.0,1397.58333333333,58,34.8061890203834,534135.776706803,2.41666666666667,2020,10,30.66720748700594,10.335401328588379,27.528280534438395,995.1630807291668,82,82,58.0,1,,48.110838729064724,0,0.8292787482584932,0.1,0.4146393741292466,2020-10-31 14:06:39.019424633,58.0,1
01111_2020-10-29 14:00:00,2020299N18277,01111,Randolph,2020-10-29 14:00:00,58,22479,13651.0,1397.58333333333,58,25.6495272849958,576575.72383942,2.41666666666667,2020,10,33.44084789112375,10.101082582398684,23.88061124561961,997.5137455286168,82,82,58.0,1,,34.88074133763139,0,0.7385173247381144,0.1,0.3692586623690572,2020-10-31 00:52:50.668815473,58.0,1
37097_2020-10-29 14:00:00,2020299N18277,37097,Iredell,2020-10-29 14:00:00,47,195897,76320.0,1397.58333333333,47,7.6917321802935,1506787.25892296,1.95833333333333,2020,10,27.309835979764237,9.560089618799928,20.177272768346462,998.0106239064932,71,71,31.146126760563334,0,2020-10-30 21:08:46.056338028,10.64751184834111,0,0.4048676624737946,0.1,0.2024338312368973,2020-10-30 00:38:51.042654028,31.146126760563334,0
01017_2020-10-29 14:00:00,2020299N18277,01017,Chambers,2020-10-29 14:00:00,50,34088,12345.0,1397.58333333333,50,5.47473500111506,186622.76671801,2.08333333333333,2020,10,33.63114961094681,10.837785076213597,15.365294497740457,999.5516019544314,74,74,25.019008264462776,0,2020-10-30 15:01:08.429752066,25.659607898268888,0,0.18744430943701904,0.1,0.09372215471850952,2020-10-30 15:39:34.588433768,25.019008264462776,0
37169_2020-10-29 15:00:00,2020299N18277,37169,Stokes,2020-10-29 15:00:00,57,45175,24918.0,1397.625,57,19.4430603876306,878340.253011211,2.375,2020,10,30.662761079921648,8.546862418238652,30.569561556893795,996.2713893711418,81,81,53.97379209370417,0,2020-10-31 20:58:25.651537335,32.785547120872224,0,0.5395296572758649,0.1,0.26976482863793244,2020-10-30 23:47:07.969635140,53.97379209370417,0
37067_2020-10-29 15:00:00,2020299N18277,37067,Forsyth,2020-10-29 15:00:00,57,389157,185289.0,1397.625,57,8.35503024998052,3251418.50699167,2.375,2020,10,30.633713943370875,8.683195575047046,21.031075037997844,997.3391045818234,81,81,34.34865627377139,0,2020-10-31 01:20:55.162585577,24.251849112425834,0,0.32712681270879546,0.1,0.16356340635439773,2020-10-30 15:15:06.656804733,34.34865627377139,0
37157_2020-10-29 16:00:00,2020299N18277,37157,Rockingham,2020-10-29 16:00:00,52,91957,50138.0,1397.66666666667,52,7.73144122222665,710960.140472296,2.16666666666667,2020,10,27.142227421921145,9.1368767471981,19.43448629579107,996.5443835910654,76,76,31.517164179104444,0,2020-10-30 23:31:01.791044776,28.255765199161388,0,0.26798037416729825,0.1,0.13399018708364913,2020-10-30 20:15:20.754716981,31.517164179104444,0
51143_2020-10-29 16:00:00,2020299N18277,51143,Pittsylvania,2020-10-29 16:00:00,24,59952,34320.0,1397.66666666667,24,2.29008152614347,137294.967655354,1.0,2020,10,27.932263295385077,10.888737803899863,24.11171508382308,994.9447867358472,48,48,6.868292682926667,0,2020-10-29 22:52:05.853658536,6.6374722838136115,0,0.20598207102631882,0.1,0.10299103551315941,2020-10-29 22:38:14.900221729,6.868292682926667,0
01035_2021-06-19 15:00:00,2021169N23268,01035,Conecuh,2021-06-19 15:00:00,29,11206,561.0,1630.58333333333,29,9.06773618538324,101613.051693405,1.20833333333333,2021,6,15.073565582858963,9.521869713000582,33.010780636359456,1007.94693607635,53,53,27.778260869565,0,2021-06-20 18:46:41.739130434,5.674311926605278,0,0.786096256684492,0.1,0.393048128342246,2021-06-19 20:40:27.522935779,27.778260869565,0
34037_2021-07-07 00:00:00,2021182N09317,34037,Sussex,2021-07-07 00:00:00,52,146084,70139.0,1647.95833333333,52,4.59935078514243,671891.560096747,2.16666666666667,2021,7,13.337912236389355,6.686501504868846,31.90704611877567,1009.169891293174,76,76,17.895753715498888,0,2021-07-07 17:53:44.713375796,7.3348527349227775,0,0.3002181382682958,0.1,0.1501090691341479,2021-07-07 07:20:05.469845722,17.895753715498888,0
21069_2021-08-15 14:00:00,2021222N14301,21069,Fleming,2021-08-15 14:00:00,24,15288,4779.0,1687.54166666667,24,4.37413684871312,66871.8041431262,1.0,2021,8,7.405964029332003,4.905776095317884,21.547669673357934,1016.079126180013,48,48,22.902640642938888,0,2021-08-16 12:54:09.506314580,23.0,0,0.18225570202971333,0.1,0.09112785101485667,2021-08-16 13:00:00.000000000,22.902640642938888,0
12037_2021-08-16 17:00:00,2021222N14301,12037,Franklin,2021-08-16 17:00:00,25,12498,10595.0,1688.66666666667,25,3.61293062765455,45154.4069844266,1.04166666666667,2021,8,19.529049060008187,11.41842038366822,121.01864770569422,1004.8223220095095,49,49,24.3298275136725,0,2021-08-17 17:19:47.379049221,23.97980647875472,0,0.2785276073619632,0.1,0.1392638036809816,2021-08-17 16:58:47.303323517,24.3298275136725,0
12013_2021-08-16 21:00:00,2021222N14301,12013,Calhoun,2021-08-16 21:00:00,44,13464,4675.0,1688.83333333333,44,16.6705882352941,224452.8,1.83333333333333,2021,8,16.80685440137614,7.255816739677418,82.7111672879898,1002.9107421875,68,68,38.460526315789444,0,2021-08-18 11:27:37.894736842,22.14580318379139,0,0.8048128342245989,0.1,0.40240641711229946,2021-08-17 19:08:44.891461649,38.460526315789444,0
54001_2021-08-17 01:00:00,2021222N14301,54001,Barbour,2021-08-17 01:00:00,25,15414,6446.0,1689.0,25,5.1403971455166,79234.0816009929,1.04166666666667,2021,8,12.361238624412971,6.781611655840876,20.827108233464948,1014.4956699934554,49,49,23.645665961945,0,2021-08-18 00:38:44.397463002,23.451374207188056,0,0.22851380701210053,0.1,0.11425690350605026,2021-08-18 00:27:04.947145877,23.645665961945,0
12077_2021-08-17 01:00:00,2021222N14301,12077,Liberty,2021-08-17 01:00:00,25,7603,3349.0,1689.0,25,5.54673036727381,42171.7909823828,1.04166666666667,2021,8,18.33503078018474,8.544379090554045,73.5785838067139,1003.5003295155152,49,49,23.154820936638888,0,2021-08-18 00:09:17.355371900,3.5440074906366665,0,0.4286354135562854,0.1,0.2143177067781427,2021-08-17 04:32:38.426966292,23.154820936638888,0
37011_2021-08-18 00:00:00,2021222N14301,37011,Avery,2021-08-18 00:00:00,45,17571,1764.0,1689.95833333333,45,13.0759637188209,229757.758503401,1.875,2021,8,22.762189351595367,7.88386613214295,54.106400160190574,1013.4264660456732,69,69,37.695238095238054,0,2021-08-19 13:41:42.857142857,27.48563968668389,0,0.6428571428571429,0.1,0.32142857142857145,2021-08-19 03:29:08.302872062,37.695238095238054,0
37121_2021-08-18 00:00:00,2021222N14301,37121,Mitchell,2021-08-18 00:00:00,26,15094,10885.0,1689.95833333333,26,3.21451538814883,48519.8952687184,1.08333333333333,2021,8,22.7059802606639,8.795840609506213,48.2072549172626,1012.491326147152,50,50,21.52667364016722,0,2021-08-18 21:31:36.025104602,21.832635983263334,0,0.14625631603123565,0.1,0.07312815801561783,2021-08-18 21:49:57.489539748,21.52667364016722,0
54043_2021-08-18 11:00:00,2021222N14301,54043,Lincoln,2021-08-18 11:00:00,59,19901,11398.8,1690.41666666667,59,1.77250394806106,35274.6010703632,2.45833333333333,2021,8,16.999823793110096,5.388182736543742,46.08629387656324,1011.206385361842,83,83,7.539728217425833,0,2021-08-18 18:32:23.021582733,56.075275397796666,0,0.16380066678364624,0.1,0.08190033339182312,2021-08-20 19:04:30.991432068,7.539728217425833,0
44009_2021-08-22 16:00:00,2021222N14301,44009,Washington,2021-08-22 16:00:00,58,130330,72701.0,1694.625,58,20.6626043658271,2692957.22699825,2.41666666666667,2021,8,20.771817898978824,9.250564367338455,59.86397565541842,1000.6552105381392,164,164,48.99135313531333,0,2021-08-24 16:59:28.871287128,27.895499383476945,0,0.7094675451506857,0.1,0.35473377257534283,2021-08-23 19:53:43.797780517,48.99135313531333,0
44009_2021-08-22 16:00:00,2021222N14301,44009,Washington,2021-08-22 16:00:00,58,130330,72701.0,1694.625,58,20.6626043658271,2692957.22699825,2.41666666666667,2021,8,20.771817898978824,9.250564367338455,59.86397565541842,1000.6552105381392,164,164,48.99135313531333,0,2021-08-24 16:59:28.871287128,27.895499383476945,0,0.7094675451506857,0.1,0.35473377257534283,2021-08-23 19:53:43.797780517,48.99135313531333,0
44009_2021-08-22 16:00:00,2021222N14301,44009,Washington,2021-08-22 16:00:00,58,130330,72701.0,1694.625,58,20.6626043658271,2692957.22699825,2.41666666666667,2021,8,20.771817898978824,9.250564367338455,59.86397565541842,1000.6552105381392,164,164,48.99135313531333,0,2021-08-24 16:59:28.871287128,27.895499383476945,0,0.7094675451506857,0.1,0.35473377257534283,2021-08-23 19:53:43.797780517,48.99135313531333,0
44009_2021-08-22 16:00:00,2021222N14301,44009,Washington,2021-08-22 16:00:00,58,130330,72701.0,1694.625,58,20.6626043658271,2692957.22699825,2.41666666666667,2021,8,20.771817898978824,9.250564367338455,59.86397565541842,1000.6552105381392,164,164,48.99135313531333,0,2021-08-24 16:59:28.871287128,27.895499383476945,0,0.7094675451506857,0.1,0.35473377257534283,2021-08-23 19:53:43.797780517,48.99135313531333,0
44009_2021-08-22 16:00:00,2021227N36297,44009,Washington,2021-08-22 16:00:00,58,130330,72701.0,1694.625,58,20.6626043658271,2692957.22699825,2.41666666666667,2021,8,20.771817898978824,9.250564367338455,59.86397565541842,1000.6552105381392,164,164,48.99135313531333,0,2021-08-24 16:59:28.871287128,27.895499383476945,0,0.7094675451506857,0.1,0.35473377257534283,2021-08-23 19:53:43.797780517,48.99135313531333,0
44009_2021-08-22 16:00:00,2021227N36297,44009,Washington,2021-08-22 16:00:00,58,130330,72701.0,1694.625,58,20.6626043658271,2692957.22699825,2.41666666666667,2021,8,20.771817898978824,9.250564367338455,59.86397565541842,1000.6552105381392,164,164,48.99135313531333,0,2021-08-24 16:59:28.871287128,27.895499383476945,0,0.7094675451506857,0.1,0.35473377257534283,2021-08-23 19:53:43.797780517,48.99135313531333,0
44009_2021-08-22 16:00:00,2021227N36297,44009,Washington,2021-08-22 16:00:00,58,130330,72701.0,1694.625,58,20.6626043658271,2692957.22699825,2.41666666666667,2021,8,20.771817898978824,9.250564367338455,59.86397565541842,1000.6552105381392,164,164,48.99135313531333,0,2021-08-24 16:59:28.871287128,27.895499383476945,0,0.7094675451506857,0.1,0.35473377257534283,2021-08-23 19:53:43.797780517,48.99135313531333,0
44009_2021-08-22 16:00:00,2021227N36297,44009,Washington,2021-08-22 16:00:00,58,130330,72701.0,1694.625,58,20.6626043658271,2692957.22699825,2.41666666666667,2021,8,20.771817898978824,9.250564367338455,59.86397565541842,1000.6552105381392,164,164,48.99135313531333,0,2021-08-24 16:59:28.871287128,27.895499383476945,0,0.7094675451506857,0.1,0.35473377257534283,2021-08-23 19:53:43.797780517,48.99135313531333,0
22105_2021-08-28 21:00:00,2021239N17281,22105,Tangipahoa,2021-08-28 21:00:00,477,137048,69113.0,1700.83333333333,477,228.13377548707,31265277.6629519,19.875,2021,8,34.70155426895251,9.186521256762843,234.70681234519495,992.7109286854215,501,168,429.22498461538447,0,2021-09-15 18:13:29.944615384,256.69926691552445,0,0.9787166317007885,0.1,0.48935831585039424,2021-09-08 13:41:57.360895888,429.22498461538447,0
22075_2021-08-29 13:00:00,2021239N17281,22075,Plaquemines,2021-08-29 13:00:00,418,22516,12631.0,1701.5,418,233.901291842512,5266521.48712599,17.4166666666667,2021,8,39.375800933958665,12.50397979554748,297.9948073155665,994.1487997749308,442,168,391.45666387259,0,2021-09-14 20:27:23.989941324,228.94693947057473,0,0.9953289525769932,0.1,0.4976644762884966,2021-09-08 01:56:48.982094069,391.45666387259,0
22057_2021-08-29 15:00:00,2021239N17281,22057,Lafourche,2021-08-29 15:00:00,748,95870,44137.0,1701.58333333333,748,430.164167095451,41239838.6994409,31.1666666666667,2021,8,31.885180068378787,9.765704875472725,298.20387702844886,985.9704228799272,772,168,680.5596934306567,0,2021-09-26 23:33:34.896350364,429.0874125874125,0,1.0,0.1,0.5,2021-09-16 12:05:14.685314685,680.5596934306567,0
22051_2021-08-29 16:00:00,2021239N17281,22051,Jefferson,2021-08-29 16:00:00,419,425884,211981.0,1701.625,419,209.152646592013,89074765.7411927,17.4583333333333,2021,8,39.680328493863584,10.883826111284126,371.2662848424125,990.3599479166668,443,168,293.0581978319781,0,2021-09-10 21:03:29.512195121,228.08822627540195,0,0.9637609030998061,0.1,0.48188045154990305,2021-09-08 04:05:17.614591447,293.0581978319781,0
22095_2021-08-29 17:00:00,2021239N17281,22095,St. John the Baptist,2021-08-29 17:00:00,602,39864,19744.0,1701.66666666667,602,361.236589837732,14400335.4172913,25.0833333333333,2021,8,34.15648693615878,9.482401668644586,251.22629110996107,986.5880765427216,626,168,578.7171505739364,0,2021-09-22 19:43:01.742066171,390.49254777093086,0,0.9986836776022682,0.1,0.4993418388011341,2021-09-14 23:29:33.171975351,578.7171505739364,0
22089_2021-08-29 17:00:00,2021239N17281,22089,St. Charles,2021-08-29 17:00:00,630,50998,22976.3333333333,1701.66666666667,630,375.677005875728,19158775.9456504,26.25,2021,8,32.91454316161173,9.404429224387926,263.81769187657926,985.0766020620206,654,168,475.0627882981164,0,2021-09-18 12:03:46.037873219,388.59425037219444,0,0.9884647194532712,0.1,0.4942323597266356,2021-09-14 21:35:39.301339900,475.0627882981164,0
22103_2021-08-29 17:00:00,2021239N17281,22103,St. Tammany,2021-08-29 17:00:00,247,273263,132031.0,1701.66666666667,247,119.511605327292,32658099.8065517,10.2916666666667,2021,8,36.46693803292733,9.882186471511867,239.32877131910234,997.5930552662036,271,168,219.22247340425528,0,2021-09-07 20:13:20.904255319,122.09366637812028,0,0.9821935757511494,0.1,0.4910967878755747,2021-09-03 19:05:37.198961233,219.22247340425528,0
22071_2021-08-29 17:00:00,2021239N17281,22071,Orleans,2021-08-29 17:00:00,269,369749,193765.0,1701.66666666667,269,164.335760546667,60762983.1263695,11.2083333333333,2021,8,39.400988042180806,10.791011468629018,279.09350486977274,994.3497209821428,293,168,243.51319234642472,0,2021-09-08 20:30:47.492447129,187.16814651386196,0,0.9342554124841947,0.1,0.4671277062420974,2021-09-06 12:10:05.327449903,243.51319234642472,0
22109_2021-08-29 17:00:00,2021239N17281,22109,Terrebonne,2021-08-29 17:00:00,646,104786,27759.75,1701.66666666667,646,405.459650922278,42486494.9815418,26.9166666666667,2021,8,30.719707213455685,9.54725054438747,171.6238096987952,987.6373756142508,670,168,642.4806185567008,0,2021-09-25 11:28:50.226804123,402.5828279439303,0,0.9971526401153361,0.1,0.49857632005766805,2021-09-15 11:34:58.180598149,642.4806185567008,0
22087_2021-08-29 18:00:00,2021239N17281,22087,St. Bernard,2021-08-29 18:00:00,220,44479,20654.0,1701.70833333333,220,128.706823049086,5724750.78240028,9.16666666666667,2021,8,33.43205389285043,11.986573779396432,256.4532762974775,1002.7841788047318,244,168,189.8649706457925,0,2021-09-06 15:51:53.894324853,127.6782512451575,0,0.9807301249152707,0.1,0.49036506245763534,2021-09-04 01:40:41.704482567,189.8649706457925,0
22093_2021-08-29 19:00:00,2021239N17281,22093,St. James,2021-08-29 19:00:00,582,19423,9897.8,1701.75,582,295.64517869724,5742316.3058365,24.25,2021,8,32.087217128182964,8.101274969651987,163.33291344857943,985.4613321235236,606,168,507.65250582750554,0,2021-09-19 22:39:09.020979020,340.19956616052053,0,1.0,0.1,0.5,2021-09-12 23:11:58.438177874,507.65250582750554,0
22005_2021-08-29 20:00:00,2021239N17281,22005,Ascension,2021-08-29 20:00:00,460,130458,58300.6666666667,1701.79166666667,460,137.89162907597,17989066.1459929,19.1666666666667,2021,8,32.611787328656945,8.032720945942334,153.2814464568845,988.446639072848,484,168,266.0640287769783,0,2021-09-09 22:03:50.503597122,159.8332178703964,0,0.9322344950603733,0.1,0.46611724753018663,2021-09-05 11:49:59.584333427,266.0640287769783,0
22047_2021-08-29 20:00:00,2021239N17281,22047,Iberville,2021-08-29 20:00:00,293,29506,9090.42857142857,1701.79166666667,293,82.1606858419398,2424233.19645228,12.2083333333333,2021,8,27.37388858765224,7.494442766999739,88.01400299100689,994.7322710213896,317,168,284.64888059701474,0,2021-09-10 16:38:55.970149253,115.10400616332805,0,0.6478485748872015,0.1,0.32392428744360074,2021-09-03 15:06:14.422187981,284.64888059701474,0
22117_2021-08-29 21:00:00,2021239N17281,22117,Washington,2021-08-29 21:00:00,240,45025,24683.0,1701.83333333333,240,75.9969856330909,3421764.27812992,10.0,2021,8,33.18021206628708,8.524036579966003,218.02842606779274,998.4917659505206,264,168,210.4013157894736,0,2021-09-07 15:24:04.736842105,110.34270902874528,0,0.7638455617226431,0.1,0.38192278086132153,2021-09-03 11:20:33.752503483,210.4013157894736,0
22007_2021-08-29 21:00:00,2021239N17281,22007,Assumption,2021-08-29 21:00:00,333,20604,10490.0,1701.83333333333,333,147.062724471805,3030080.37501707,13.875,2021,8,31.477362154578632,7.93666390845088,121.77091298484001,989.3398120185576,357,168,314.75152636447723,0,2021-09-11 23:45:05.494912118,194.88278663662362,0,0.9573879885605339,0.1,0.47869399428026693,2021-09-06 23:52:58.031891845,314.75152636447723,0
28147_2021-08-29 21:00:00,2021239N17281,28147,Walthall,2021-08-29 21:00:00,143,13761,8688.0,1701.83333333333,143,43.0144665527784,591922.074232784,5.95833333333333,2021,8,33.45550736926851,8.440336712476592,213.39450931564014,997.9467792528196,167,167,124.23137254901944,0,2021-09-04 01:13:52.941176470,111.45968950922416,0,0.47697974217311234,0.1,0.23848987108655617,2021-09-03 12:27:34.882233207,124.23137254901944,0
22091_2021-08-29 22:00:00,2021239N17281,22091,St. Helena,2021-08-29 22:00:00,437,10822,6247.0,1701.875,437,232.111298999555,2511908.47777319,18.2083333333333,2021,8,34.8701747442673,7.785463882462076,149.07096705800603,990.552235122796,461,168,399.6263473053892,0,2021-09-15 13:37:34.850299401,304.3411569193603,0,0.9880764258008907,0.1,0.49403821290044536,2021-09-11 14:20:28.164909697,399.6263473053892,0
28045_2021-08-29 22:00:00,2021239N17281,28045,Hancock,2021-08-29 22:00:00,38,46094,26523.0,1701.875,38,4.99305215432822,230149.746001605,1.58333333333333,2021,8,28.807972347542343,17.752418303582864,155.83289508365942,1004.1539791478295,62,62,25.48624999999972,0,2021-08-30 23:29:10.499999999,21.067622950819445,0,0.26504297994269344,0.1,0.13252148997134672,2021-08-30 19:04:03.442622950,25.48624999999972,0
22101_2021-08-29 22:00:00,2021239N17281,22101,St. Mary,2021-08-29 22:00:00,28,47789,18905.0,1701.875,28,7.60597725469453,363482.047024597,1.16666666666667,2021,8,29.51182467015815,17.370434936308158,32.848549213601835,996.1640830592104,52,52,26.15462686567139,0,2021-08-31 00:09:16.656716417,23.54006337709361,0,0.3631843427664639,0.1,0.18159217138323194,2021-08-30 21:32:24.228157537,26.15462686567139,0
22037_2021-08-30 00:00:00,2021239N17281,22037,East Feliciana,2021-08-30 00:00:00,256,19135,10375.0,1701.95833333333,256,72.3699422730256,1384798.84539435,10.6666666666667,2021,8,29.903618105414772,7.234611354099728,80.38642790481077,990.5256652140024,280,168,188.95312499999972,0,2021-09-06 20:57:11.249999999,114.46205860255445,0,0.6232289156626506,0.1,0.3116144578313253,2021-09-03 18:27:43.410969196,188.95312499999972,0
22063_2021-08-30 00:00:00,2021239N17281,22063,Livingston,2021-08-30 00:00:00,414,148425,68420.0,1701.95833333333,414,181.139002350392,26885556.4238569,17.25,2021,8,33.30585795701152,8.069358482914904,185.713653860568,989.076226213023,438,168,385.99050802139027,0,2021-09-15 01:59:25.828877005,192.01956585035555,0,0.8806197018415668,0.1,0.4403098509207834,2021-09-07 00:01:10.437061280,385.99050802139027,0
22033_2021-08-30 00:00:00,2021239N17281,22033,East Baton Rouge,2021-08-30 00:00:00,171,450544,216086.0,1701.95833333333,171,67.333107984248,30336527.803655,7.125,2021,8,28.27535828334626,7.312472770938943,97.62825641060817,991.0431219139812,195,168,164.50761971338667,0,2021-09-05 20:30:27.430968192,94.09462962962944,0,0.7556019362661163,0.1,0.37780096813305813,2021-09-02 22:05:40.666666666,164.50761971338667,0
28157_2021-08-30 01:00:00,2021239N17281,28157,Wilkinson,2021-08-30 01:00:00,116,8143,5922.0,1702.0,116,36.1890464295378,294687.405075727,4.83333333333333,2021,8,23.954286306440046,7.585623104596803,38.17010932108292,992.7260594484216,140,140,96.49933774834416,0,2021-09-03 01:29:57.615894039,62.38719512195111,0,0.6688640973630832,0.1,0.3344320486815416,2021-09-01 15:23:13.902439024,96.49933774834416,0
22125_2021-08-30 01:00:00,2021239N17281,22125,West Feliciana,2021-08-30 01:00:00,185,15381,6354.0,1702.0,185,51.0154316969962,784668.354931498,7.70833333333333,2021,8,23.947813737476974,6.756057206996321,51.852543944004154,992.949201388889,209,168,183.35824468085085,0,2021-09-06 16:21:29.680851063,69.95916230366473,0,0.6462071136292099,0.1,0.32310355681460495,2021-09-01 22:57:32.984293193,183.35824468085085,0
28109_2021-08-30 02:00:00,2021239N17281,28109,Pearl River,2021-08-30 02:00:00,75,57261,30236.0,1702.04166666667,75,20.1473715197765,1153658.64059393,3.125,2021,8,27.65748577524757,11.731617872859097,136.16503591659753,1003.6177097710164,99,99,47.56518796992472,0,2021-09-01 01:33:54.676691729,23.832143204598612,0,0.6843828548749835,0.1,0.34219142743749176,2021-08-31 01:49:55.715536555,47.56518796992472,0
22121_2021-08-30 02:00:00,2021239N17281,22121,West Baton Rouge,2021-08-30 02:00:00,45,28034,12840.0,1702.04166666667,45,7.32663551401869,205394.9,1.875,2021,8,26.79414379006565,12.219335668653889,58.513539474420604,992.923374071782,69,69,19.540389972144723,0,2021-08-30 21:32:25.403899721,16.124884366327223,0,0.4411214953271028,0.1,0.2205607476635514,2021-08-30 18:07:29.583718778,19.540389972144723,0
28065_2021-08-30 03:00:00,2021239N17281,28065,Jefferson Davis,2021-08-30 03:00:00,37,11088,7889.0,1702.08333333333,37,3.2018354291765,35501.9512387091,1.54166666666667,2021,8,26.98719480276691,14.856518179884205,141.81231185771105,1001.1602410605136,61,61,18.383333333333056,0,2021-08-30 21:22:59.999999999,21.409482646995833,0,0.1637723412346305,0.1,0.08188617061731525,2021-08-31 00:24:34.137529185,18.383333333333056,0
28005_2021-08-30 03:00:00,2021239N17281,28005,Amite,2021-08-30 03:00:00,186,12619,11863.0,1702.08333333333,186,62.5058043459202,788760.745041168,7.75,2021,8,31.516539478302004,7.420372993337415,111.47329917617351,992.046146918403,210,168,142.0386363636361,0,2021-09-05 01:02:19.090909090,104.09681517244222,0,0.628325965468346,0.1,0.314162982734173,2021-09-03 11:05:48.534620792,142.0386363636361,0
22077_2021-08-30 04:00:00,2021239N17281,22077,Pointe Coupee,2021-08-30 04:00:00,43,20151,5091.0,1702.125,43,7.55411510508741,152222.973482616,1.79166666666667,2021,8,22.800008842389875,11.239189060156974,32.902125161530265,995.4096995398118,67,67,39.626595744680834,0,2021-08-31 19:37:35.744680851,16.380044843049166,0,0.4213317619328226,0.1,0.2106658809664113,2021-08-30 20:22:48.161434977,39.626595744680834,0
28113_2021-08-30 04:00:00,2021239N17281,28113,Pike,2021-08-30 04:00:00,157,39644,20043.0,1702.125,157,62.5628606414138,2480242.04726821,6.54166666666667,2021,8,32.80518322132952,7.925759828120246,197.5734101992017,994.6383556916874,181,168,134.33302325581388,0,2021-09-04 18:19:58.883720930,104.12850290179306,0,0.7127294140740014,0.1,0.3563647070370007,2021-09-03 12:07:42.610446455,134.33302325581388,0
28037_2021-08-30 05:00:00,2021239N17281,28037,Franklin,2021-08-30 05:00:00,141,7642,6539.0,1702.16666666667,141,27.2254089099894,208056.574890139,5.875,2021,8,29.962178197182897,7.301258925082777,90.98809240001044,994.4301306818182,165,165,127.44916201117306,0,2021-09-04 12:26:56.983240223,68.54190500978555,0,0.41933945391677596,0.1,0.20966972695838798,2021-09-02 01:32:30.858035228,127.44916201117306,0
28085_2021-08-30 07:00:00,2021239N17281,28085,Lincoln,2021-08-30 07:00:00,115,34717,18004.0,1702.25,115,17.6977797365377,614413.819113379,4.79166666666667,2021,8,30.989149884479804,8.437400787331427,150.09595456172934,996.8368698279616,139,139,101.33947236965805,0,2021-09-03 12:20:22.100530769,61.532761510513886,0,0.3395912019551211,0.1,0.16979560097756055,2021-09-01 20:31:57.941437850,101.33947236965805,0
28077_2021-08-30 08:00:00,2021239N17281,28077,Lawrence,2021-08-30 08:00:00,102,11713,8726.0,1702.29166666667,102,8.66021086408434,101437.04985102,4.25,2021,8,30.362542406420843,9.044877332672664,168.57642975361648,999.0878535703856,126,126,16.696986301369723,0,2021-08-31 00:41:49.150684931,16.052054794520277,0,0.2539537015814806,0.1,0.1269768507907403,2021-08-31 00:03:07.397260273,16.696986301369723,0
28021_2021-08-30 08:00:00,2021239N17281,28021,Claiborne,2021-08-30 08:00:00,100,8805,5287.0,1702.29166666667,100,11.9099938843548,104867.496151744,4.16666666666667,2021,8,26.521529033396508,8.105025245617162,87.32301540267055,998.1896970915842,124,124,35.65943060498194,0,2021-08-31 19:39:33.950177935,13.992499999999723,0,0.5364100624172499,0.1,0.26820503120862493,2021-08-30 21:59:32.999999999,35.65943060498194,0
28063_2021-08-30 08:00:00,2021239N17281,28063,Jefferson,2021-08-30 08:00:00,79,7087,4907.0,1702.29166666667,79,7.83058751971422,55495.3737522147,3.29166666666667,2021,8,28.00521846875143,8.768720682853251,68.13536978015088,996.8329576544264,103,103,77.11536933287722,0,2021-09-02 13:06:55.329598358,17.84146341463389,0,0.37395557367026694,0.1,0.18697778683513347,2021-08-31 01:50:29.268292682,77.11536933287722,0
28001_2021-08-30 08:00:00,2021239N17281,28001,Adams,2021-08-30 08:00:00,35,28408,17108.0,1702.29166666667,35,5.6640168342296,160903.390226794,1.45833333333333,2021,8,24.766457668389904,11.017319291621224,38.62999003501931,995.3735219895622,59,59,16.30203592814361,0,2021-08-31 00:18:07.329341317,14.447443181818056,0,0.38233574935702597,0.1,0.19116787467851298,2021-08-30 22:26:50.795454545,16.30203592814361,0
28029_2021-08-30 09:00:00,2021239N17281,28029,Copiah,2021-08-30 09:00:00,55,27719,15730.0,1702.33333333333,55,11.3408443318532,314356.864034639,2.29166666666667,2021,8,29.741544716641545,11.139759312765536,130.60205190700773,998.3447353316328,79,79,39.020915032679724,0,2021-09-01 00:01:15.294117647,26.5396825396825,0,0.45034965034965035,0.1,0.22517482517482518,2021-08-31 11:32:22.857142857,39.020915032679724,0
28127_2021-08-30 10:00:00,2021239N17281,28127,Simpson,2021-08-30 10:00:00,36,25587,15933.5,1702.375,36,4.12797338856461,105622.455093203,1.5,2021,8,26.372786745764436,13.53607581037417,136.92137012348007,999.6721019644292,60,60,19.21594202898528,0,2021-08-31 05:12:57.391304347,19.18840579710139,0,0.2007154961400866,0.1,0.1003577480700433,2021-08-31 05:11:18.260869565,19.21594202898528,0
54015_2021-08-30 19:00:00,2021239N17281,54015,Clay,2021-08-30 19:00:00,67,7814,3865.0,1702.75,67,2.134136937837,16676.1460322583,2.79166666666667,2021,8,9.994735422160105,5.655569348112531,74.00215900129062,1000.9867206452154,91,91,46.132352941176386,0,2021-09-01 17:07:56.470588235,45.4860868550675,0,0.2591250323582708,0.1,0.1295625161791354,2021-09-01 16:29:09.912678243,46.132352941176386,0
48321_2021-09-14 01:00:00,2021256N21265,48321,Matagorda,2021-09-14 01:00:00,118,36125,16388.0,1717.0,118,32.6997349297311,1181277.92433653,4.91666666666667,2021,9,20.08359306233789,6.7116595406077,48.99843415064586,1004.9905653652444,142,142,69.04010067114083,0,2021-09-16 22:02:24.362416107,24.943046013245834,0,0.979802294361728,0.1,0.489901147180864,2021-09-15 01:56:34.965647685,69.04010067114083,0
48481_2021-09-14 04:00:00,2021256N21265,48481,Wharton,2021-09-14 04:00:00,114,41824,22973.0,1717.125,114,26.4402645368377,1105837.6239887,4.75,2021,9,17.71593167286328,6.369566901823702,24.13020344956223,1004.9984270881872,138,138,84.44060773480639,0,2021-09-17 16:26:26.187845303,14.594516913552777,0,1.0,0.1,0.5,2021-09-14 18:35:40.260888790,84.44060773480639,0
48039_2021-09-14 04:00:00,2021256N21265,48039,Brazoria,2021-09-14 04:00:00,70,388181,145867.0,1717.125,70,16.1811282720587,6281206.55377601,2.91666666666667,2021,9,21.014943933699676,8.705762702642174,71.21945507919393,1003.3597227035534,94,94,58.56249999999972,0,2021-09-16 14:33:44.999999999,16.789302234924723,0,0.7336738416636264,0.1,0.3668369208318132,2021-09-14 20:47:21.488045729,58.56249999999972,0
48015_2021-09-14 04:00:00,2021256N21265,48015,Austin,2021-09-14 04:00:00,101,31097,17426.0,1717.125,101,25.1007865660255,780559.159843694,4.20833333333333,2021,9,17.053123213762156,7.103685191055019,13.809685525341541,1007.5154792944786,125,125,68.30675675675667,0,2021-09-17 00:18:24.324324324,15.441625097073612,0,0.9122575461953403,0.1,0.45612877309767014,2021-09-14 19:26:29.850349465,68.30675675675667,0
48473_2021-09-14 06:00:00,2021256N21265,48473,Waller,2021-09-14 06:00:00,66,61894,29531.0,1717.20833333333,66,14.4228106132476,892685.440096348,2.75,2021,9,17.8970697776944,8.27458433644704,15.422034451701478,1007.032778952206,90,90,41.65168711656417,0,2021-09-15 23:39:06.073619631,15.26273824512361,0,0.583234898782127,0.1,0.2916174493910635,2021-09-14 21:15:45.857682445,41.65168711656417,0
48167_2021-09-14 06:00:00,2021256N21265,48167,Galveston,2021-09-14 06:00:00,48,357117,131851.0,1717.20833333333,48,7.97641821137103,2848514.54239019,2.0,2021,9,22.680925409370488,11.987941937863456,122.27896180452134,1004.6721286324477,72,72,36.65373134328333,0,2021-09-15 18:39:13.432835820,15.339198861617778,0,0.37551399189684703,0.1,0.18775699594842352,2021-09-14 21:20:21.115901824,36.65373134328333,0
48071_2021-09-14 07:00:00,2021256N21265,48071,Chambers,2021-09-14 07:00:00,68,51288,22850.0,1717.25,68,9.84896758519855,505133.849509663,2.83333333333333,2021,9,21.151997336741665,8.741928380625302,130.13181291822406,1004.4316791679264,92,92,22.7272727272725,0,2021-09-15 05:43:38.181818181,12.434880239520833,0,0.7127352297592998,0.1,0.3563676148796499,2021-09-14 19:26:05.568862275,22.7272727272725,0
48089_2021-09-14 07:00:00,2021256N21265,48089,Colorado,2021-09-14 07:00:00,36,20754,15251.0,1717.25,36,6.02654708640153,125074.958231177,1.5,2021,9,16.161337322215136,9.630613568174486,8.475799477264207,1007.5797230857332,60,60,18.47519336073,0,2021-09-15 01:28:30.696098628,12.389608390047778,0,0.37140618879749315,0.1,0.18570309439874658,2021-09-14 19:23:22.590204172,18.47519336073,0
25023_2021-10-27 05:00:00,2021299N33284,25023,Plymouth,2021-10-27 05:00:00,91,533069,206642.0,1760.16666666667,91,42.2444169266957,22519189.0866968,3.79166666666667,2021,10,32.56285193629157,14.536685997122673,71.68560821381502,990.0702738119008,115,115,85.83524283935222,0,2021-10-30 18:50:06.874221668,47.718841522941666,0,0.8516755208484532,0.1,0.4258377604242266,2021-10-29 04:43:07.829482590,85.83524283935222,0
25001_2021-10-27 07:00:00,2021299N33284,25001,Barnstable,2021-10-27 07:00:00,71,232457,185552.0,1760.25,71,32.1024295076313,7462434.45605545,2.95833333333333,2021,10,31.485381774290765,17.098187303947114,45.50202277040453,986.682527763861,95,95,64.77970149253723,0,2021-10-29 23:46:46.925373134,40.71577243293222,0,0.7899025610071571,0.1,0.39495128050357853,2021-10-28 23:42:56.780758556,64.77970149253723,0
25021_2021-10-27 10:00:00,2021299N33284,25021,Norfolk,2021-10-27 10:00:00,55,725531,269037.0,1760.375,55,8.06570977088696,5851922.47578139,2.29166666666667,2021,10,29.61589844317983,12.84130720631576,31.693927643884354,993.3470408387824,79,79,33.14239681390278,0,2021-10-28 19:08:32.628530050,31.907762413576112,0,0.2399863226007872,0.1,0.1199931613003936,2021-10-28 17:54:27.944688874,33.14239681390278,0
25007_2021-10-27 10:00:00,2021299N33284,25007,Dukes,2021-10-27 10:00:00,63,20868,20273.0,1760.375,63,12.8542396290633,268242.272579293,2.625,2021,10,30.185672893080607,16.787620075508915,28.68045065951848,986.5256740552326,87,87,50.553658536585274,0,2021-10-29 12:33:13.170731707,14.5247040658775,0,0.5888127065555172,0.1,0.2944063532777586,2021-10-28 00:31:28.934637159,50.553658536585274,0
44003_2021-10-27 11:00:00,2021299N33284,44003,Kent,2021-10-27 11:00:00,31,171275,80823.0,1760.41666666667,31,4.53511395498979,776751.642640877,1.29166666666667,2021,10,25.86860518524612,13.908089371632212,16.35761264765608,992.6149350845412,55,55,17.42095123419611,0,2021-10-28 04:25:15.424443106,13.990931574608334,0,0.26675576675576673,0.1,0.13337788337788337,2021-10-28 00:59:27.353668590,17.42095123419611,0
25005_2021-10-27 11:00:00,2021299N33284,25005,Bristol,2021-10-27 11:00:00,42,580068,202065.0,1760.41666666667,42,7.03828289692341,4082682.68345257,1.75,2021,10,28.71111494885921,14.621394123663311,22.396459870201358,990.4169546140408,66,66,31.70524064171111,0,2021-10-28 18:42:18.866310160,22.87126865671639,0,0.2792684495364736,0.1,0.1396342247682368,2021-10-28 09:52:16.567164179,31.70524064171111,0
44009_2021-10-27 12:00:00,2021299N33284,44009,Washington,2021-10-27 12:00:00,34,130330,72700.0,1760.45833333333,34,6.86209137184542,894336.368492613,1.41666666666667,2021,10,26.563798752074806,15.24618101545508,13.397426148073171,991.0983970646968,58,58,21.390909090908888,0,2021-10-28 09:23:27.272727272,13.559288537549167,0,0.3923143576271886,0.1,0.1961571788135943,2021-10-28 01:33:33.438735177,21.390909090908888,0
12051_2022-09-27 17:00:00,2022263N10313,12051,Hendry,2022-09-27 17:00:00,196,41339,15770.0,2095.66666666667,196,52.2607511035892,2160407.18987127,8.16666666666667,2022,9,29.585371705272312,8.868335777052435,63.782837270867816,992.7709913150044,220,168,173.69139130434777,0,2022-10-04 22:41:29.008695652,126.45198185624555,0,0.7610860876736661,0.1,0.3805430438368331,2022-10-02 23:27:07.134682484,173.69139130434777,0
12021_2022-09-28 13:00:00,2022263N10313,12021,Collier,2022-09-28 13:00:00,165,397994,266091.0,2096.5,165,60.2103428481238,23963355.1914962,6.875,2022,9,31.90221790022993,9.691955763544042,61.4167069801179,994.6859206120092,189,168,136.61277292576418,0,2022-10-04 05:36:45.982532751,69.29535283100556,0,0.8080454128667253,0.1,0.40402270643336263,2022-10-01 10:17:43.270191620,136.61277292576418,0
12027_2022-09-28 14:00:00,2022263N10313,12027,DeSoto,2022-09-28 14:00:00,224,35312,15719.0,2096.54166666667,224,107.25274725795,3787309.01117275,9.33333333333333,2022,9,34.42957217830002,8.856254730941961,136.37131988664106,985.6250405553344,248,168,207.53449891066944,0,2022-10-07 05:32:04.196078410,172.30909090909083,0,0.9999466353594109,0.1,0.49997331767970543,2022-10-05 18:18:32.727272727,207.53449891066944,0
12071_2022-09-28 14:00:00,2022263N10313,12071,Lee,2022-09-28 14:00:00,263,822453,474231.0,2096.54166666667,263,129.068807614851,106153028.029257,10.9583333333333,2022,9,33.89491654413044,10.572971698054252,154.5206312934589,984.7481048558096,287,168,261.0820398406372,0,2022-10-09 11:04:55.343426294,141.77603430315443,0,0.9415395310784518,0.1,0.4707697655392259,2022-10-04 11:46:33.723491356,261.0820398406372,0
12115_2022-09-28 15:00:00,2022263N10313,12115,Sarasota,2022-09-28 15:00:00,204,462286,289988.0,2096.58333333333,204,74.3586167520388,34374947.503833,8.5,2022,9,36.71109159383786,10.665444155229265,233.62489503704234,987.9367775988752,228,168,179.77008196721306,0,2022-10-06 02:46:12.295081967,57.76673427991861,0,0.895713683682603,0.1,0.4478568418413015,2022-10-01 00:46:00.243407707,179.77008196721306,0
12081_2022-09-28 15:00:00,2022263N10313,12081,Manatee,2022-09-28 15:00:00,152,429125,237346.0,2096.58333333333,152,47.6588885921035,20451620.5670864,6.33333333333333,2022,9,33.01914715606894,9.887475932147337,197.79446536479247,992.4396106858222,176,168,131.61833598304167,0,2022-10-04 02:37:06.009538950,53.277969409485834,0,0.730450355409412,0.1,0.365225177704706,2022-09-30 20:16:40.689874149,131.61833598304167,0
12015_2022-09-28 16:00:00,2022263N10313,12015,Charlotte,2022-09-28 16:00:00,228,202661,125746.0,2096.625,228,131.884606780839,26727866.2948116,9.5,2022,9,35.08754816567501,9.791824717888106,159.2516330978297,984.8125768262468,252,168,223.73502590673556,0,2022-10-07 23:44:06.093264248,156.60728795745806,0,0.9841566142213996,0.1,0.4920783071106998,2022-10-05 04:36:26.236646849,223.73502590673556,0
12043_2022-09-28 22:00:00,2022263N10313,12043,Glades,2022-09-28 22:00:00,123,12454,6799.0,2096.875,123,38.8406365122899,483721.287124058,5.125,2022,9,29.72128616208615,8.893276921407388,32.079410867299885,990.9416953125,147,147,75.10576923076917,0,2022-10-02 01:06:20.769230769,47.39102564102556,0,0.7907352941176471,0.1,0.39536764705882355,2022-09-30 21:23:27.692307692,75.10576923076917,0
12055_2022-09-28 23:00:00,2022263N10313,12055,Highlands,2022-09-28 23:00:00,118,105618,65335.0,2096.91666666667,118,62.6931510373638,6621525.22626429,4.91666666666667,2022,9,29.317417563115796,8.885194833593609,71.29117258180445,990.1561966339452,142,142,111.91489361702111,0,2022-10-03 14:54:53.617021276,73.83169301187445,0,0.8645973565047118,0.1,0.4322986782523559,2022-10-02 00:49:54.094842748,111.91489361702111,0
12105_2022-09-28 23:00:00,2022263N10313,12105,Polk,2022-09-28 23:00:00,96,787404,355057.0,2096.91666666667,96,26.2357114515537,20658104.1397992,4.0,2022,9,29.321977189501872,9.777605338116613,182.7253767873006,994.71184138332,120,120,75.94261906776056,0,2022-10-02 02:56:33.428643938,48.44088223552278,0,0.539908638808254,0.1,0.269954319404127,2022-09-30 23:26:27.176047882,75.94261906776056,0
12127_2022-09-29 00:00:00,2022263N10313,12127,Volusia,2022-09-29 00:00:00,119,579192,310300.0,2096.95833333333,119,42.9121489069536,24854373.3497163,4.95833333333333,2022,9,24.519443478560436,9.491900693612493,175.6269956507545,997.1735238898318,143,143,111.51450171821305,0,2022-10-03 15:30:52.206185567,62.44970469535195,0,0.7886898566134906,0.1,0.3943449283067453,2022-10-01 14:26:58.936903267,111.51450171821305,0
12095_2022-09-29 04:00:00,2022263N10313,12095,Orange,2022-09-29 04:00:00,70,1452726,631967.0,2097.125,70,12.8982912827745,18737683.1020598,2.91666666666667,2022,9,25.15576158456467,10.150175690475054,142.88164521824925,994.0636348146984,94,94,60.44275491949889,0,2022-10-01 16:26:33.917710196,41.51421730178361,0,0.35041304038792626,0.1,0.17520652019396313,2022-09-30 21:30:51.182286421,60.44275491949889,0
12093_2022-09-29 04:00:00,2022263N10313,12093,Okeechobee,2022-09-29 04:00:00,68,40412,22938.0,2097.125,68,25.8958496817508,1046503.07733891,2.83333333333333,2022,9,28.21529385389864,10.643892175820953,44.98182598128491,992.527224473834,92,92,65.20210378681611,0,2022-10-01 21:12:07.573632538,38.65293327362278,0,0.8026855000435957,0.1,0.40134275002179787,2022-09-30 18:39:10.559785042,65.20210378681611,0
12097_2022-09-29 04:00:00,2022263N10313,12097,Osceola,2022-09-29 04:00:00,39,422545,198813.0,2097.125,39,3.37672332547404,1426817.55756243,1.625,2022,9,27.063418047291037,13.059174610502179,124.2110080612748,992.8691612793652,63,63,16.152837792454722,0,2022-09-29 20:09:10.216052837,16.174997201388056,0,0.19604424372014947,0.1,0.09802212186007474,2022-09-29 20:10:29.989924997,16.152837792454722,0
12111_2022-09-29 05:00:00,2022263N10313,12111,St. Lucie,2022-09-29 05:00:00,39,358704,173837.0,2097.16666666667,39,4.78086943516052,1714916.98986982,1.625,2022,9,26.58917615189016,13.863592686986488,26.748568954733187,996.016060505319,63,63,15.83167435728389,0,2022-09-29 20:49:54.027686222,12.955055705604167,0,0.27310066326501264,0.1,0.13655033163250632,2022-09-29 17:57:18.200540175,15.83167435728389,0
12061_2022-09-29 05:00:00,2022263N10313,12061,Indian River,2022-09-29 05:00:00,48,167352,99474.0,2097.16666666667,48,7.55761154064953,1264781.40655078,2.0,2022,9,26.83720474445356,12.008170079777743,40.425908516486935,994.3592833480564,72,72,39.09839743589722,0,2022-09-30 20:05:54.230769230,25.137911464245,0,0.27336516712741893,0.1,0.13668258356370946,2022-09-30 06:08:16.481271282,39.09839743589722,0
12069_2022-09-29 06:00:00,2022263N10313,12069,Lake,2022-09-29 06:00:00,42,410139,169649.0,2097.20833333333,42,5.29934800236066,2173469.2903402,1.75,2022,9,24.207420615613565,13.164281532458045,121.63439614416765,998.3076927037569,66,66,31.972629213483057,0,2022-09-30 13:58:21.465168539,31.753932584269446,0,0.20573621204887452,0.1,0.10286810602443726,2022-09-30 13:45:14.157303370,31.972629213483057,0
12009_2022-09-29 07:00:00,2022263N10313,12009,Brevard,2022-09-29 07:00:00,62,630693,330448.0,2097.25,62,9.3894470536968,5921858.5306372,2.58333333333333,2022,9,24.75423455962732,10.721167809834826,105.43303029387795,992.6277006274768,86,86,44.44980861244,0,2022-10-01 03:26:59.311004784,39.84270952927667,0,0.2672856243644991,0.1,0.13364281218224955,2022-09-30 22:50:33.754305396,44.44980861244,0
12107_2022-09-29 10:00:00,2022263N10313,12107,Putnam,2022-09-29 10:00:00,35,74731,42472.0,2097.375,35,5.25023680894843,392355.446969525,1.45833333333333,2022,9,23.702810374066868,14.064952851829279,79.1082076442662,1003.8781648773008,59,59,27.308403361344446,0,2022-09-30 13:18:30.252100840,16.07150617218222,0,0.29894989640233566,0.1,0.14947494820116783,2022-09-30 02:04:17.422219856,27.308403361344446,0
51049_2022-09-29 21:00:00,2022263N10313,51049,Cumberland,2022-09-29 21:00:00,43,9746,5560.0,2097.83333333333,43,1.35323741007194,13188.6517985612,1.79166666666667,2022,9,20.54194033033795,11.306601120314243,43.90288232519147,1006.952499020376,67,67,39.74787052810889,0,2022-10-01 12:44:52.333901192,39.84752981260639,0,0.1789568345323741,0.1,0.08947841726618705,2022-10-01 12:50:51.107325383,39.74787052810889,0
45043_2022-09-30 15:00:00,2022263N10313,45043,Georgetown,2022-09-30 15:00:00,33,64722,37525.0,2098.58333333333,33,5.26731275063883,340911.015846847,1.375,2022,9,25.727494832434576,13.166688624897041,161.62957479539784,984.547740200765,57,57,26.566778523489724,0,2022-10-01 17:34:00.402684563,15.7437542510525,0,0.29556780130250215,0.1,0.14778390065125108,2022-10-01 06:44:37.515303789,26.566778523489724,0
45089_2022-09-30 15:00:00,2022263N10313,45089,Williamsburg,2022-09-30 15:00:00,30,30058,20725.0,2098.58333333333,30,4.49652977679973,135156.692031046,1.25,2022,9,28.82317345765616,13.025720465306003,136.733504710719,989.7599098807052,54,54,24.275890736341946,0,2022-10-01 15:16:33.206650831,23.50257582651139,0,0.2427513323096378,0.1,0.1213756661548189,2022-10-01 14:30:09.272975441,24.275890736341946,0
37047_2022-09-30 17:00:00,2022263N10313,37047,Columbus,2022-09-30 17:00:00,27,49885,30095.0,2098.66666666667,27,4.57080138250759,228014.426966391,1.125,2022,9,26.020443516204896,13.9432926303467,120.33839085681815,989.8974827361252,51,51,22.939511584220277,0,2022-10-01 15:56:22.241703193,21.7576576576575,0,0.30821419115700294,0.1,0.15410709557850147,2022-10-01 14:45:27.567567567,22.939511584220277,0
45019_2022-09-30 17:00:00,2022263N10313,45019,Charleston,2022-09-30 17:00:00,24,419279,241137.0,2098.66666666667,24,3.10255195219565,1300834.87996464,1.0,2022,9,27.031333915004748,14.158047045107807,97.90106417505424,991.5582851192644,48,48,10.424601867105833,0,2022-10-01 03:25:28.566721581,8.876139929541667,0,0.26222437867270476,0.1,0.13111218933635238,2022-10-01 01:52:34.103746350,10.424601867105833,0
45033_2022-09-30 17:00:00,2022263N10313,45033,Dillon,2022-09-30 17:00:00,24,27738,13413.0,2098.66666666667,24,2.86083405615524,79353.815049634,1.0,2022,9,28.313753353506677,14.14646593236472,142.3987444274427,990.3722434618792,48,48,14.288387096774168,0,2022-10-01 07:17:18.193548387,11.656249999999723,0,0.21942233041647477,0.1,0.10971116520823739,2022-10-01 04:39:22.499999999,14.288387096774168,0
45067_2022-09-30 18:00:00,2022263N10313,45067,Marion,2022-09-30 18:00:00,27,28450,17647.0,2098.70833333333,27,3.47034506261033,98731.317031264,1.125,2022,9,27.879816156473517,12.995738645351016,149.41352208681064,988.9271769093812,51,51,25.135288552506946,0,2022-10-01 19:08:07.038789025,25.760340615515556,0,0.16159953324033116,0.1,0.08079976662016558,2022-10-01 19:45:37.226215856,25.135288552506946,0
37155_2022-09-30 18:00:00,2022263N10313,37155,Robeson,2022-09-30 18:00:00,29,116663,48305.0,2098.70833333333,29,5.40243709136318,630264.518389703,1.20833333333333,2022,9,28.32242812297892,13.576210467366193,120.29990958074454,991.2934039046656,53,53,23.6391791044775,0,2022-10-01 17:38:21.044776119,21.90812764876972,0,0.27873366875789385,0.1,0.13936683437894692,2022-10-01 15:54:29.259535571,23.6391791044775,0
37125_2022-09-30 20:00:00,2022263N10313,37125,Moore,2022-09-30 20:00:00,27,105531,63474.0,2098.79166666667,27,3.83896515247143,405129.831505462,1.125,2022,9,31.06975686809291,13.472723637116028,109.33809966651175,996.9363512652852,51,51,26.127881280748333,0,2022-10-01 22:07:40.372610694,25.828615210903887,0,0.2583546951420888,0.1,0.1291773475710444,2022-10-01 21:49:43.014759254,26.127881280748333,0
37001_2022-09-30 22:00:00,2022263N10313,37001,Alamance,2022-09-30 22:00:00,25,176353,88974.0,2098.875,25,2.87589455523984,507172.632500212,1.04166666666667,2022,9,27.028089973317595,12.359525204863331,97.57417134206854,1000.679178334686,49,49,18.132144878324723,0,2022-10-01 16:07:55.721561969,21.43777505005528,0,0.15576460539033876,0.1,0.07788230269516938,2022-10-01 19:26:15.990180199,18.132144878324723,0
37135_2022-09-30 23:00:00,2022263N10313,37135,Orange,2022-09-30 23:00:00,33,150477,89129.0,2098.91666666667,33,4.03922689908379,607810.746093431,1.375,2022,9,27.14643061469583,11.696170579695728,99.39885171568571,1000.3816016544118,57,57,23.713015157806666,0,2022-10-01 22:42:46.854568104,24.286731267744166,0,0.17592478317943655,0.1,0.08796239158971828,2022-10-01 23:17:12.232563879,23.713015157806666,0
37169_2022-10-01 00:00:00,2022263N10313,37169,Stokes,2022-10-01 00:00:00,43,45175,25632.0,2098.95833333333,43,5.94742585201643,268674.962864842,1.79166666666667,2022,9,24.20122753739848,10.889696950182032,64.88881903075817,1003.6487591628088,67,67,22.66345427122361,0,2022-10-01 22:39:48.435376405,20.328828828828613,0,0.24098782771535582,0.1,0.12049391385767791,2022-10-01 20:19:43.783783783,22.66345427122361,0
51141_2022-10-01 00:00:00,2022263N10313,51141,Patrick,2022-10-01 00:00:00,45,17643,12368.0,2098.95833333333,45,10.2776520051746,181328.614327296,1.875,2022,9,21.841559058551752,11.166074980664218,69.35541202544829,1004.86487697897,69,69,38.53417721518972,0,2022-10-02 14:32:03.037974683,24.756124721603335,0,0.3454883570504528,0.1,0.1727441785252264,2022-10-02 00:45:22.048997772,38.53417721518972,0
37081_2022-10-01 00:00:00,2022263N10313,37081,Guilford,2022-10-01 00:00:00,29,546101,226272.0,2098.95833333333,29,4.46648872203628,2439153.95759274,1.20833333333333,2022,9,26.56599204377694,11.25062826347392,81.02201075367206,1001.4674909002132,53,53,21.709436659994168,0,2022-10-01 21:42:33.971975979,21.01672862453528,0,0.22141149329785964,0.1,0.11070574664892982,2022-10-01 21:01:00.223048327,21.709436659994168,0
51590_2022-10-01 02:00:00,2022263N10313,51590,Danville,2022-10-01 02:00:00,57,42229,18524.0,2099.04166666667,57,9.3054955733103,392961.772565321,2.375,2022,10,24.58589875464346,10.400893922638184,83.22302129703994,1002.4236243872552,81,81,23.923489932885833,0,2022-10-02 01:55:24.563758389,13.48746758859111,0,0.42280285035629456,0.1,0.21140142517814728,2022-10-01 15:29:14.883318928,23.923489932885833,0
