event_id,CountyFIPS,storm,event_start,event_end,duration_hours,year,month,county_pop,pre_outage_tracked_customers,days_since_data_start,n_periods,integral,pop_hours_supply_lost,max_outage_raw,hours_above_thresh_raw,is_valid,peak_outage_clean,threshold_used_t90,t90_lastcross,censored_lastcross,crossing_time_lastcross,duration_days
54059_2017-06-24 04:00:00,54059,2017171N24271,2017-06-24 04:00:00,2017-06-26 18:00:00,62.0,2017,6,22573,13970.0,174.125,62,4.77878915456688,107871.607586038,0.4754473872584109,13,True,0.47537580529706513,0.1,12.655841008240278,0,2017-06-24 16:39:21.027629665,2.58333333333333
48355_2017-08-25 21:00:00,48355,2017228N14314,2017-08-25 21:00:00,2017-09-04 22:00:00,241.0,2017,8,351674,143346.0,236.833333333333,241,59.3811952795346,20882822.468735,0.737402114463309,142,True,0.7328556111993269,0.1,163.03567415730333,0,2017-09-01 16:02:08.426966292,10.0416666666667
48391_2017-08-25 22:00:00,48391,2017228N14314,2017-08-25 22:00:00,2017-09-11 23:00:00,409.0,2017,8,6632,4527.0,236.875,409,253.371423550923,1680359.28098972,0.9931521979235697,351,True,0.9890560875512996,0.1,382.21368421052614,0,2017-09-10 20:12:49.263157894,17.0416666666667
48409_2017-08-25 22:00:00,48409,2017228N14314,2017-08-25 22:00:00,2017-09-07 01:00:00,291.0,2017,8,69954,30060.0,236.875,291,112.724403564193,7885522.92692956,0.9070879171390923,212,True,0.9068121226978825,0.1,237.77792792792778,0,2017-09-04 19:46:40.540540540,12.125
48239_2017-08-26 00:00:00,48239,2017228N14314,2017-08-26 00:00:00,2017-09-02 04:00:00,172.0,2017,8,15142,4458.0,236.958333333333,172,94.3516086477872,1428672.05814479,0.8202775290957923,138,True,0.7759623992837958,0.1,153.7592452830186,0,2017-09-01 09:45:33.283018867,7.16666666666667
48321_2017-08-26 00:00:00,48321,2017228N14314,2017-08-26 00:00:00,2017-09-02 00:00:00,168.0,2017,8,36125,15562.0,236.958333333333,168,39.9672009706017,1443815.13506299,0.6844475453507548,113,True,0.6829252822529494,0.1,138.28707482993195,0,2017-08-31 18:17:13.469387755,7.0
48007_2017-08-26 01:00:00,48007,2017228N14314,2017-08-26 01:00:00,2017-09-13 20:00:00,451.0,2017,8,24944,19431.0,237.0,451,325.38767319175,8116470.120095,0.9776645566363028,401,True,0.977613092481087,0.1,404.93248638838475,0,2017-09-11 21:55:56.950998185,18.7916666666667
48175_2017-08-26 01:00:00,48175,2017228N14314,2017-08-26 01:00:00,2017-09-08 19:00:00,330.0,2017,8,7131,2933.0,237.0,330,111.260386574965,793397.816666073,0.9295774647887324,200,True,0.9245892018779343,0.1,237.56666666666638,0,2017-09-04 22:33:59.999999999,13.75
48057_2017-08-26 03:00:00,48057,2017228N14314,2017-08-26 03:00:00,2017-09-06 10:00:00,271.0,2017,8,19706,7499.0,237.083333333333,271,173.098546472863,3411079.95679424,0.9902653687158288,233,True,0.9902653687158288,0.1,246.23344594594585,0,2017-09-05 09:14:00.405405405,11.2916666666667
48025_2017-08-26 06:00:00,48025,2017228N14314,2017-08-26 06:00:00,2017-08-31 00:00:00,114.0,2017,8,30394,8880.0,237.208333333333,114,36.1777192679203,1099585.59942917,0.7478300593878483,83,True,0.7438708694990102,0.1,87.46885245901639,0,2017-08-29 21:28:07.868852459,4.75
48469_2017-08-26 07:00:00,48469,2017228N14314,2017-08-26 07:00:00,2017-09-07 21:00:00,302.0,2017,8,91065,30106.0,237.25,302,109.140866431263,9938913.00156295,0.8643161335050015,221,True,0.860783731141263,0.1,251.54107485604584,0,2017-09-05 18:32:27.869481765,12.5833333333333
48089_2017-08-26 17:00:00,48089,2017228N14314,2017-08-26 17:00:00,2017-08-30 02:00:00,81.0,2017,8,20754,5500.0,237.666666666667,81,8.17485316441942,169660.902574361,0.23398479913137893,9,True,0.19307109346806206,0.1,76.42723311546834,0,2017-08-29 21:25:38.039215686,3.375
22085_2017-08-28 19:00:00,22085,2017228N14314,2017-08-28 19:00:00,2017-08-31 23:00:00,76.0,2017,8,21985,8290.0,239.75,76,5.27999589806098,116080.709818871,0.34211345017110856,15,True,0.313387949808151,0.1,74.22650887573944,0,2017-08-31 21:13:35.431952662,3.16666666666667
48245_2017-08-30 05:00:00,48245,2017228N14314,2017-08-30 05:00:00,2017-09-03 23:00:00,114.0,2017,8,250830,117068.0,241.166666666667,114,11.7596406039316,2949670.65268417,0.1730020159223699,15,True,0.17044794478422798,0.1,43.90726805328333,0,2017-09-01 00:54:26.164991820,4.75
48071_2017-08-30 05:00:00,48071,2017228N14314,2017-08-30 05:00:00,2017-09-03 01:00:00,92.0,2017,8,51288,12430.125,241.166666666667,92,9.12678646490122,468094.624211854,0.29077343421605717,41,True,0.28189365279529216,0.1,90.33530499075778,0,2017-09-02 23:20:07.097966728,3.83333333333333
48361_2017-08-30 10:00:00,48361,2017228N14314,2017-08-30 10:00:00,2017-09-07 17:00:00,199.0,2017,8,84934,41233.0,241.375,199,79.0355627325453,6712806.485126,0.7403293478524483,182,True,0.7357698930468314,0.1,185.9256749602964,0,2017-09-07 03:55:32.429857067,8.29166666666667
48419_2017-08-30 20:00:00,48419,2017228N14314,2017-08-30 20:00:00,2017-09-01 05:00:00,33.0,2017,8,24008,3995.0,241.791666666667,33,1.07909887359199,25907.0057571965,0.15894868585732166,5,True,0.15894868585732166,0.1,14.373217115689167,0,2017-08-31 10:22:23.581616481,1.375
22081_2017-08-30 23:00:00,22081,2017228N14314,2017-08-30 23:00:00,2017-08-31 23:00:00,24.0,2017,8,7420,3236.0,241.916666666667,24,5.85012360939431,43407.9171817058,0.2994437577255871,19,True,0.2994437577255871,0.1,23.444050632911388,0,2017-08-31 22:26:38.582278481,1.0
28053_2017-09-01 00:00:00,28053,2017228N14314,2017-09-01 00:00:00,2017-09-02 00:00:00,24.0,2017,8,7333,2644.0,242.958333333333,24,2.49697428139183,18310.3124054463,0.3812405446293495,5,True,0.22692889561270801,0.1,16.220143884891943,0,2017-09-01 16:13:12.517985611,1.0
47161_2017-09-01 06:00:00,47161,2017228N14314,2017-09-01 06:00:00,2017-09-03 06:00:00,48.0,2017,9,14035,7491.0,243.208333333333,48,3.24669603524229,45567.3788546256,0.35042050460552665,10,True,0.31624616206114003,0.1,46.09169859514667,0,2017-09-03 04:05:30.114942528,2.0
12037_2017-09-09 19:00:00,12037,2017242N16333,2017-09-09 19:00:00,2017-09-14 21:00:00,122.0,2017,9,12498,9491.0,251.75,122,13.3911488345658,167362.578134403,0.1932163513381041,73,True,0.19262817370845994,0.1,120.81230949589667,0,2017-09-14 19:48:44.314185228,5.08333333333333
12067_2017-09-09 20:00:00,12067,2017242N16333,2017-09-09 20:00:00,2017-09-17 19:00:00,191.0,2017,9,7786,786.0,251.791666666667,191,89.8808888826583,699812.600840377,1.0,158,True,0.9625681705503223,0.1,186.8025644925564,0,2017-09-17 14:48:09.232173203,7.95833333333333
12013_2017-09-09 21:00:00,12013,2017242N16333,2017-09-09 21:00:00,2017-09-12 03:00:00,54.0,2017,9,13464,976.0,251.833333333333,54,8.9500948356099,120504.076866652,1.0,14,True,0.5524889107934944,0.1,53.30243902439,0,2017-09-12 02:18:08.780487804,2.25
12075_2017-09-09 22:00:00,12075,2017242N16333,2017-09-09 22:00:00,2017-09-17 20:00:00,190.0,2017,9,45260,5563.0,251.875,190,64.4138282251013,2915369.86546809,0.8835171631790537,123,True,0.8714050097928049,0.1,170.764203411355,0,2017-09-17 00:45:51.132280878,7.91666666666667
13193_2017-09-09 22:00:00,13193,2017242N16333,2017-09-09 22:00:00,2017-09-14 20:00:00,118.0,2017,9,11765,3712.0,251.875,118,32.7853128644046,385719.20584972,0.9120377911712005,48,True,0.9119373776908023,0.1,98.42399999999972,0,2017-09-14 00:25:26.399999999,4.91666666666667
13183_2017-09-09 23:00:00,13183,2017242N16333,2017-09-09 23:00:00,2017-09-14 04:00:00,101.0,2017,9,18348,2442.0,251.916666666667,101,26.4625248625249,485534.406177606,0.7771428571428571,57,True,0.7436527436527437,0.1,96.19999999999972,0,2017-09-13 23:11:59.999999999,4.20833333333333
12079_2017-09-10 02:00:00,12079,2017242N16333,2017-09-10 02:00:00,2017-09-15 06:00:00,124.0,2017,9,18198,3749.0,252.041666666667,124,53.5771571473622,974997.105767696,1.0,94,True,0.8350259291270528,0.1,119.83281313067306,0,2017-09-15 01:49:58.127270423,5.16666666666667
12011_2017-09-10 06:00:00,12011,2017242N16333,2017-09-10 06:00:00,2017-09-17 16:00:00,178.0,2017,9,1947026,939274.0,252.208333333333,178,50.9309517657027,99163887.2925691,0.7578470180160422,116,True,0.7419475041361733,0.1,153.04680648042861,0,2017-09-16 15:02:48.503329543,7.41666666666667
12086_2017-09-10 06:00:00,12086,2017242N16333,2017-09-10 06:00:00,2017-09-19 00:00:00,210.0,2017,9,2673837,1124137.0,252.208333333333,210,62.6986500102262,167645970.247393,0.8194535007743718,137,True,0.8081141355546522,0.1,181.80815224063832,0,2017-09-17 19:48:29.348066298,8.75
12125_2017-09-10 11:00:00,12125,2017242N16333,2017-09-10 11:00:00,2017-09-16 00:00:00,133.0,2017,9,15460,5345.0,252.416666666667,133,54.993459561233,850198.884816662,0.8806361085126286,103,True,0.8782039289055191,0.1,128.33181818181805,0,2017-09-15 19:19:54.545454545,5.54166666666667
13305_2017-09-10 12:00:00,13305,2017242N16333,2017-09-10 12:00:00,2017-09-14 01:00:00,85.0,2017,9,30896,6807.0,252.458333333333,85,28.5438055348416,881889.415804467,1.0,53,True,1.0,0.1,77.44797297297278,0,2017-09-13 17:26:52.702702702,3.54166666666667
13273_2017-09-10 14:00:00,13273,2017242N16333,2017-09-10 14:00:00,2017-09-14 01:00:00,83.0,2017,9,8754,3418.0,252.541666666667,83,16.4010762905038,143575.02184707,1.0,38,True,0.4497695852534562,0.1,80.36560550761055,0,2017-09-13 22:21:56.179827398,3.45833333333333
12111_2017-09-10 14:00:00,12111,2017242N16333,2017-09-10 14:00:00,2017-09-16 01:00:00,131.0,2017,9,358704,127029.0,252.541666666667,131,39.8613853891109,14298438.3846156,0.7494115516929205,92,True,0.7487975186768375,0.1,117.27373737373722,0,2017-09-15 11:16:25.454545454,5.45833333333333
12099_2017-09-10 14:00:00,12099,2017242N16333,2017-09-10 14:00:00,2017-09-16 17:00:00,147.0,2017,9,1518477,742679.0,252.541666666667,147,48.3090383845822,73356163.6791051,0.7700635133079029,97,True,0.75025953339195,0.1,127.02598707824833,0,2017-09-15 21:01:33.553481694,6.125
12021_2017-09-10 14:00:00,12021,2017242N16333,2017-09-10 14:00:00,2017-09-21 13:00:00,263.0,2017,9,397994,212167.0,252.541666666667,263,118.692897564778,47239061.0733962,0.9286081247319329,220,True,0.9265672795486575,0.1,247.5624464355278,0,2017-09-20 21:33:44.807167900,10.9583333333333
13231_2017-09-10 16:00:00,13231,2017242N16333,2017-09-10 16:00:00,2017-09-14 15:00:00,95.0,2017,9,19990,4756.0,252.625,95,21.8057808994904,435897.560180814,0.7294602211142424,46,True,0.6446304440346149,0.1,92.23458579339167,0,2017-09-14 12:14:04.508856210,3.95833333333333
13227_2017-09-10 16:00:00,13227,2017242N16333,2017-09-10 16:00:00,2017-09-14 22:00:00,102.0,2017,9,34826,4417.2,252.625,102,28.0350371294082,976348.203068769,0.9036673817550311,51,True,0.8170208418471598,0.1,91.84131049131305,0,2017-09-14 11:50:28.717768727,4.25
12093_2017-09-10 16:00:00,12093,2017242N16333,2017-09-10 16:00:00,2017-09-17 23:00:00,175.0,2017,9,40412,20093.0,252.625,175,79.3521562543671,3206779.33855148,0.9936793908326282,133,True,0.99328124222366,0.1,143.2979377839914,0,2017-09-16 15:17:52.576022369,7.29166666666667
12051_2017-09-10 16:00:00,12051,2017242N16333,2017-09-10 16:00:00,2017-09-23 04:00:00,300.0,2017,9,41339,9738.0,252.625,300,135.441962739839,5599035.2977022,1.0,217,True,1.0,0.1,224.8814569536422,0,2017-09-20 00:52:53.245033112,12.5
13199_2017-09-10 16:00:00,13199,2017242N16333,2017-09-10 16:00:00,2017-09-14 15:00:00,95.0,2017,9,20845,1333.0,252.625,95,22.0495713210697,459623.314187697,0.943207981580967,38,True,0.8645733205169284,0.1,68.45440425983472,0,2017-09-13 12:27:15.855335405,3.95833333333333
13061_2017-09-10 17:00:00,13061,2017242N16333,2017-09-10 17:00:00,2017-09-13 21:00:00,76.0,2017,9,2845,1564.0,252.666666666667,76,22.095019901636,62860.3316201544,1.0,35,True,1.0,0.1,57.64652777777778,0,2017-09-13 02:38:47.500000000,3.16666666666667
13171_2017-09-10 17:00:00,13171,2017242N16333,2017-09-10 17:00:00,2017-09-16 11:00:00,138.0,2017,9,19467,2542.0,252.666666666667,138,38.8380165630381,756059.668432663,0.9659574468085106,73,True,0.8683229813664596,0.1,136.2269372693725,0,2017-09-16 09:13:36.974169741,5.75
12129_2017-09-10 18:00:00,12129,2017242N16333,2017-09-10 18:00:00,2017-09-15 05:00:00,107.0,2017,9,35178,15461.0,252.708333333333,107,23.0348909932965,810321.395362186,0.5804281741155165,67,True,0.5133561865338594,0.1,97.50331075996972,0,2017-09-14 19:30:11.918735891,4.45833333333333
12107_2017-09-10 18:00:00,12107,2017242N16333,2017-09-10 18:00:00,2017-09-19 09:00:00,207.0,2017,9,74731,20133.0,252.708333333333,207,79.228861602759,5920852.05643578,0.8934643543404762,146,True,0.891275265731034,0.1,167.88218661639945,0,2017-09-17 17:52:55.871819038,8.625
12041_2017-09-10 19:00:00,12041,2017242N16333,2017-09-10 19:00:00,2017-09-18 00:00:00,173.0,2017,9,18992,4797.0,252.75,173,64.3622175053202,1222367.23486104,1.0,127,True,0.9613122467651287,0.1,148.8402411714261,0,2017-09-16 23:50:24.868217134,7.20833333333333
12049_2017-09-10 21:00:00,12049,2017242N16333,2017-09-10 21:00:00,2017-09-18 04:00:00,175.0,2017,9,25645,2812.0,252.833333333333,175,87.4002236755517,2241378.73615952,1.0,156,True,0.9538795442213782,0.1,172.15532994923834,0,2017-09-18 01:09:19.187817258,7.29166666666667
12055_2017-09-10 22:00:00,12055,2017242N16333,2017-09-10 22:00:00,2017-09-20 01:00:00,219.0,2017,9,105618,54806.0,252.875,219,142.440173938316,15044246.291017,1.0,203,True,0.9523515973456141,0.1,216.54451691805946,0,2017-09-19 22:32:40.260905014,9.125
12029_2017-09-10 22:00:00,12029,2017242N16333,2017-09-10 22:00:00,2017-09-17 21:00:00,167.0,2017,9,17124,1806.0,252.875,167,73.5574367956428,1259597.54768859,1.0,144,True,0.9537863189201555,0.1,161.40008534699888,0,2017-09-17 15:24:00.307249196,6.95833333333333
12105_2017-09-10 23:00:00,12105,2017242N16333,2017-09-10 23:00:00,2017-09-18 23:00:00,192.0,2017,9,787404,106169.0,252.916666666667,192,43.4272046678154,34194754.6642565,0.8392825430651749,118,True,0.4262937819280948,0.1,162.45878594249194,0,2017-09-17 17:27:31.629392971,8.0
12035_2017-09-11 00:00:00,12035,2017242N16333,2017-09-11 00:00:00,2017-09-18 22:00:00,190.0,2017,9,126705,58355.0,252.958333333333,190,67.5772757488715,8562378.72376077,0.8801514813989753,135,True,0.8756618743252738,0.1,149.8971880492089,0,2017-09-17 05:53:49.876977152,7.91666666666667
12015_2017-09-11 00:00:00,12015,2017242N16333,2017-09-11 00:00:00,2017-09-18 20:00:00,188.0,2017,9,202661,114552.0,252.958333333333,188,47.885063010151,9704434.75470022,0.6418307842726447,121,True,0.6174226552133529,0.1,143.67597765363112,0,2017-09-16 23:40:33.519553072,7.83333333333333
12103_2017-09-11 00:00:00,12103,2017242N16333,2017-09-11 00:00:00,2017-09-18 00:00:00,168.0,2017,9,961739,541750.0,252.958333333333,168,68.8142949131587,66181391.1754863,1.0,121,True,0.7677729214282694,0.1,160.12296022437528,0,2017-09-17 16:07:22.656807751,7.0
12071_2017-09-11 00:00:00,12071,2017242N16333,2017-09-11 00:00:00,2017-09-21 00:00:00,240.0,2017,9,822453,260826.0,252.958333333333,240,97.1921323929368,79935960.862968,0.9365975784622699,181,True,0.9314504688949721,0.1,216.4818116462975,0,2017-09-20 00:28:54.521926671,10.0
12085_2017-09-11 00:00:00,12085,2017242N16333,2017-09-11 00:00:00,2017-09-15 20:00:00,116.0,2017,9,162006,94195.0,252.958333333333,116,48.1410629919414,7799141.05107246,0.8694941345082011,89,True,0.862073358458517,0.1,95.52749110320278,0,2017-09-14 23:31:38.967971530,4.83333333333333
12117_2017-09-11 00:00:00,12117,2017242N16333,2017-09-11 00:00:00,2017-09-18 23:00:00,191.0,2017,9,478772,211093.0,252.958333333333,191,69.9670086461089,33498244.6635148,0.7370732331247365,148,True,0.7347898793422805,0.1,170.77504760177695,0,2017-09-18 02:46:30.171366397,7.95833333333333
13025_2017-09-11 01:00:00,13025,2017242N16333,2017-09-11 01:00:00,2017-09-14 21:00:00,92.0,2017,9,18183,1766.0,253.0,92,33.0695602116786,601303.813328953,1.0,57,True,1.0,0.1,83.13443348296639,0,2017-09-14 12:08:03.960538679,3.83333333333333
12121_2017-09-11 01:00:00,12121,2017242N16333,2017-09-11 01:00:00,2017-09-17 18:00:00,161.0,2017,9,45411,6348.0,253.0,161,73.9047928518712,3356090.54819632,0.9938070553695124,126,True,0.9922405876951331,0.1,143.33488372093,0,2017-09-17 00:20:05.581395348,6.70833333333333
12095_2017-09-11 01:00:00,12095,2017242N16333,2017-09-11 01:00:00,2017-09-18 06:00:00,173.0,2017,9,1452726,382514.0,253.0,173,52.8478404184892,76773431.8197902,0.9991326896356412,120,True,0.6682119699189926,0.1,125.77988229494028,0,2017-09-16 06:46:47.576261785,7.20833333333333
12023_2017-09-11 01:00:00,12023,2017242N16333,2017-09-11 01:00:00,2017-09-18 01:00:00,168.0,2017,9,71908,31282.0,253.0,168,55.834276090648,4014931.12512632,0.9844877114586659,92,True,0.9705394190871369,0.1,114.51003861003834,0,2017-09-15 19:30:36.138996138,7.0
12097_2017-09-11 01:00:00,12097,2017242N16333,2017-09-11 01:00:00,2017-09-17 17:00:00,160.0,2017,9,422545,50236.0,253.0,160,31.2744575033316,13214865.6457453,1.0,84,True,0.42301177207441887,0.1,115.86670574443139,0,2017-09-15 20:52:00.140679953,6.66666666666667
13101_2017-09-11 01:00:00,13101,2017242N16333,2017-09-11 01:00:00,2017-09-15 14:00:00,109.0,2017,9,3686,639.0,253.0,109,67.830985915493,250025.014084507,1.0,85,True,1.0,0.1,94.95263157894722,0,2017-09-14 23:57:09.473684210,4.54166666666667
13229_2017-09-11 01:00:00,13229,2017242N16333,2017-09-11 01:00:00,2017-09-14 01:00:00,72.0,2017,9,20168,4101.0,253.0,72,26.3660083105748,531749.655607673,1.0,55,True,1.0,0.1,64.98810408921916,0,2017-09-13 17:59:17.174721189,3.0
12127_2017-09-11 01:00:00,12127,2017242N16333,2017-09-11 01:00:00,2017-09-18 20:00:00,187.0,2017,9,579192,261351.0,253.0,187,65.9369437972425,38190150.3518125,0.7520422726524865,133,True,0.7224537116751036,0.1,160.34128586609972,0,2017-09-17 17:20:28.629117959,7.79166666666667
12101_2017-09-11 01:00:00,12101,2017242N16333,2017-09-11 01:00:00,2017-09-16 17:00:00,136.0,2017,9,608794,250797.0,253.0,136,41.7020677359474,25387968.6252383,0.5905031125011277,111,True,0.5904701039454145,0.1,123.22296914803277,0,2017-09-16 04:13:22.688932918,5.66666666666667
12083_2017-09-11 01:00:00,12083,2017242N16333,2017-09-11 01:00:00,2017-09-19 06:00:00,197.0,2017,9,396415,138863.0,253.0,197,70.672581490682,28015671.3916287,0.7362508371560459,156,True,0.72406616593333,0.1,170.84503165022807,0,2017-09-18 03:50:42.113940821,8.20833333333333
12123_2017-09-11 02:00:00,12123,2017242N16333,2017-09-11 02:00:00,2017-09-16 17:00:00,135.0,2017,9,21283,1604.0,253.041666666667,135,45.961315901204,978194.686325324,1.0,111,True,0.7864824554517623,0.1,124.71715296198028,0,2017-09-16 06:43:01.750663129,5.625
12069_2017-09-11 03:00:00,12069,2017242N16333,2017-09-11 03:00:00,2017-09-19 18:00:00,207.0,2017,9,410139,149938.0,253.083333333333,207,60.752518202616,24916977.0631027,0.6853366057970628,119,True,0.6853366057970628,0.1,166.97565789473666,0,2017-09-18 01:58:32.368421052,8.625
12047_2017-09-11 03:00:00,12047,2017242N16333,2017-09-11 03:00:00,2017-09-17 04:00:00,145.0,2017,9,13217,3302.0,253.083333333333,145,60.7836148143837,803377.03700171,1.0,116,True,0.9104247104247104,0.1,132.12262872628722,0,2017-09-16 15:07:21.463414634,6.04166666666667
12017_2017-09-11 03:00:00,12017,2017242N16333,2017-09-11 03:00:00,2017-09-18 03:00:00,168.0,2017,9,162529,87665.0,253.083333333333,168,59.5509419809906,9678755.04922842,0.8228998680545374,116,True,0.7126903553299493,0.1,122.92148336376167,0,2017-09-16 05:55:17.340109542,7.0
12109_2017-09-11 03:00:00,12109,2017242N16333,2017-09-11 03:00:00,2017-09-17 22:00:00,163.0,2017,9,306841,106680.0,253.083333333333,163,48.7164072609951,14948191.120371,0.8361330358649394,114,True,0.8159039352068843,0.1,132.16413690476168,0,2017-09-16 15:09:50.892857142,6.79166666666667
12001_2017-09-11 03:00:00,12001,2017242N16333,2017-09-11 03:00:00,2017-09-16 17:00:00,134.0,2017,9,284030,120032.0,253.083333333333,134,29.2629568023201,8311557.62056297,0.5634320311852036,80,True,0.5485361200962097,0.1,113.54142678347917,0,2017-09-15 20:32:29.136420525,5.58333333333333
12019_2017-09-11 04:00:00,12019,2017242N16333,2017-09-11 04:00:00,2017-09-16 17:00:00,133.0,2017,9,226589,83949.0,253.125,133,38.1403132085061,8642175.42960219,0.8509845028647663,84,True,0.8346416361925408,0.1,91.00329557157555,0,2017-09-14 23:00:11.864057672,5.54166666666667
13039_2017-09-11 04:00:00,13039,2017242N16333,2017-09-11 04:00:00,2017-09-16 03:00:00,119.0,2017,9,57013,15790.0,253.125,119,53.2059394225794,3033430.22429952,1.0,88,True,1.0,0.1,115.49999999999972,0,2017-09-15 23:29:59.999999999,4.95833333333333
12119_2017-09-11 04:00:00,12119,2017242N16333,2017-09-11 04:00:00,2017-09-17 14:00:00,154.0,2017,9,144970,71787.0,253.125,154,25.9524392164142,3762325.11320357,0.3191107024948807,80,True,0.3188878209146503,0.1,122.47415824915805,0,2017-09-16 06:28:26.969696969,6.41666666666667
12053_2017-09-11 04:00:00,12053,2017242N16333,2017-09-11 04:00:00,2017-09-17 21:00:00,161.0,2017,9,206896,94931.0,253.125,161,35.6024426210731,7366002.96852954,0.5227586352192645,69,True,0.5227586352192645,0.1,113.29313647246583,0,2017-09-15 21:17:35.291300877,6.70833333333333
12007_2017-09-11 05:00:00,12007,2017242N16333,2017-09-11 05:00:00,2017-09-18 02:00:00,165.0,2017,9,27313,9842.0,253.166666666667,165,67.3680106754015,1840022.47557724,0.9691119691119691,134,True,0.968705547652916,0.1,151.98207547169807,0,2017-09-17 12:58:55.471698113,6.875
12031_2017-09-11 05:00:00,12031,2017242N16333,2017-09-11 05:00:00,2017-09-15 23:00:00,114.0,2017,9,1016536,441262.0,253.166666666667,114,29.6208022314269,30110611.8171258,0.5839755071909131,84,True,0.5683210333356733,0.1,105.82212259297361,0,2017-09-15 14:49:19.641334705,4.75
13049_2017-09-11 06:00:00,13049,2017242N16333,2017-09-11 06:00:00,2017-09-15 20:00:00,110.0,2017,9,12781,2565.0,253.208333333333,110,53.2384569068619,680440.717726602,1.0,82,True,0.9957627118644068,0.1,103.03333333333333,0,2017-09-15 13:02:00.000000000,4.58333333333333
13275_2017-09-11 06:00:00,13275,2017242N16333,2017-09-11 06:00:00,2017-09-13 21:00:00,63.0,2017,9,45561,2814.0,253.208333333333,63,20.5906301737732,938129.701347279,0.9016152716593245,40,True,0.7529650965774314,0.1,61.445997088791664,0,2017-09-13 19:26:45.589519650,2.625
12003_2017-09-11 07:00:00,12003,2017242N16333,2017-09-11 07:00:00,2017-09-18 01:00:00,162.0,2017,9,27803,9130.0,253.25,162,63.8119362130248,1774163.26253073,0.9949664429530202,129,True,0.9601716257811771,0.1,137.23333333333332,0,2017-09-17 00:14:00.000000000,6.75
12073_2017-09-11 07:00:00,12073,2017242N16333,2017-09-11 07:00:00,2017-09-13 19:00:00,60.0,2017,9,297369,24516.0,253.25,60,17.2734090825562,5136576.38547066,0.6119336025123374,38,True,0.6116073249316857,0.1,45.889243027888334,0,2017-09-13 04:53:21.274900398,2.5
13005_2017-09-11 07:00:00,13005,2017242N16333,2017-09-11 07:00:00,2017-09-14 00:00:00,65.0,2017,9,11191,2215.0,253.25,65,18.2074324532662,203759.376584502,1.0,31,True,0.6887363746467501,0.1,54.21212121212111,0,2017-09-13 13:12:43.636363636,2.70833333333333
13161_2017-09-11 08:00:00,13161,2017242N16333,2017-09-11 08:00:00,2017-09-15 13:00:00,101.0,2017,9,14889,2638.0,253.291666666667,101,42.1348036304982,627345.091254488,1.0,86,True,1.0,0.1,98.17636560080528,0,2017-09-15 10:10:34.916162899,4.20833333333333
13001_2017-09-11 08:00:00,13001,2017242N16333,2017-09-11 08:00:00,2017-09-15 12:00:00,100.0,2017,9,18428,3816.0,253.291666666667,100,39.0010910025397,718712.104994802,1.0,71,True,1.0,0.1,74.659226761675,0,2017-09-14 10:39:33.216342030,4.16666666666667
12039_2017-09-11 08:00:00,12039,2017242N16333,2017-09-11 08:00:00,2017-09-13 20:00:00,60.0,2017,9,43403,14999.0,253.291666666667,60,21.3854902216648,928194.432090917,0.6395759717314488,52,True,0.6244416294419628,0.1,57.285185185185,0,2017-09-13 17:17:06.666666666,2.5
13027_2017-09-11 09:00:00,13027,2017242N16333,2017-09-11 09:00:00,2017-09-15 02:00:00,89.0,2017,9,16253,922.0,253.333333333333,89,55.4066484354277,900524.257021007,0.9913232104121475,82,True,0.938177874186551,0.1,84.82966101694889,0,2017-09-14 21:49:46.779661016,3.70833333333333
13003_2017-09-11 09:00:00,13003,2017242N16333,2017-09-11 09:00:00,2017-09-15 22:00:00,109.0,2017,9,8183,2563.0,253.333333333333,109,49.0591194378219,401450.774359696,1.0,81,True,0.8965593295103661,0.1,105.46499999999972,0,2017-09-15 18:27:53.999999999,4.54166666666667
13069_2017-09-11 09:00:00,13069,2017242N16333,2017-09-11 09:00:00,2017-09-15 22:00:00,109.0,2017,9,43172,3424.0,253.333333333333,109,56.1052968465539,2422177.87545943,1.0,89,True,1.0,0.1,97.25356645731888,0,2017-09-15 10:15:12.839246348,4.54166666666667
13293_2017-09-11 10:00:00,13293,2017242N16333,2017-09-11 10:00:00,2017-09-14 06:00:00,68.0,2017,9,28086,9585.0,253.375,68,14.3618570150057,403367.116123451,0.5667955965486462,47,True,0.450469992769342,0.1,58.20965517241361,0,2017-09-13 20:12:34.758620689,2.83333333333333
13243_2017-09-11 10:00:00,13243,2017242N16333,2017-09-11 10:00:00,2017-09-13 05:00:00,43.0,2017,9,6116,2937.0,253.375,43,8.14499003709964,49814.7590669014,1.0,15,True,0.4348111658456486,0.1,24.848333333333333,0,2017-09-12 10:50:54.000000000,1.79166666666667
13079_2017-09-11 10:00:00,13079,2017242N16333,2017-09-11 10:00:00,2017-09-15 14:00:00,100.0,2017,9,12140,1141.0,253.375,100,41.0396485173797,498221.33300099,0.9613745338305807,75,True,0.941779417794178,0.1,83.15207550710694,0,2017-09-14 21:09:07.471825585,4.16666666666667
13201_2017-09-11 10:00:00,13201,2017242N16333,2017-09-11 10:00:00,2017-09-13 16:00:00,54.0,2017,9,5807,1177.0,253.375,54,3.62786745964316,21067.0263381478,0.16737468139337297,6,True,0.16737468139337297,0.1,12.578832116788055,0,2017-09-11 22:34:43.795620437,2.25
12077_2017-09-11 10:00:00,12077,2017242N16333,2017-09-11 10:00:00,2017-09-12 16:00:00,30.0,2017,9,7603,3302.0,253.375,30,10.2101756511205,77627.9654754694,0.6123561477892187,29,True,0.612053301029679,0.1,28.926495726495556,0,2017-09-12 14:55:35.384615384,1.25
13159_2017-09-11 10:00:00,13159,2017242N16333,2017-09-11 10:00:00,2017-09-16 02:00:00,112.0,2017,9,15951,1043.5,253.375,112,52.8694380304858,843320.406024279,1.0,96,True,0.9978876214617659,0.1,110.9392801158925,0,2017-09-16 00:56:21.408417213,4.66666666666667
13255_2017-09-11 10:00:00,13255,2017242N16333,2017-09-11 10:00:00,2017-09-14 20:00:00,82.0,2017,9,68919,3464.0,253.375,82,27.5837205013971,1901042.43323579,0.9901800327332242,55,True,0.7653631284916201,0.1,71.06308119395166,0,2017-09-14 09:03:47.092298226,3.41666666666667
13173_2017-09-11 11:00:00,13173,2017242N16333,2017-09-11 11:00:00,2017-09-15 06:00:00,91.0,2017,9,10171,1737.0,253.416666666667,91,29.4289004029937,299321.345998849,0.8883131836499712,60,True,0.8883131836499712,0.1,63.46104651162778,0,2017-09-14 02:27:39.767441860,3.79166666666667
13307_2017-09-11 11:00:00,13307,2017242N16333,2017-09-11 11:00:00,2017-09-13 21:00:00,58.0,2017,9,2328,469.0,253.416666666667,58,25.0767643314275,58378.7073635632,0.9391891891891891,44,True,0.8509719222462203,0.1,52.64499999999972,0,2017-09-13 15:38:41.999999999,2.41666666666667
13309_2017-09-11 11:00:00,13309,2017242N16333,2017-09-11 11:00:00,2017-09-15 16:00:00,101.0,2017,9,7314,840.0,253.416666666667,101,26.6416666666667,194857.15,0.7916666666666666,49,True,0.7916666666666666,0.1,51.652173913043335,0,2017-09-13 14:39:07.826086956,4.20833333333333
13131_2017-09-11 11:00:00,13131,2017242N16333,2017-09-11 11:00:00,2017-09-13 02:00:00,39.0,2017,9,26008,9045.0,253.416666666667,39,12.6201496091413,328224.851034548,0.7270315091210614,29,True,0.6603648424543946,0.1,34.38168316831667,0,2017-09-12 21:22:54.059405940,1.625
13065_2017-09-11 11:00:00,13065,2017242N16333,2017-09-11 11:00:00,2017-09-15 02:00:00,87.0,2017,9,6662,1715.0,253.416666666667,87,48.5580174927114,323493.512536443,1.0,83,True,1.0,0.1,85.55479452054777,0,2017-09-15 00:33:17.260273972,3.625
13019_2017-09-11 11:00:00,13019,2017242N16333,2017-09-11 11:00:00,2017-09-14 01:00:00,62.0,2017,9,18214,3864.0,253.416666666667,62,23.1322463768116,421330.735507246,0.7564699792960663,55,True,0.7564699792960663,0.1,59.45900216919722,0,2017-09-13 22:27:32.407809110,2.58333333333333
13259_2017-09-11 11:00:00,13259,2017242N16333,2017-09-11 11:00:00,2017-09-15 09:00:00,94.0,2017,9,4648,1350.0,253.416666666667,94,11.672291179458,54252.8094021209,1.0,35,True,0.2746710526315789,0.1,42.66585365853639,0,2017-09-13 05:39:57.073170731,3.91666666666667
13087_2017-09-11 11:00:00,13087,2017242N16333,2017-09-11 11:00:00,2017-09-13 23:00:00,60.0,2017,9,28982,13485.0,253.416666666667,60,8.24739629354091,239026.039379403,0.4315164998146088,14,True,0.39639006094702295,0.1,38.2723684210525,0,2017-09-13 01:16:20.526315789,2.5
13249_2017-09-11 12:00:00,13249,2017242N16333,2017-09-11 12:00:00,2017-09-14 22:00:00,82.0,2017,9,4496,608.0,253.458333333333,82,34.760491920782,156283.171675836,1.0,72,True,0.9977494373593399,0.1,76.09999999999972,0,2017-09-14 16:05:59.999999999,3.41666666666667
13075_2017-09-11 12:00:00,13075,2017242N16333,2017-09-11 12:00:00,2017-09-15 03:00:00,87.0,2017,9,17404,1566.0,253.458333333333,87,36.360153256705,632812.107279693,0.9910600255427842,74,True,0.9910600255427842,0.1,82.07058823529388,0,2017-09-14 22:04:14.117647058,3.625
13169_2017-09-11 12:00:00,13169,2017242N16333,2017-09-11 12:00:00,2017-09-16 17:00:00,125.0,2017,9,28472,7129.0,253.458333333333,125,59.3482694928787,1689763.92900124,1.0,102,True,1.0,0.1,107.54187327823666,0,2017-09-15 23:32:30.743801652,5.20833333333333
13177_2017-09-11 12:00:00,13177,2017242N16333,2017-09-11 12:00:00,2017-09-13 23:00:00,59.0,2017,9,33642,7435.0,253.458333333333,59,9.53065028382018,320630.136848279,0.8928074245939676,25,True,0.2769248528223479,0.1,38.51951219512195,0,2017-09-13 02:31:10.243902439,2.45833333333333
13037_2017-09-11 12:00:00,13037,2017242N16333,2017-09-11 12:00:00,2017-09-12 20:00:00,32.0,2017,9,5469,2020.0,253.458333333333,32,6.38903291259191,34941.6209989652,0.7466666666666667,10,True,0.30875174304442277,0.1,30.4183908045975,0,2017-09-12 18:25:06.206896551,1.33333333333333
13271_2017-09-11 13:00:00,13271,2017242N16333,2017-09-11 13:00:00,2017-09-15 18:00:00,101.0,2017,9,12354,3511.0,253.5,101,40.4107091996582,499233.901452578,1.0,71,True,0.9874679578467673,0.1,76.60899999999972,0,2017-09-14 17:36:32.399999999,4.20833333333333
13167_2017-09-11 13:00:00,13167,2017242N16333,2017-09-11 13:00:00,2017-09-14 21:00:00,80.0,2017,9,9242,1848.0,253.5,80,25.6700277457932,237242.396426621,1.0,56,True,0.8255528255528255,0.1,59.48644427417916,0,2017-09-14 00:29:11.199387045,3.33333333333333
13107_2017-09-11 13:00:00,13107,2017242N16333,2017-09-11 13:00:00,2017-09-14 02:00:00,61.0,2017,9,22929,6240.0,253.5,61,25.2327190451133,578561.014985402,1.0,55,True,0.9142796066695169,0.1,58.667350037965,0,2017-09-13 23:40:02.460136674,2.54166666666667
13207_2017-09-11 13:00:00,13207,2017242N16333,2017-09-11 13:00:00,2017-09-15 16:00:00,99.0,2017,9,29427,3392.0,253.5,99,43.7438699235042,1287250.86023896,1.0,74,True,1.0,0.1,77.59853403587388,0,2017-09-14 18:35:54.722529146,4.125
13209_2017-09-11 13:00:00,13209,2017242N16333,2017-09-11 13:00:00,2017-09-14 01:00:00,60.0,2017,9,8655,1657.0,253.5,60,22.0947495473748,191230.057332529,0.7235968617984309,54,True,0.7235968617984309,0.1,58.655813953488334,0,2017-09-13 23:39:20.930232558,2.5
13197_2017-09-11 13:00:00,13197,2017242N16333,2017-09-11 13:00:00,2017-09-14 15:00:00,74.0,2017,9,7449,1541.0,253.5,74,30.2395860276609,225254.676320046,1.0,56,True,0.7605337078651685,0.1,58.38255471969139,0,2017-09-13 23:22:57.196990889,3.08333333333333
13315_2017-09-11 14:00:00,13315,2017242N16333,2017-09-11 14:00:00,2017-09-14 22:00:00,80.0,2017,9,8761,2195.0,253.541666666667,80,37.1172120544672,325183.894809187,0.9638260097647581,72,True,0.9507323568575233,0.1,76.59122807017528,0,2017-09-14 18:35:28.421052631,3.33333333333333
13141_2017-09-11 14:00:00,13141,2017242N16333,2017-09-11 14:00:00,2017-09-16 00:00:00,106.0,2017,9,8387,3195.0,253.541666666667,106,63.7327849415353,534526.867304657,1.0,102,True,0.8674435542607429,0.1,105.2493264849025,0,2017-09-15 23:14:57.575345649,4.41666666666667
13091_2017-09-11 14:00:00,13091,2017242N16333,2017-09-11 14:00:00,2017-09-14 00:00:00,58.0,2017,9,19802,3706.0,253.541666666667,58,19.1011872638964,378241.710199676,0.7223421478683216,31,True,0.6726929303831625,0.1,50.41647058823528,0,2017-09-13 16:24:59.294117647,2.41666666666667
13269_2017-09-11 14:00:00,13269,2017242N16333,2017-09-11 14:00:00,2017-09-14 20:00:00,78.0,2017,9,7737,3209.0,253.541666666667,78,14.8489660660602,114886.450453108,0.7882158069096072,30,True,0.7867016205910391,0.1,55.98571428571417,0,2017-09-13 21:59:08.571428571,3.25
13239_2017-09-11 14:00:00,13239,2017242N16333,2017-09-11 14:00:00,2017-09-13 20:00:00,54.0,2017,9,2249,777.0,253.541666666667,54,10.3603515224864,23300.430574072,0.27350427350427353,50,True,0.27136752136752135,0.1,53.052348993288334,0,2017-09-13 19:03:08.456375838,2.25
13023_2017-09-11 15:00:00,13023,2017242N16333,2017-09-11 15:00:00,2017-09-14 17:00:00,74.0,2017,9,12257,2888.0,253.583333333333,74,31.0976454293629,381163.840027701,0.9854570637119113,50,True,0.9854570637119113,0.1,55.01379310344806,0,2017-09-13 22:00:49.655172413,3.08333333333333
13287_2017-09-11 15:00:00,13287,2017242N16333,2017-09-11 15:00:00,2017-09-14 03:00:00,60.0,2017,9,8842,2656.0,253.583333333333,60,28.5436328373291,252382.801547663,1.0,32,True,0.9855287569573283,0.1,44.071428571428335,0,2017-09-13 11:04:17.142857142,2.5
01067_2017-09-11 15:00:00,01067,2017242N16333,2017-09-11 15:00:00,2017-09-13 04:00:00,37.0,2017,9,17655,7494.33333333333,253.583333333333,37,6.40239520958084,113034.28742515,0.34956753160345977,25,True,0.27990685296074513,0.1,31.984234234234165,0,2017-09-12 22:59:03.243243243,1.54166666666667
13035_2017-09-11 15:00:00,13035,2017242N16333,2017-09-11 15:00:00,2017-09-15 03:00:00,84.0,2017,9,26649,1809.0,253.583333333333,84,36.0209569911867,959922.482858135,1.0,77,True,1.0,0.1,81.5102739726025,0,2017-09-15 00:30:36.986301369,3.5
13321_2017-09-11 15:00:00,13321,2017242N16333,2017-09-11 15:00:00,2017-09-13 23:00:00,56.0,2017,9,20424,1375.0,253.583333333333,56,21.7869090909091,444975.831272727,0.8610909090909091,48,True,0.7629090909090909,0.1,54.032258064516114,0,2017-09-13 21:01:56.129032258,2.33333333333333
13289_2017-09-11 15:00:00,13289,2017242N16333,2017-09-11 15:00:00,2017-09-16 17:00:00,122.0,2017,9,7680,1498.0,253.583333333333,122,47.2951437354567,363226.703888307,1.0,99,True,0.7709251101321586,0.1,100.871,0,2017-09-15 19:52:15.600000000,5.08333333333333
13279_2017-09-11 15:00:00,13279,2017242N16333,2017-09-11 15:00:00,2017-09-15 03:00:00,84.0,2017,9,26837,7802.0,253.583333333333,84,5.06921302230197,136042.469879518,0.2886439374519354,9,True,0.2698026147141758,0.1,27.62075471698111,0,2017-09-12 18:37:14.716981132,3.5
13319_2017-09-11 16:00:00,13319,2017242N16333,2017-09-11 16:00:00,2017-09-15 10:00:00,90.0,2017,9,8681,2167.0,253.625,90,37.3834058502188,324525.346185749,1.0,72,True,0.920545073375262,0.1,78.29113924050611,0,2017-09-14 22:17:28.101265822,3.75
01005_2017-09-11 16:00:00,01005,2017242N16333,2017-09-11 16:00:00,2017-09-12 22:00:00,30.0,2017,9,24706,10897.0,253.625,30,3.95953014591172,97824.1517848949,0.2694319537487382,8,True,0.19629255758465633,0.1,24.530952380952222,0,2017-09-12 16:31:51.428571428,1.25
13283_2017-09-11 16:00:00,13283,2017242N16333,2017-09-11 16:00:00,2017-09-13 02:00:00,34.0,2017,9,6365,1385.0,253.625,34,6.49819494584838,41361.0108303249,0.27148014440433216,27,True,0.2700361010830325,0.1,29.720183486238334,0,2017-09-12 21:43:12.660550458,1.41666666666667
13277_2017-09-11 16:00:00,13277,2017242N16333,2017-09-11 16:00:00,2017-09-13 19:00:00,51.0,2017,9,41412,12586.0,253.625,51,15.005800095344,621420.193548387,0.7642618782774512,28,True,0.7642618782774512,0.1,34.051199999999724,0,2017-09-13 02:03:04.319999999,2.125
13093_2017-09-11 17:00:00,13093,2017242N16333,2017-09-11 17:00:00,2017-09-14 08:00:00,63.0,2017,9,10572,3171.0,253.666666666667,63,22.2828302621694,235574.081531655,0.6312587739822181,49,True,0.6005303384807362,0.1,53.92749044924778,0,2017-09-13 22:55:38.965617292,2.625
13235_2017-09-11 17:00:00,13235,2017242N16333,2017-09-11 17:00:00,2017-09-14 19:00:00,74.0,2017,9,9984,4445.0,253.666666666667,74,30.8072087314479,307579.171974775,0.9799738789725729,54,True,0.8832395950506187,0.1,56.26785714285695,0,2017-09-14 01:16:04.285714285,3.08333333333333
13211_2017-09-11 17:00:00,13211,2017242N16333,2017-09-11 17:00:00,2017-09-15 23:00:00,102.0,2017,9,21031,3956.0,253.666666666667,102,21.820364514571,458904.086105942,0.5845795945496843,66,True,0.41498118532455314,0.1,73.02799999999972,0,2017-09-14 18:01:40.799999999,4.25
13303_2017-09-11 17:00:00,13303,2017242N16333,2017-09-11 17:00:00,2017-09-15 05:00:00,84.0,2017,9,19738,1758.0,253.666666666667,84,35.8201894535901,707018.899434961,1.0,57,True,1.0,0.1,65.49095466582611,0,2017-09-14 10:29:27.436796974,3.5
13297_2017-09-11 18:00:00,13297,2017242N16333,2017-09-11 18:00:00,2017-09-15 02:00:00,80.0,2017,9,103065,26362.0,253.708333333333,80,11.9699640899613,1233684.34893186,0.4133627247042752,31,True,0.38830761588375917,0.1,48.024032258064445,0,2017-09-13 18:01:26.516129032,3.33333333333333
13225_2017-09-11 18:00:00,13225,2017242N16333,2017-09-11 18:00:00,2017-09-15 01:00:00,79.0,2017,9,28562,3475.0,253.708333333333,79,42.3328219687982,1209110.06107282,1.0,68,True,1.0,0.1,70.42805309048194,0,2017-09-14 16:25:40.991125735,3.29166666666667
13263_2017-09-11 19:00:00,13263,2017242N16333,2017-09-11 19:00:00,2017-09-14 16:00:00,69.0,2017,9,5747,2815.0,253.75,69,19.52654575143,112219.058433468,0.9570982839313572,43,True,0.5710464727515882,0.1,51.19577464788722,0,2017-09-13 22:11:44.788732394,2.875
13237_2017-09-11 19:00:00,13237,2017242N16333,2017-09-11 19:00:00,2017-09-16 04:00:00,105.0,2017,9,22984,6793.0,253.75,105,56.850433919704,1306650.37321048,1.0,102,True,1.0,0.1,102.32068965517222,0,2017-09-16 01:19:14.482758620,4.375
13113_2017-09-11 19:00:00,13113,2017242N16333,2017-09-11 19:00:00,2017-09-13 20:00:00,49.0,2017,9,122030,37369.0,253.75,49,9.98110391005421,1217994.11014392,0.38421826935936876,34,True,0.3464447512200813,0.1,39.570767807585554,0,2017-09-13 10:34:14.764107308,2.04166666666667
13009_2017-09-11 19:00:00,13009,2017242N16333,2017-09-11 19:00:00,2017-09-15 22:00:00,99.0,2017,9,43635,2633.0,253.75,99,36.5717309717038,1595807.4809503,1.0,78,True,0.7790948817117886,0.1,90.04180790960444,0,2017-09-15 13:02:30.508474576,4.125
01081_2017-09-11 19:00:00,01081,2017242N16333,2017-09-11 19:00:00,2017-09-12 20:00:00,25.0,2017,9,180773,59069.0,253.75,25,3.17127427246102,573280.764055596,0.24601736951700554,5,True,0.245103184411451,0.1,8.476614310645555,0,2017-09-12 03:28:35.811518324,1.04166666666667
01113_2017-09-11 19:00:00,01113,2017242N16333,2017-09-11 19:00:00,2017-09-13 04:00:00,33.0,2017,9,58555,22249.0,253.75,33,7.26225897793159,425241.574452784,0.44181760978021484,24,True,0.4411434221762776,0.1,27.448978201634723,0,2017-09-12 22:26:56.321525885,1.375
13135_2017-09-11 20:00:00,13135,2017242N16333,2017-09-11 20:00:00,2017-09-13 16:00:00,44.0,2017,9,975353,69402.0,253.791666666667,44,6.9532834224715,6781905.84595784,0.300793698696282,21,True,0.28099951714147753,0.1,25.06504772599639,0,2017-09-12 21:03:54.171813587,1.83333333333333
13077_2017-09-11 20:00:00,13077,2017242N16333,2017-09-11 20:00:00,2017-09-13 22:00:00,50.0,2017,9,152882,39115.0,253.791666666667,50,7.12862317083628,1089838.16760379,0.3221413477342099,24,True,0.2997265455288916,0.1,28.0652777777775,0,2017-09-13 00:03:54.999999999,2.08333333333333
13149_2017-09-11 21:00:00,13149,2017242N16333,2017-09-11 21:00:00,2017-09-13 03:00:00,30.0,2017,9,11725,1083.0,253.833333333333,30,4.52709430852349,53080.180767438,0.5129411764705882,15,True,0.29211992830373146,0.1,28.51620553359667,0,2017-09-13 01:30:58.339920948,1.25
13185_2017-09-11 21:00:00,13185,2017242N16333,2017-09-11 21:00:00,2017-09-14 02:00:00,53.0,2017,9,119739,30376.0,253.833333333333,53,12.7282393995259,1524066.65745984,0.5206083750329207,38,True,0.5206083750329207,0.1,45.388721804511114,0,2017-09-13 18:23:19.398496240,2.20833333333333
12043_2017-09-11 22:00:00,12043,2017242N16333,2017-09-11 22:00:00,2017-09-21 20:00:00,238.0,2017,9,12454,3354.0,253.875,238,25.0147391039648,311533.560800778,0.36895522388059704,31,True,0.36895522388059704,0.1,209.93749999999972,0,2017-09-20 15:56:14.999999999,9.91666666666667
01025_2017-10-06 15:00:00,01025,2017277N11279,2017-10-06 15:00:00,2017-10-08 19:00:00,52.0,2017,10,22515,7753.0,278.583333333333,52,1.63562491938604,36826.0950599768,0.3007867922094673,6,True,0.27073390945440473,0.1,49.7390625,0,2017-10-08 16:44:20.625000000,2.16666666666667
28059_2017-10-08 03:00:00,28059,2017277N11279,2017-10-08 03:00:00,2017-10-09 14:00:00,35.0,2017,10,144975,20333.0,280.083333333333,35,10.5121578658611,1524000.08660321,0.6823143852846824,20,True,0.6571684284366609,0.1,23.7129903536975,0,2017-10-09 02:42:46.765273311,1.45833333333333
28039_2017-10-08 05:00:00,28039,2017277N11279,2017-10-08 05:00:00,2017-10-09 06:00:00,25.0,2017,10,25206,2508.0,280.166666666667,25,10.0136181858062,252403.259991431,0.778631995477671,19,True,0.7777259475218659,0.1,20.552733686066944,0,2017-10-09 01:33:09.841269841,1.04166666666667
01097_2017-10-08 08:00:00,01097,2017277N11279,2017-10-08 08:00:00,2017-10-09 08:00:00,24.0,2017,10,411411,205829.0,280.291666666667,24,3.10252685481638,1276413.67586686,0.24281806742490125,8,True,0.23830218287996346,0.1,12.080810397553334,0,2017-10-08 20:04:50.917431192,1.0
21219_2018-05-25 23:00:00,21219,2018146N19273,2018-05-25 23:00:00,2018-06-02 22:00:00,191.0,2018,5,12404,680.0,509.916666666667,191,5.575,69152.3,0.7823529411764706,12,True,0.2823529411764706,0.1,109.63636363636361,0,2018-05-30 12:38:10.909090909,7.95833333333333
26161_2018-05-28 22:00:00,26161,2018146N19273,2018-05-28 22:00:00,2018-05-31 18:00:00,68.0,2018,5,366376,21898.0,512.875,68,3.17453648735044,1163073.98008951,0.19458398027217097,14,True,0.1862270526988766,0.1,66.07233174711055,0,2018-05-31 16:04:20.394289598,2.83333333333333
01043_2018-05-29 15:00:00,01043,2018146N19273,2018-05-29 15:00:00,2018-05-31 01:00:00,34.0,2018,5,90665,5613.0,513.583333333333,34,2.3399107662114,212148.009618556,0.26843605272532955,8,True,0.24973281083006768,0.1,9.8657534246575,0,2018-05-30 00:51:56.712328767,1.41666666666667
18125_2018-05-31 19:00:00,18125,2018146N19273,2018-05-31 19:00:00,2018-06-01 21:00:00,26.0,2018,5,12168,3424.2,515.75,26,2.51099820694802,30553.8261821436,0.24277605779153766,7,True,0.23071565894762563,0.1,6.974786324786111,0,2018-06-01 01:58:29.230769230,1.08333333333333
18117_2018-05-31 20:00:00,18117,2018146N19273,2018-05-31 20:00:00,2018-06-02 03:00:00,31.0,2018,5,19623,3639.0,515.791666666667,31,5.3643858202803,105265.34295136,0.40010992030777687,7,True,0.40010992030777687,0.1,29.20616438356139,0,2018-06-02 01:12:22.191780821,1.29166666666667
18175_2018-05-31 20:00:00,18175,2018146N19273,2018-05-31 20:00:00,2018-06-01 20:00:00,24.0,2018,5,28224,14018.0,515.791666666667,24,8.00805634854883,226019.382381442,0.6400911161731208,15,True,0.5683093437423762,0.1,14.994273858921112,0,2018-06-01 10:59:39.385892116,1.0
18093_2018-05-31 20:00:00,18093,2018146N19273,2018-05-31 20:00:00,2018-06-01 21:00:00,25.0,2018,5,45222,21390.0,515.791666666667,25,3.79111278495945,171441.702361436,0.4101012105576503,6,True,0.39798212138637673,0.1,11.637614678898888,0,2018-06-01 07:38:15.412844036,1.04166666666667
37079_2018-09-11 18:00:00,37079,2018242N13343,2018-09-11 18:00:00,2018-09-17 18:00:00,144.0,2018,9,20211,2562.75,618.708333333333,144,30.8608275029179,623728.184661473,0.8860265417642467,59,True,0.8860265417642467,0.1,122.68267326732666,0,2018-09-16 20:40:57.623762376,6.0
37013_2018-09-13 14:00:00,37013,2018242N13343,2018-09-13 14:00:00,2018-09-20 21:00:00,175.0,2018,9,44272,10869.0,620.541666666667,175,52.3093163187351,2315838.05206304,0.7552937667760214,117,True,0.7543244855353415,0.1,153.29163636363612,0,2018-09-19 23:17:29.890909090,7.29166666666667
37031_2018-09-13 15:00:00,37031,2018242N13343,2018-09-13 15:00:00,2018-09-23 19:00:00,244.0,2018,9,69380,26658.0,620.583333333333,244,146.307037552765,10150782.2654109,0.9893153598134047,223,True,0.9893153598134047,0.1,241.25294300840832,0,2018-09-23 16:15:10.594830270,10.1666666666667
37049_2018-09-13 17:00:00,37049,2018242N13343,2018-09-13 17:00:00,2018-09-24 17:00:00,264.0,2018,9,100874,21161.0,620.666666666667,264,122.794384055905,12386760.6972553,0.8735350522054123,212,True,0.852610284984207,0.1,217.7204081632653,0,2018-09-22 18:43:13.469387755,11.0
37103_2018-09-13 20:00:00,37103,2018242N13343,2018-09-13 20:00:00,2018-09-22 21:00:00,217.0,2018,9,9233,5204.0,620.791666666667,217,116.457785084556,1075254.72968571,0.8379554105492115,193,True,0.8118542686242524,0.1,210.6219745222928,0,2018-09-22 14:37:19.108280254,9.04166666666667
37061_2018-09-13 21:00:00,37061,2018242N13343,2018-09-13 21:00:00,2018-09-22 02:00:00,197.0,2018,9,48990,21096.0,620.833333333333,197,107.138247566613,5248702.74828838,0.9802279073277489,159,True,0.9550977284733227,0.1,171.48877995642695,0,2018-09-21 00:29:19.607843137,8.20833333333333
37137_2018-09-13 21:00:00,37137,2018242N13343,2018-09-13 21:00:00,2018-09-21 02:00:00,173.0,2018,9,12381,6112.0,620.833333333333,173,121.146669753044,1499916.91821243,0.977407709328054,168,True,0.9771630370806357,0.1,169.20692520775611,0,2018-09-20 22:12:24.930747922,7.20833333333333
37095_2018-09-14 01:00:00,37095,2018242N13343,2018-09-14 01:00:00,2018-09-16 21:00:00,68.0,2018,9,4576,2969.0,621.0,68,17.5348602222971,80239.5203772314,0.7551364095655103,38,True,0.6194004715392388,0.1,46.0570621468925,0,2018-09-15 23:03:25.423728813,2.83333333333333
37163_2018-09-14 01:00:00,37163,2018242N13343,2018-09-14 01:00:00,2018-09-20 02:00:00,145.0,2018,9,59120,22395.0,621.0,145,56.9490698589246,3366829.01005962,0.8119093175624746,111,True,0.7977592947288327,0.1,133.26859756097556,0,2018-09-19 14:16:06.951219512,6.04166666666667
37133_2018-09-14 01:00:00,37133,2018242N13343,2018-09-14 01:00:00,2018-09-21 21:00:00,188.0,2018,9,207298,86872.0,621.0,188,82.3355718072146,17067999.364492,0.8228341925980482,157,True,0.7839371202356841,0.1,162.74456262351,0,2018-09-20 19:44:40.425444636,7.83333333333333
45033_2018-09-14 01:00:00,45033,2018242N13343,2018-09-14 01:00:00,2018-09-18 21:00:00,116.0,2018,9,27738,10388.0,621.0,116,50.0096958931316,1387168.94468369,0.917028670721112,83,True,0.9158063970214927,0.1,109.47380952380945,0,2018-09-18 14:28:25.714285714,4.83333333333333
37107_2018-09-14 02:00:00,37107,2018242N13343,2018-09-14 02:00:00,2018-09-19 01:00:00,119.0,2018,9,54633,12215.0,621.041666666667,119,47.8333963634366,2613281.94352363,0.6973393368808841,110,True,0.6904625460499386,0.1,117.9803636363636,0,2018-09-18 23:58:49.309090909,4.95833333333333
37141_2018-09-14 04:00:00,37141,2018242N13343,2018-09-14 04:00:00,2018-09-22 14:00:00,202.0,2018,9,65737,33733.0,621.125,202,106.653733824859,7011096.50044473,0.8474646593367513,181,True,0.8474350235604422,0.1,189.20882572924444,0,2018-09-22 01:12:31.772625280,8.41666666666667
45089_2018-09-14 07:00:00,45089,2018242N13343,2018-09-14 07:00:00,2018-09-16 15:00:00,56.0,2018,9,30058,6509.66666666667,621.25,56,8.42289689821994,253175.434966695,0.3490725126475548,23,True,0.3433305115491595,0.1,39.631613408654445,0,2018-09-15 22:37:53.808271156,2.33333333333333
37101_2018-09-14 07:00:00,37101,2018242N13343,2018-09-14 07:00:00,2018-09-17 17:00:00,82.0,2018,9,234778,72361.0,621.25,82,13.6430894668224,3203097.25884164,0.3981342316662348,34,True,0.3887924332728686,0.1,44.394263363754725,0,2018-09-16 03:23:39.348109517,3.41666666666667
45027_2018-09-14 07:00:00,45027,2018242N13343,2018-09-14 07:00:00,2018-09-15 19:00:00,36.0,2018,9,30913,8317.0,621.25,36,3.69107613592333,114102.236589798,0.29523809523809524,12,True,0.16344713312963086,0.1,34.56594110115222,0,2018-09-15 17:33:57.387964148,1.5
37191_2018-09-14 08:00:00,37191,2018242N13343,2018-09-14 08:00:00,2018-09-18 04:00:00,92.0,2018,9,117286,42519.0,621.291666666667,92,23.5877505010242,2766512.90526313,0.45737199840071496,65,True,0.4464827488887321,0.1,83.93126177024472,0,2018-09-17 19:55:52.542372881,3.83333333333333
45061_2018-09-14 08:00:00,45061,2018242N13343,2018-09-14 08:00:00,2018-09-18 02:00:00,90.0,2018,9,16153,6202.0,621.291666666667,90,6.91162369219769,111643.457500069,0.3535022354694486,18,True,0.31033945811273744,0.1,40.49489051094889,0,2018-09-16 00:29:41.605839416,3.75
37153_2018-09-14 08:00:00,37153,2018242N13343,2018-09-14 08:00:00,2018-09-19 16:00:00,128.0,2018,9,42778,16444.0,621.291666666667,128,34.8206417453306,1489557.41258175,0.8435347372564456,77,True,0.8403857508364495,0.1,104.24799999999972,0,2018-09-18 16:14:52.799999999,5.33333333333333
37017_2018-09-14 09:00:00,37017,2018242N13343,2018-09-14 09:00:00,2018-09-20 14:00:00,149.0,2018,9,29446,20012.0,621.333333333333,149,76.9039819684644,2264514.6530434,0.9246164109406271,113,True,0.9094734873281586,0.1,132.20256410256388,0,2018-09-19 21:12:09.230769230,6.20833333333333
37047_2018-09-14 09:00:00,37047,2018242N13343,2018-09-14 09:00:00,2018-09-21 22:00:00,181.0,2018,9,49885,29742.0,621.333333333333,181,78.5022726137205,3916085.86933545,0.9861143798540833,135,True,0.9859462730726557,0.1,146.4759791445472,0,2018-09-20 11:28:33.524920370,7.54166666666667
37019_2018-09-14 09:00:00,37019,2018242N13343,2018-09-14 09:00:00,2018-09-22 02:00:00,185.0,2018,9,153064,97925.0,621.333333333333,185,64.7276060871203,9907466.29811898,0.8717375321651758,100,True,0.8714924641588041,0.1,154.04275011018055,0,2018-09-20 19:02:33.900396650,7.70833333333333
45067_2018-09-14 10:00:00,45067,2018242N13343,2018-09-14 10:00:00,2018-09-18 02:00:00,88.0,2018,9,28450,12785.0,621.375,88,29.2251936314206,831456.758813915,0.8513665541658395,59,True,0.8493338827084191,0.1,78.44237918215612,0,2018-09-17 16:26:32.565055762,3.66666666666667
45025_2018-09-14 10:00:00,45025,2018242N13343,2018-09-14 10:00:00,2018-09-17 23:00:00,85.0,2018,9,43683,10718.0,621.375,85,28.4638026927674,1243384.29302816,0.6836243401589419,68,True,0.6785041224970554,0.1,79.85400943396222,0,2018-09-17 17:51:14.433962264,3.54166666666667
37129_2018-09-14 10:00:00,37129,2018242N13343,2018-09-14 10:00:00,2018-09-22 02:00:00,184.0,2018,9,234921,127363.0,621.375,184,94.4828632980405,22196008.728839,0.9011015758108712,157,True,0.9005441140676649,0.1,174.967515151515,0,2018-09-21 16:58:03.054545454,7.66666666666667
37155_2018-09-14 11:00:00,37155,2018242N13343,2018-09-14 11:00:00,2018-09-21 03:00:00,160.0,2018,9,116663,45365.0,621.416666666667,160,73.838650137601,8614238.44100294,0.8373021902880587,131,True,0.8351748540169752,0.1,150.596120689655,0,2018-09-20 17:35:46.034482758,6.66666666666667
37051_2018-09-14 12:00:00,37051,2018242N13343,2018-09-14 12:00:00,2018-09-19 10:00:00,118.0,2018,9,336699,52611.0,621.458333333333,118,28.8647465630458,9718731.30303094,0.46519776295397886,80,True,0.4494441075399232,0.1,103.96506078343083,0,2018-09-18 19:57:54.218820351,4.91666666666667
37125_2018-09-14 12:00:00,37125,2018242N13343,2018-09-14 12:00:00,2018-09-19 01:00:00,109.0,2018,9,105531,49399.0,621.458333333333,109,31.51993254151,3326330.00103809,0.5907910507391131,76,True,0.5661114003123373,0.1,99.65324675324666,0,2018-09-18 15:39:11.688311688,4.54166666666667
37085_2018-09-14 12:00:00,37085,2018242N13343,2018-09-14 12:00:00,2018-09-18 23:00:00,107.0,2018,9,138832,40213.0,621.458333333333,107,27.5148054224233,3819935.46640587,0.5549334328729626,77,True,0.5481164596918221,0.1,83.63134328358194,0,2018-09-17 23:37:52.835820895,4.45833333333333
37007_2018-09-14 13:00:00,37007,2018242N13343,2018-09-14 13:00:00,2018-09-18 04:00:00,87.0,2018,9,22202,10537.0,621.5,87,21.9067292268028,486373.202293476,0.4650279965834678,71,True,0.43617728006073836,0.1,81.44576271186416,0,2018-09-17 22:26:44.745762711,3.625
45051_2018-09-14 13:00:00,45051,2018242N13343,2018-09-14 13:00:00,2018-09-16 18:00:00,53.0,2018,9,383101,159734.0,621.5,53,12.2892074488787,4708007.66287289,0.4193574584199584,32,True,0.41892799133730374,0.1,35.33810845041861,0,2018-09-16 00:20:17.190421507,2.20833333333333
37105_2018-09-14 13:00:00,37105,2018242N13343,2018-09-14 13:00:00,2018-09-17 06:00:00,65.0,2018,9,65476,25934.0,621.5,65,11.9267092270897,780913.213352923,0.4350255309701769,25,True,0.41800488418559906,0.1,53.895154185021944,0,2018-09-16 18:53:42.555066079,2.70833333333333
37165_2018-09-14 14:00:00,37165,2018242N13343,2018-09-14 14:00:00,2018-09-20 17:00:00,147.0,2018,9,34162,9467.0,621.541666666667,147,61.0573194051841,2085840.1455199,0.7784315528178726,106,True,0.7783192350128724,0.1,125.67213114754084,0,2018-09-19 19:40:19.672131147,6.125
37037_2018-09-14 14:00:00,37037,2018242N13343,2018-09-14 14:00:00,2018-09-17 01:00:00,59.0,2018,9,79864,36159.0,621.541666666667,59,5.1972999692485,415077.164744062,0.2713294062335795,9,True,0.17824054868774025,0.1,30.00204081632639,0,2018-09-15 20:00:07.346938775,2.45833333333333
45069_2018-09-14 15:00:00,45069,2018242N13343,2018-09-14 15:00:00,2018-09-18 22:00:00,103.0,2018,9,26039,4448.0,621.583333333333,103,39.0369360572148,1016482.77799382,0.7749550359712231,78,True,0.7747302158273381,0.1,100.1984126984125,0,2018-09-18 19:11:54.285714285,4.29166666666667
37123_2018-09-14 19:00:00,37123,2018242N13343,2018-09-14 19:00:00,2018-09-18 22:00:00,99.0,2018,9,25894,14532.0,621.75,99,22.3982444407426,579980.14154859,0.4790864061640066,75,True,0.4035498073747936,0.1,79.3346475507764,0,2018-09-18 02:20:04.731182795,4.125
45041_2018-09-14 19:00:00,45041,2018242N13343,2018-09-14 19:00:00,2018-09-16 19:00:00,48.0,2018,9,136721,53697.0,621.75,48,8.02590531684703,1097309.80082464,0.31709103295580343,21,True,0.31099776530594836,0.1,29.162676775951113,0,2018-09-16 00:09:45.636393424,2.0
45031_2018-09-14 22:00:00,45031,2018242N13343,2018-09-14 22:00:00,2018-09-17 17:00:00,67.0,2018,9,62398,21422.0,621.875,67,10.902465682517,680292.053657695,0.4396749406605785,24,True,0.41067795906505583,0.1,43.85617283950611,0,2018-09-16 17:51:22.222222222,2.79166666666667
37093_2018-09-14 23:00:00,37093,2018242N13343,2018-09-14 23:00:00,2018-09-19 19:00:00,116.0,2018,9,53787,22023.0,621.916666666667,116,37.8761615651504,2037245.10210474,0.6510423763455512,91,True,0.6488168233637643,0.1,94.93059701492528,0,2018-09-18 21:55:50.149253731,4.83333333333333
45055_2018-09-15 02:00:00,45055,2018242N13343,2018-09-15 02:00:00,2018-09-16 18:00:00,40.0,2018,9,67751,6996.0,622.041666666667,40,4.42087674098195,299518.820078268,0.28955597248280174,14,True,0.24842725204122607,0.1,28.106511056510833,0,2018-09-16 06:06:23.439803439,1.66666666666667
12063_2018-10-09 00:00:00,12063,2018280N18273,2018-10-09 00:00:00,2018-11-01 01:00:00,553.0,2018,10,48211,3999.0,645.958333333333,553,343.401171354844,16555713.8721884,0.9884558874973763,510,True,0.9884558874973763,0.1,551.9474538745386,0,2018-10-31 23:56:50.833948339,23.0416666666667
45089_2018-10-09 19:00:00,45089,2018280N18273,2018-10-09 19:00:00,2018-10-12 03:00:00,56.0,2018,10,30058,8296.0,646.75,56,2.02242044358727,60789.9136933462,0.2776036644165863,5,True,0.2539778206364513,0.1,49.58703703703694,0,2018-10-11 20:35:13.333333333,2.33333333333333
13153_2018-10-10 01:00:00,13153,2018280N18273,2018-10-10 01:00:00,2018-10-12 18:00:00,65.0,2018,10,169631,27380.0,647.0,65,10.4804236669102,1777804.74704164,0.6023009495982469,20,True,0.5951789627465303,0.1,50.67842323651445,0,2018-10-12 03:40:42.323651452,2.70833333333333
37013_2018-10-10 06:00:00,37013,2018280N18273,2018-10-10 06:00:00,2018-10-12 19:00:00,61.0,2018,10,44272,13427.0,647.208333333333,61,3.66679079466746,162336.162061518,0.3548819542712445,9,True,0.31086616518954346,0.1,55.072093023255555,0,2018-10-12 13:04:19.534883720,2.54166666666667
12129_2018-10-10 13:00:00,12129,2018280N18273,2018-10-10 13:00:00,2018-10-17 01:00:00,156.0,2018,10,35178,15752.0,647.5,156,68.5806566441014,2412530.3394262,0.983875063484002,105,True,0.9824784154393092,0.1,129.91516709511555,0,2018-10-15 22:54:54.601542416,6.5
12077_2018-10-10 13:00:00,12077,2018280N18273,2018-10-10 13:00:00,2018-10-26 17:00:00,388.0,2018,10,7603,3310.0,647.5,388,206.088592348317,1566891.56762425,0.9993957703927493,335,True,0.9993957703927493,0.1,376.3893617021275,0,2018-10-26 05:23:21.702127659,16.1666666666667
13095_2018-10-10 14:00:00,13095,2018280N18273,2018-10-10 14:00:00,2018-10-21 18:00:00,268.0,2018,10,82966,4842.0,647.541666666667,268,107.414232391497,8911729.20459292,0.9814653672119735,199,True,0.9802471284371737,0.1,219.88759689922472,0,2018-10-19 17:53:15.348837209,11.1666666666667
12045_2018-10-10 15:00:00,12045,2018280N18273,2018-10-10 15:00:00,2018-11-01 01:00:00,514.0,2018,10,15314,13645.0,647.583333333333,514,208.094036632377,3186752.07698822,0.9968896875863976,368,True,0.9968896875863976,0.1,439.37195121951197,0,2018-10-28 22:22:19.024390243,21.4166666666667
12059_2018-10-10 16:00:00,12059,2018280N18273,2018-10-10 16:00:00,2018-10-19 21:00:00,221.0,2018,10,19651,5106.0,647.625,221,105.123950960912,2065790.76033288,0.930571249215317,201,True,0.9275580665411174,0.1,201.90710059171585,0,2018-10-19 01:54:25.562130177,9.20833333333333
12037_2018-10-10 16:00:00,12037,2018280N18273,2018-10-10 16:00:00,2018-10-16 23:00:00,151.0,2018,10,12498,10332.0,647.625,151,109.19524696696,1364722.19659307,0.9977739063104917,148,True,0.9977739063104917,0.1,149.62267895109832,0,2018-10-16 21:37:21.644223954,6.29166666666667
12039_2018-10-10 16:00:00,12039,2018280N18273,2018-10-10 16:00:00,2018-10-25 01:00:00,345.0,2018,10,43403,15094.0,647.625,345,192.617146222732,8360161.99750523,1.0,313,True,1.0,0.1,320.9672597864767,0,2018-10-24 00:58:02.135231316,14.375
12131_2018-10-10 17:00:00,12131,2018280N18273,2018-10-10 17:00:00,2018-10-13 01:00:00,56.0,2018,10,83304,25365.0,647.666666666667,56,21.5488762338243,1795107.5857825,0.6426098093160042,39,True,0.6413528128261076,0.1,54.25667686034639,0,2018-10-12 23:15:24.036697247,2.33333333333333
12005_2018-10-10 17:00:00,12005,2018280N18273,2018-10-10 17:00:00,2018-10-31 17:00:00,504.0,2018,10,185134,115953.0,647.666666666667,504,189.113881077374,35011409.2593786,0.8808509555004922,318,True,0.879841145921727,0.1,466.9670584942625,0,2018-10-30 03:58:01.410579345,21.0
13087_2018-10-10 17:00:00,13087,2018280N18273,2018-10-10 17:00:00,2018-10-21 02:00:00,249.0,2018,10,28982,13350.0,647.666666666667,249,126.343380030166,3661683.84003428,0.9841446247314218,177,True,0.9839700374531836,0.1,221.5744186046511,0,2018-10-19 22:34:27.906976744,10.375
12013_2018-10-10 18:00:00,12013,2018280N18273,2018-10-10 18:00:00,2018-11-01 01:00:00,511.0,2018,10,13464,8461.0,647.708333333333,511,380.447239474646,5122341.63228664,1.0,510,True,1.0,0.1,510.0832740213522,0,2018-11-01 00:04:59.786476868,21.2916666666667
12073_2018-10-10 18:00:00,12073,2018280N18273,2018-10-10 18:00:00,2018-10-16 20:00:00,146.0,2018,10,297369,137723.0,647.708333333333,146,62.9065948548324,18706471.2053867,0.9774880744703183,101,True,0.976713548415117,0.1,123.43151774785778,0,2018-10-15 21:25:53.463892288,6.08333333333333
12133_2018-10-10 18:00:00,12133,2018280N18273,2018-10-10 18:00:00,2018-10-27 23:00:00,413.0,2018,10,25414,9886.0,647.708333333333,413,150.650666290381,3828636.03310375,0.9735387707251717,299,True,0.9623178697035673,0.1,354.09792592592584,0,2018-10-25 12:05:52.533333333,17.2083333333333
13131_2018-10-10 19:00:00,13131,2018280N18273,2018-10-10 19:00:00,2018-10-21 02:00:00,247.0,2018,10,26008,9073.0,647.75,247,129.357738947609,3364336.07454941,0.9984667615814259,196,True,0.9984667615814259,0.1,199.535135135135,0,2018-10-19 02:32:06.486486486,10.2916666666667
13275_2018-10-10 19:00:00,13275,2018280N18273,2018-10-10 19:00:00,2018-10-16 19:00:00,144.0,2018,10,45561,8914.0,647.75,144,51.8602025288176,2362802.68741546,0.9715278556215671,101,True,0.9528079811680304,0.1,121.27772020725361,0,2018-10-15 20:16:39.792746113,6.0
12065_2018-10-10 19:00:00,12065,2018280N18273,2018-10-10 19:00:00,2018-10-13 00:00:00,53.0,2018,10,15042,8167.0,647.75,53,23.8644545120607,358969.124770417,0.7971103220276723,48,True,0.764540222848047,0.1,48.350602409638334,0,2018-10-12 19:21:02.168674698,2.20833333333333
13259_2018-10-10 19:00:00,13259,2018280N18273,2018-10-10 19:00:00,2018-10-15 05:00:00,106.0,2018,10,4648,1816.0,647.75,106,51.3909220855797,238865.005853775,0.991304347826087,78,True,0.9912767644726408,0.1,99.50952380952361,0,2018-10-14 22:30:34.285714285,4.41666666666667
01069_2018-10-10 20:00:00,01069,2018280N18273,2018-10-10 20:00:00,2018-10-17 03:00:00,151.0,2018,10,108079,28005.0,647.791666666667,151,53.9730501971308,5833353.2922557,0.8234411827726591,100,True,0.8184966970183896,0.1,124.24772235730612,0,2018-10-16 00:14:51.800486302,6.29166666666667
12079_2018-10-10 20:00:00,12079,2018280N18273,2018-10-10 20:00:00,2018-10-11 22:00:00,26.0,2018,10,18198,9285.0,647.791666666667,26,2.83004846526656,51501.2219709208,0.2445880452342488,5,True,0.2094776521270867,0.1,10.85254237288111,0,2018-10-11 06:51:09.152542372,1.08333333333333
13253_2018-10-10 20:00:00,13253,2018280N18273,2018-10-10 20:00:00,2018-10-19 00:00:00,196.0,2018,10,9127,1729.0,647.791666666667,196,142.795835743204,1303297.59282822,0.9786003470213996,175,True,0.9786003470213996,0.1,174.5367346938775,0,2018-10-18 02:32:12.244897959,8.16666666666667
13037_2018-10-10 21:00:00,13037,2018280N18273,2018-10-10 21:00:00,2018-10-19 00:00:00,195.0,2018,10,5469,2436.0,647.833333333333,195,111.722014833577,611007.699124832,0.9851590106007068,145,True,0.9663690476190476,0.1,163.46086956521722,0,2018-10-17 16:27:39.130434782,8.125
13201_2018-10-10 21:00:00,13201,2018280N18273,2018-10-10 21:00:00,2018-10-18 22:00:00,193.0,2018,10,5807,1181.0,647.833333333333,193,124.098465667905,720639.790133522,0.9620462046204621,133,True,0.9620462046204621,0.1,139.46666666666638,0,2018-10-16 16:27:59.999999999,8.04166666666667
13243_2018-10-10 21:00:00,13243,2018280N18273,2018-10-10 21:00:00,2018-10-16 20:00:00,143.0,2018,10,6116,3421.0,647.833333333333,143,88.8843710471687,543616.813324484,0.987691643273591,127,True,0.987691643273591,0.1,140.16016949152527,0,2018-10-16 17:09:36.610169491,5.95833333333333
01061_2018-10-10 21:00:00,01061,2018280N18273,2018-10-10 21:00:00,2018-10-14 03:00:00,78.0,2018,10,26783,15326.0,647.833333333333,78,23.9522455827024,641512.993441519,0.6559665948978927,48,True,0.6456769983686786,0.1,64.04724409448805,0,2018-10-13 13:02:50.078740157,3.25
13071_2018-10-10 21:00:00,13071,2018280N18273,2018-10-10 21:00:00,2018-10-14 02:00:00,77.0,2018,10,45762,2440.0,647.833333333333,77,47.1029680063458,2155526.0219064,0.8875,71,True,0.8875,0.1,73.38888888888862,0,2018-10-13 22:23:19.999999999,3.20833333333333
13239_2018-10-10 21:00:00,13239,2018280N18273,2018-10-10 21:00:00,2018-10-16 00:00:00,123.0,2018,10,2249,1180.0,647.833333333333,123,49.4955174658241,111315.418780638,0.9874631268436578,74,True,0.9874538745387453,0.1,89.79999999999973,0,2018-10-14 14:47:59.999999999,5.125
01067_2018-10-10 21:00:00,01067,2018280N18273,2018-10-10 21:00:00,2018-10-14 04:00:00,79.0,2018,10,17655,7563.0,647.833333333333,79,33.547458541466,592280.380549583,0.9993388866851778,52,True,0.9877032923443078,0.1,67.27323420074333,0,2018-10-13 16:16:23.643122676,3.29166666666667
01045_2018-10-10 22:00:00,01045,2018280N18273,2018-10-10 22:00:00,2018-10-12 18:00:00,44.0,2018,10,49544,18575.0,647.875,44,7.53244547026282,373187.478378701,0.3315922675138657,23,True,0.3167842334823111,0.1,25.251637931034445,0,2018-10-11 23:15:05.896551724,1.83333333333333
13141_2018-10-10 22:00:00,13141,2018280N18273,2018-10-10 22:00:00,2018-10-12 20:00:00,46.0,2018,10,8387,5497.0,647.875,46,9.85753613958554,82675.1556027039,0.5142805166454429,22,True,0.5055484809896307,0.1,39.14376947040472,0,2018-10-12 13:08:37.570093457,1.91666666666667
13205_2018-10-10 22:00:00,13205,2018280N18273,2018-10-10 22:00:00,2018-10-23 19:00:00,309.0,2018,10,21116,2905.0,647.875,309,154.841529879081,3269633.74492667,0.9822226539731883,253,True,0.9808626384301535,0.1,283.83999999999975,0,2018-10-22 17:50:23.999999999,12.875
13079_2018-10-10 22:00:00,13079,2018280N18273,2018-10-10 22:00:00,2018-10-12 02:00:00,28.0,2018,10,12140,5069.0,647.875,28,5.4963503649635,66725.6934306569,0.35983428684158614,15,True,0.31386861313868614,0.1,24.311180124223334,0,2018-10-11 22:18:40.248447204,1.16666666666667
13177_2018-10-10 22:00:00,13177,2018280N18273,2018-10-10 22:00:00,2018-10-16 19:00:00,141.0,2018,10,33642,9059.0,647.875,141,69.7389402968171,2346157.42946552,0.9849693688559624,112,True,0.9847492986116106,0.1,119.94046822742472,0,2018-10-15 21:56:25.685618729,5.875
13061_2018-10-10 22:00:00,13061,2018280N18273,2018-10-10 22:00:00,2018-10-16 22:00:00,144.0,2018,10,2845,2189.0,647.875,144,94.4003370248225,268568.95883562,0.9892205638474295,116,True,0.9892205638474295,0.1,117.14949494949472,0,2018-10-15 19:08:58.181818181,6.0
13321_2018-10-10 23:00:00,13321,2018280N18273,2018-10-10 23:00:00,2018-10-20 00:00:00,217.0,2018,10,20424,1416.0,647.916666666667,217,115.905684858295,2367257.70754581,0.9875603864734299,203,True,0.972463768115942,0.1,212.65490196078417,0,2018-10-19 19:39:17.647058823,9.04166666666667
13273_2018-10-10 23:00:00,13273,2018280N18273,2018-10-10 23:00:00,2018-10-17 01:00:00,146.0,2018,10,8754,4839.0,647.916666666667,146,95.4386834015122,835470.234496837,0.9887145124316699,125,True,0.9887145124316699,0.1,140.89603174603167,0,2018-10-16 19:53:45.714285714,6.08333333333333
13007_2018-10-10 23:00:00,13007,2018280N18273,2018-10-10 23:00:00,2018-10-26 06:00:00,367.0,2018,10,2788,371.0,647.916666666667,367,236.555199987713,659515.897565745,0.9906296851574213,326,True,0.9906296851574213,0.1,350.14999999999975,0,2018-10-25 13:08:59.999999999,15.2916666666667
13261_2018-10-10 23:00:00,13261,2018280N18273,2018-10-10 23:00:00,2018-10-14 23:00:00,96.0,2018,10,28877,14768.0,647.916666666667,96,41.1144424358009,1187261.75421862,0.8682200647249191,72,True,0.8664767208443955,0.1,87.025,0,2018-10-14 14:01:30.000000000,4.0
01005_2018-10-10 23:00:00,01005,2018280N18273,2018-10-10 23:00:00,2018-10-12 17:00:00,42.0,2018,10,24706,10892.0,647.916666666667,42,10.6726353860847,263678.129848607,0.5015613519470977,23,True,0.4916421748714181,0.1,26.57399999999972,0,2018-10-12 01:34:26.399999999,1.75
13249_2018-10-10 23:00:00,13249,2018280N18273,2018-10-10 23:00:00,2018-10-13 14:00:00,63.0,2018,10,4496,1444.0,647.916666666667,63,20.0340059356446,90072.8906866579,0.701941139636819,36,True,0.6981840951784596,0.1,48.943749999999724,0,2018-10-12 23:56:37.499999999,2.625
13075_2018-10-11 00:00:00,13075,2018280N18273,2018-10-11 00:00:00,2018-10-12 15:00:00,39.0,2018,10,17404,1578.0,647.958333333333,39,7.83079847908746,136287.216730038,0.4416983523447402,21,True,0.4416983523447402,0.1,20.839639639639444,0,2018-10-11 20:50:22.702702702,1.625
13307_2018-10-11 00:00:00,13307,2018280N18273,2018-10-11 00:00:00,2018-10-16 02:00:00,122.0,2018,10,2328,1333.0,647.958333333333,122,63.1538408019407,147022.141386918,0.9965397923875432,100,True,0.9965397923875432,0.1,115.72903225806445,0,2018-10-15 19:43:44.516129032,5.08333333333333
13027_2018-10-11 00:00:00,13027,2018280N18273,2018-10-11 00:00:00,2018-10-12 04:00:00,28.0,2018,10,16253,902.0,647.958333333333,28,13.3381374722838,216784.748337029,0.8957871396895787,24,True,0.6197339246119733,0.1,23.9857777777775,0,2018-10-11 23:59:08.799999999,1.16666666666667
13287_2018-10-11 00:00:00,13287,2018280N18273,2018-10-11 00:00:00,2018-10-17 07:00:00,151.0,2018,10,8842,5135.0,647.958333333333,151,51.9504658288324,459346.018858536,0.9247853676745054,74,True,0.9238648002731308,0.1,87.98947368421028,0,2018-10-14 15:59:22.105263157,6.29166666666667
13003_2018-10-11 00:00:00,13003,2018280N18273,2018-10-11 00:00:00,2018-10-12 16:00:00,40.0,2018,10,8183,4549.0,647.958333333333,40,6.82215871620136,55825.7247746757,0.39393273246867444,15,True,0.359859309738404,0.1,24.103389830508334,0,2018-10-12 00:06:12.203389830,1.66666666666667
13193_2018-10-11 01:00:00,13193,2018280N18273,2018-10-11 01:00:00,2018-10-13 02:00:00,49.0,2018,10,11765,6145.0,648.0,49,28.4966639544345,335263.251423922,0.8701383238405207,47,True,0.8577705451586656,0.1,46.71838235294111,0,2018-10-12 23:43:06.176470588,2.04166666666667
13019_2018-10-11 01:00:00,13019,2018280N18273,2018-10-11 01:00:00,2018-10-13 00:00:00,47.0,2018,10,18214,4422.0,648.0,47,19.8997068891876,362453.261279663,0.8410613086038125,45,True,0.8397733127253992,0.1,45.490677966101664,0,2018-10-12 22:29:26.440677966,1.95833333333333
13315_2018-10-11 01:00:00,13315,2018280N18273,2018-10-11 01:00:00,2018-10-15 20:00:00,115.0,2018,10,8761,4912.0,648.0,115,62.6893943013266,549221.783473923,0.990228013029316,92,True,0.990228013029316,0.1,111.22545454545444,0,2018-10-15 16:13:31.636363636,4.79166666666667
13069_2018-10-11 01:00:00,13069,2018280N18273,2018-10-11 01:00:00,2018-10-12 21:00:00,44.0,2018,10,43172,13869.0,648.0,44,12.5984714770518,543901.210607282,0.6468382724060855,27,True,0.55814629185734,0.1,32.97401746724889,0,2018-10-12 09:58:26.462882096,1.83333333333333
13017_2018-10-11 01:00:00,13017,2018280N18273,2018-10-11 01:00:00,2018-10-15 02:00:00,97.0,2018,10,17069,3299.0,648.0,97,51.9421229136294,886600.096012741,0.9305850257653835,90,True,0.9290694149742346,0.1,92.93653846153833,0,2018-10-14 21:56:11.538461538,4.04166666666667
13155_2018-10-11 01:00:00,13155,2018280N18273,2018-10-11 01:00:00,2018-10-13 21:00:00,68.0,2018,10,9126,6013.0,648.0,68,22.3363841003872,203841.841300134,0.9516003122560499,41,True,0.9516003122560499,0.1,44.80149253731334,0,2018-10-12 21:48:05.373134328,2.83333333333333
13277_2018-10-11 01:00:00,13277,2018280N18273,2018-10-11 01:00:00,2018-10-13 22:00:00,69.0,2018,10,41412,12826.0,648.0,69,22.6022408232445,936003.9969722,0.8328829935314829,47,True,0.8327192336035372,0.1,64.13999999999972,0,2018-10-13 17:08:23.999999999,2.875
13197_2018-10-11 01:00:00,13197,2018280N18273,2018-10-11 01:00:00,2018-10-12 19:00:00,42.0,2018,10,7449,3006.0,648.0,42,13.0319806605484,97075.2239404253,0.541927409261577,27,True,0.5384856070087609,0.1,38.6423076923075,0,2018-10-12 15:38:32.307692307,1.75
13161_2018-10-11 02:00:00,13161,2018280N18273,2018-10-11 02:00:00,2018-10-12 18:00:00,40.0,2018,10,14889,7743.0,648.041666666667,40,13.0835593439235,194801.115071678,0.7299496319256102,26,True,0.7249128244866331,0.1,34.90538461538444,0,2018-10-12 12:54:19.384615384,1.66666666666667
13269_2018-10-11 02:00:00,13269,2018280N18273,2018-10-11 02:00:00,2018-10-12 22:00:00,44.0,2018,10,7737,4219.0,648.041666666667,44,5.67138577306864,43879.511726232,0.20815552394499762,14,True,0.20459933617828355,0.1,23.167441860465,0,2018-10-12 01:10:02.790697674,1.83333333333333
13093_2018-10-11 02:00:00,13093,2018280N18273,2018-10-11 02:00:00,2018-10-14 22:00:00,92.0,2018,10,10572,6397.0,648.041666666667,92,41.0656557761451,434146.112865406,0.8174144130060966,68,True,0.8005314991402219,0.1,69.19166666666639,0,2018-10-13 23:11:29.999999999,3.83333333333333
13167_2018-10-11 04:00:00,13167,2018280N18273,2018-10-11 04:00:00,2018-10-13 22:00:00,66.0,2018,10,9242,4055.0,648.125,66,35.0714721359959,324130.545480874,0.9406264609630669,58,True,0.9380679100908657,0.1,61.96363636363611,0,2018-10-13 17:57:49.090909090,2.75
13267_2018-10-11 04:00:00,13267,2018280N18273,2018-10-11 04:00:00,2018-10-12 04:00:00,24.0,2018,10,24064,8625.0,648.125,24,7.23118071803862,174011.132798881,0.650417215634607,17,True,0.5972771190162495,0.1,19.03574879227028,0,2018-10-11 23:02:08.695652173,1.0
13235_2018-10-11 04:00:00,13235,2018280N18273,2018-10-11 04:00:00,2018-10-15 20:00:00,112.0,2018,10,9984,4489.0,648.125,112,51.4617955001114,513794.566273112,0.9380708398306973,88,True,0.9204722655379818,0.1,90.49278606965167,0,2018-10-14 22:29:34.029850746,4.66666666666667
13023_2018-10-11 04:00:00,13023,2018280N18273,2018-10-11 04:00:00,2018-10-13 20:00:00,64.0,2018,10,12257,2902.0,648.125,64,31.9827705031013,392012.818056513,0.9731219848380427,61,True,0.9731219848380427,0.1,60.70109090909083,0,2018-10-13 16:42:03.927272727,2.66666666666667
13225_2018-10-11 04:00:00,13225,2018280N18273,2018-10-11 04:00:00,2018-10-12 18:00:00,38.0,2018,10,28562,6976.0,648.125,38,8.05705275229358,230125.540711009,0.34719036697247707,24,True,0.34446674311926606,0.1,23.92031496062972,0,2018-10-12 03:55:13.133858267,1.58333333333333
13289_2018-10-11 05:00:00,13289,2018280N18273,2018-10-11 05:00:00,2018-10-12 23:00:00,42.0,2018,10,7680,1531.0,648.166666666667,42,10.0235140431091,76980.5878510777,0.534944480731548,32,True,0.5342913128674069,0.1,32.96339285714278,0,2018-10-12 13:57:48.214285714,1.75
13175_2018-10-11 05:00:00,13175,2018280N18273,2018-10-11 05:00:00,2018-10-13 21:00:00,64.0,2018,10,49660,12185.0,648.166666666667,64,29.0008027573167,1440179.86492835,0.8106688551497743,60,True,0.8104636848584325,0.1,61.217263843648055,0,2018-10-13 18:13:02.149837133,2.66666666666667
13271_2018-10-11 05:00:00,13271,2018280N18273,2018-10-11 05:00:00,2018-10-13 23:00:00,66.0,2018,10,12354,3483.0,648.166666666667,66,34.8136663795579,430088.034453058,0.8515647430376112,64,True,0.8515647430376112,0.1,63.57314814814806,0,2018-10-13 20:34:23.333333333,2.75
13319_2018-10-11 05:00:00,13319,2018280N18273,2018-10-11 05:00:00,2018-10-12 18:00:00,37.0,2018,10,8681,2405.0,648.166666666667,37,7.0004158004158,60770.6095634096,0.32972972972972975,17,True,0.3288981288981289,0.1,22.73148148148139,0,2018-10-12 03:43:53.333333333,1.54166666666667
13091_2018-10-11 05:00:00,13091,2018280N18273,2018-10-11 05:00:00,2018-10-13 22:00:00,65.0,2018,10,19802,3709.0,648.166666666667,65,35.6983014289566,706897.764896199,0.9272040981396603,62,True,0.9272040981396603,0.1,61.82958333333333,0,2018-10-13 18:49:46.500000000,2.70833333333333
13169_2018-10-11 05:00:00,13169,2018280N18273,2018-10-11 05:00:00,2018-10-12 19:00:00,38.0,2018,10,28472,12937.0,648.166666666667,38,6.58769421040427,187564.82955863,0.35154981835046767,19,True,0.3490762928035866,0.1,20.45273972602722,0,2018-10-12 01:27:09.863013698,1.58333333333333
13043_2018-10-11 06:00:00,13043,2018280N18273,2018-10-11 06:00:00,2018-10-12 16:00:00,34.0,2018,10,11000,5484.0,648.208333333333,34,9.233169257776,101564.861835536,0.9848008385744235,19,True,0.5389587700908456,0.1,29.06666666666639,0,2018-10-12 11:03:59.999999999,1.41666666666667
13107_2018-10-11 06:00:00,13107,2018280N18273,2018-10-11 06:00:00,2018-10-13 03:00:00,45.0,2018,10,22929,7891.0,648.208333333333,45,16.1160076354961,369523.939074291,0.753511324813362,37,True,0.7503479691256485,0.1,42.24390243902417,0,2018-10-13 00:14:38.048780487,1.875
13303_2018-10-11 06:00:00,13303,2018280N18273,2018-10-11 06:00:00,2018-10-13 15:00:00,57.0,2018,10,19738,6586.0,648.208333333333,57,22.9078348010932,452154.843303978,0.7980564834497419,42,True,0.7830245976313392,0.1,42.919337016574445,0,2018-10-13 00:55:09.613259668,2.375
13309_2018-10-11 06:00:00,13309,2018280N18273,2018-10-11 06:00:00,2018-10-13 18:00:00,60.0,2018,10,7314,823.0,648.208333333333,60,30.6123936816525,223899.047387606,0.968408262454435,37,True,0.968408262454435,0.1,36.981024096385276,0,2018-10-12 18:58:51.686746987,2.5
13209_2018-10-11 06:00:00,13209,2018280N18273,2018-10-11 06:00:00,2018-10-12 23:00:00,41.0,2018,10,8655,1649.0,648.208333333333,41,26.5166767738023,229501.837477259,0.8744693753790176,39,True,0.8744693753790176,0.1,38.817479674796665,0,2018-10-12 20:49:02.926829268,1.70833333333333
13283_2018-10-11 07:00:00,13283,2018280N18273,2018-10-11 07:00:00,2018-10-12 19:00:00,36.0,2018,10,6365,1373.0,648.25,36,5.18572469045885,33007.1376547706,0.23743627093954844,16,True,0.2199563000728332,0.1,16.884126984126944,0,2018-10-11 23:53:02.857142857,1.5
13301_2018-10-11 08:00:00,13301,2018280N18273,2018-10-11 08:00:00,2018-10-13 01:00:00,41.0,2018,10,5155,3118.0,648.291666666667,41,6.13758819756254,31639.2671584349,0.3867864015394484,14,True,0.3800513149454779,0.1,14.725999999999722,0,2018-10-11 22:43:33.599999999,1.70833333333333
13163_2018-10-11 08:00:00,13163,2018280N18273,2018-10-11 08:00:00,2018-10-12 17:00:00,33.0,2018,10,15314,7803.0,648.291666666667,33,7.23571974009622,110807.812099833,0.6433652195241599,13,True,0.6221998489806192,0.1,16.175092936802777,0,2018-10-12 00:10:30.334572490,1.375
13033_2018-10-11 09:00:00,13033,2018280N18273,2018-10-11 09:00:00,2018-10-12 16:00:00,31.0,2018,10,24388,6169.0,648.333333333333,31,6.95745671781808,169678.454434147,0.6128929818990155,15,True,0.5568163397633328,0.1,15.079245283018611,0,2018-10-12 00:04:45.283018867,1.29166666666667
45009_2018-10-11 11:00:00,45009,2018280N18273,2018-10-11 11:00:00,2018-10-12 11:00:00,24.0,2018,10,12908,7151.0,648.416666666667,24,3.51852887708013,45417.1707453503,0.6800447489861557,8,True,0.38791777373793873,0.1,9.29417475728139,0,2018-10-11 20:17:39.029126213,1.0
37167_2018-10-11 16:00:00,37167,2018280N18273,2018-10-11 16:00:00,2018-10-13 04:00:00,36.0,2018,10,64153,17317.0,648.625,36,3.19732055205867,205117.70537622,0.24299820985159093,5,True,0.20892764335623953,0.1,9.803304773561667,0,2018-10-12 01:48:11.897184822,1.5
37123_2018-10-11 16:00:00,37123,2018280N18273,2018-10-11 16:00:00,2018-10-13 21:00:00,53.0,2018,10,25894,14541.0,648.625,53,10.1949546204058,263988.154940788,0.46844961747204605,27,True,0.43261622964755114,0.1,32.648975409835835,0,2018-10-13 00:38:56.311475409,2.20833333333333
51590_2018-10-11 17:00:00,51590,2018280N18273,2018-10-11 17:00:00,2018-10-18 03:00:00,154.0,2018,10,42229,2873.0,648.666666666667,154,46.4116849980159,1959919.04578121,0.999703857259199,94,True,0.9996971669184582,0.1,106.95159799768945,0,2018-10-16 03:57:05.752791682,6.41666666666667
37007_2018-10-11 18:00:00,37007,2018280N18273,2018-10-11 18:00:00,2018-10-13 04:00:00,34.0,2018,10,22202,10549.0,648.708333333333,34,4.32221063607925,95961.7205422315,0.25623281827661387,15,True,0.24210825670679686,0.1,22.87905405405389,0,2018-10-12 16:52:44.594594594,1.41666666666667
37059_2018-10-11 19:00:00,37059,2018280N18273,2018-10-11 19:00:00,2018-10-13 17:00:00,46.0,2018,10,44090,21372.0,648.75,46,6.68870484746397,294904.996724687,0.4131574022084971,22,True,0.3313681452367584,0.1,24.42795698924722,0,2018-10-12 19:25:40.645161290,1.91666666666667
51089_2018-10-11 20:00:00,51089,2018280N18273,2018-10-11 20:00:00,2018-10-14 18:00:00,70.0,2018,10,49906,27349.0,648.791666666667,70,12.3872400665008,618197.602758789,0.42043668122270744,42,True,0.3809956331877729,0.1,45.91671974522278,0,2018-10-13 17:55:00.191082802,2.91666666666667
51141_2018-10-11 20:00:00,51141,2018280N18273,2018-10-11 20:00:00,2018-10-14 01:00:00,53.0,2018,10,17643,12006.0,648.791666666667,53,15.812946380097,278987.812984052,0.4397256878459886,48,True,0.36932991820209865,0.1,49.135714285714165,0,2018-10-13 21:08:08.571428571,2.20833333333333
37159_2018-10-11 20:00:00,37159,2018280N18273,2018-10-11 20:00:00,2018-10-14 21:00:00,73.0,2018,10,149645,67617.0,648.791666666667,73,12.1438815420014,1817271.1533528,0.3223955637707948,33,True,0.3221589648798521,0.1,50.762243101661944,0,2018-10-13 22:45:44.075165983,3.04166666666667
37057_2018-10-11 20:00:00,37057,2018280N18273,2018-10-11 20:00:00,2018-10-14 22:00:00,74.0,2018,10,172586,60390.0,648.791666666667,74,14.5677797453457,2514194.83513023,0.41544957774465974,46,True,0.4113263785394933,0.1,51.779497907949725,0,2018-10-13 23:46:46.192468619,3.08333333333333
37067_2018-10-11 20:00:00,37067,2018280N18273,2018-10-11 20:00:00,2018-10-13 23:00:00,51.0,2018,10,389157,181247.0,648.791666666667,51,6.50090154781759,2529871.34364405,0.25655045324888137,20,True,0.24675718770517582,0.1,28.866193548386946,0,2018-10-13 00:51:58.296774193,2.125
37169_2018-10-11 20:00:00,37169,2018280N18273,2018-10-11 20:00:00,2018-10-14 00:00:00,52.0,2018,10,45175,24877.0,648.791666666667,52,10.6184433268995,479688.177292683,0.37974836194074846,40,True,0.3578003778590666,0.1,46.296359743040554,0,2018-10-13 18:17:46.895074946,2.16666666666667
37157_2018-10-11 20:00:00,37157,2018280N18273,2018-10-11 20:00:00,2018-10-16 04:00:00,104.0,2018,10,91957,49385.0,648.791666666667,104,35.879099546963,3299334.35704007,0.6676318720259188,94,True,0.5831325301204819,0.1,98.21938911022555,0,2018-10-15 22:13:09.800796812,4.33333333333333
51143_2018-10-11 21:00:00,51143,2018280N18273,2018-10-11 21:00:00,2018-10-17 07:00:00,130.0,2018,10,59952,15782.0,648.833333333333,130,33.3824933131545,2001347.23911024,0.7460374784318446,87,True,0.7062653840772647,0.1,126.28079584775084,0,2018-10-17 03:16:50.865051903,5.41666666666667
51083_2018-10-11 21:00:00,51083,2018280N18273,2018-10-11 21:00:00,2018-10-17 10:00:00,133.0,2018,10,33644,15549.0,648.833333333333,133,36.1448549830778,1216057.50105067,0.6627345844504021,89,True,0.6583935938891838,0.1,95.76861674760138,0,2018-10-15 20:46:07.020291365,5.54166666666667
37151_2018-10-11 21:00:00,37151,2018280N18273,2018-10-11 21:00:00,2018-10-14 20:00:00,71.0,2018,10,146043,63127.0,648.833333333333,71,13.2995295669258,1942303.19654255,0.4661232647834981,46,True,0.450461423150794,0.1,50.94019471488166,0,2018-10-13 23:56:24.700973574,2.95833333333333
37081_2018-10-11 21:00:00,37081,2018280N18273,2018-10-11 21:00:00,2018-10-15 18:00:00,93.0,2018,10,546101,213865.0,648.833333333333,93,24.1582954335849,13192869.2945761,0.4452996048909359,70,True,0.4435882449208613,0.1,72.81951348492834,0,2018-10-14 21:49:10.248545742,3.875
37185_2018-10-11 21:00:00,37185,2018280N18273,2018-10-11 21:00:00,2018-10-14 21:00:00,72.0,2018,10,18713,5887.0,648.833333333333,72,16.2252968607181,303623.980154618,0.5882452862238832,28,True,0.5860370307457109,0.1,53.25806451612889,0,2018-10-14 02:15:29.032258064,3.0
37137_2018-10-11 21:00:00,37137,2018280N18273,2018-10-11 21:00:00,2018-10-12 21:00:00,24.0,2018,10,12381,8584.0,648.833333333333,24,6.32945013979497,78364.9221808015,0.4006290773532153,18,True,0.37558247903075487,0.1,21.39472693032,0,2018-10-12 18:23:41.016949152,1.0
51111_2018-10-11 22:00:00,51111,2018280N18273,2018-10-11 22:00:00,2018-10-17 01:00:00,123.0,2018,10,12031,3803.0,648.875,123,47.8775243470058,576014.495418827,0.8107617896009673,110,True,0.799725442342892,0.1,119.0100591715975,0,2018-10-16 21:00:36.213017751,5.125
51049_2018-10-11 22:00:00,51049,2018280N18273,2018-10-11 22:00:00,2018-10-16 13:00:00,111.0,2018,10,9746,4983.0,648.875,111,36.3803951210826,354563.330850071,0.8643500643500643,81,True,0.7270526723470179,0.1,95.1725806451611,0,2018-10-15 21:10:21.290322580,4.625
51149_2018-10-11 22:00:00,51149,2018280N18273,2018-10-11 22:00:00,2018-10-13 17:00:00,43.0,2018,10,43134,5918.0,648.875,43,10.7284555593106,462761.202095302,0.682663061845218,21,True,0.6809733017911457,0.1,39.16477611940278,0,2018-10-13 13:09:53.194029850,1.79166666666667
51147_2018-10-11 22:00:00,51147,2018280N18273,2018-10-11 22:00:00,2018-10-17 00:00:00,122.0,2018,10,21927,9674.0,648.875,122,52.6747831800911,1154999.97078986,0.879079618754212,110,True,0.871537840582399,0.1,118.33620981387472,0,2018-10-16 20:20:10.355329949,5.08333333333333
37135_2018-10-11 22:00:00,37135,2018280N18273,2018-10-11 22:00:00,2018-10-14 17:00:00,67.0,2018,10,150477,56268.0,648.875,67,13.7643121968949,2071212.40645215,0.4222162816662211,29,True,0.41650810623810797,0.1,44.62349137931028,0,2018-10-13 18:37:24.568965517,2.79166666666667
51670_2018-10-11 22:00:00,51670,2018280N18273,2018-10-11 22:00:00,2018-10-13 15:00:00,41.0,2018,10,22962,10714.0,648.875,41,5.94101176031361,136417.512040321,0.3666231099495987,16,True,0.3658764233712899,0.1,19.632030749519444,0,2018-10-12 17:37:55.310698270,1.70833333333333
51011_2018-10-11 22:00:00,51011,2018280N18273,2018-10-11 22:00:00,2018-10-14 03:00:00,53.0,2018,10,16748,8336.0,648.875,53,8.51595212459619,142625.166182737,0.42019874264855,26,True,0.2877879078694818,0.1,41.43519736842083,0,2018-10-13 15:26:06.710526315,2.20833333333333
51025_2018-10-11 22:00:00,51025,2018280N18273,2018-10-11 22:00:00,2018-10-15 01:00:00,75.0,2018,10,15921,5989.0,648.875,75,25.1533048253736,400465.766124774,0.6851600651112317,60,True,0.6179759377211607,0.1,66.35308641975305,0,2018-10-14 16:21:11.111111111,3.125
51037_2018-10-11 22:00:00,51037,2018280N18273,2018-10-11 22:00:00,2018-10-17 01:00:00,123.0,2018,10,11475,5685.0,648.875,123,50.9732623448633,584918.185407306,0.9976341860121248,96,True,0.9949037792935822,0.1,114.8972602739725,0,2018-10-16 16:53:50.136986301,5.125
51029_2018-10-11 22:00:00,51029,2018280N18273,2018-10-11 22:00:00,2018-10-14 19:00:00,69.0,2018,10,16982,8297.0,648.875,69,23.1501665095401,393136.12766501,0.9511811023622048,43,True,0.6644372137864545,0.1,64.22947845804973,0,2018-10-14 14:13:46.122448979,2.875
37037_2018-10-11 22:00:00,37037,2018280N18273,2018-10-11 22:00:00,2018-10-15 02:00:00,76.0,2018,10,79864,36225.0,648.875,76,17.8335828237683,1424261.25863743,0.4605413028149916,49,True,0.44201876661061995,0.1,70.23653250773972,0,2018-10-14 20:14:11.517027863,3.16666666666667
37033_2018-10-11 22:00:00,37033,2018280N18273,2018-10-11 22:00:00,2018-10-16 18:00:00,116.0,2018,10,22614,12161.0,648.875,116,48.9114741438536,1106084.0762891,0.7643819855358317,100,True,0.7643819855358317,0.1,99.95272727272722,0,2018-10-16 01:57:09.818181818,4.83333333333333
37145_2018-10-11 23:00:00,37145,2018280N18273,2018-10-11 23:00:00,2018-10-14 03:00:00,52.0,2018,10,39386,16524.0,648.916666666667,52,18.5389498869922,730175.080249074,0.7227865697177075,40,True,0.6578240960050529,0.1,44.99844720496889,0,2018-10-13 19:59:54.409937888,2.16666666666667
51117_2018-10-11 23:00:00,51117,2018280N18273,2018-10-11 23:00:00,2018-10-15 20:00:00,93.0,2018,10,30508,12357.0,648.916666666667,93,30.2708210093179,923502.20735227,0.7423926636098375,65,True,0.7252407561526573,0.1,71.89126213592222,0,2018-10-14 22:53:28.543689320,3.875
51135_2018-10-11 23:00:00,51135,2018280N18273,2018-10-11 23:00:00,2018-10-17 16:00:00,137.0,2018,10,15559,3380.0,648.916666666667,137,64.1314529505015,997821.276456853,0.9100660066006601,114,True,0.8968443960826986,0.1,116.18999999999973,0,2018-10-16 19:11:23.999999999,5.70833333333333
37001_2018-10-11 23:00:00,37001,2018280N18273,2018-10-11 23:00:00,2018-10-15 04:00:00,77.0,2018,10,176353,78812.0,648.916666666667,77,15.1152649922457,2665622.32717751,0.3494518601228239,48,True,0.3485636705070294,0.1,50.46095764272555,0,2018-10-14 01:27:39.447513812,3.20833333333333
37181_2018-10-12 00:00:00,37181,2018280N18273,2018-10-12 00:00:00,2018-10-14 22:00:00,70.0,2018,10,42138,23793.0,648.958333333333,70,16.1338580213581,679848.509303987,0.49134121042662576,48,True,0.46148026730551,0.1,64.24275862068944,0,2018-10-14 16:14:33.931034482,2.91666666666667
51145_2018-10-12 00:00:00,51145,2018280N18273,2018-10-12 00:00:00,2018-10-16 01:00:00,97.0,2018,10,31489,11366.0,648.958333333333,97,30.8170496554713,970398.076601137,0.8625960307298336,66,True,0.8621959026888605,0.1,70.40689655172389,0,2018-10-14 22:24:24.827586206,4.04166666666667
51075_2018-10-12 00:00:00,51075,2018280N18273,2018-10-12 00:00:00,2018-10-14 00:00:00,48.0,2018,10,26109,12112.0,648.958333333333,48,9.97414170988322,260414.865903341,0.4801452984396929,20,True,0.46421200363246096,0.1,19.926648199445832,0,2018-10-12 19:55:35.933518005,2.0
37077_2018-10-12 00:00:00,37077,2018280N18273,2018-10-12 00:00:00,2018-10-14 21:00:00,69.0,2018,10,61903,27452.0,648.958333333333,69,14.1219801815671,874192.939179547,0.4631465995707837,40,True,0.459298453341227,0.1,46.52163977050361,0,2018-10-13 22:31:17.903173813,2.875
37063_2018-10-12 00:00:00,37063,2018280N18273,2018-10-12 00:00:00,2018-10-13 00:00:00,24.0,2018,10,332680,147372.0,648.958333333333,24,3.3035040577586,1099009.72993513,0.18808864641858697,11,True,0.18740330591971338,0.1,18.256514788169444,0,2018-10-12 18:15:23.453237410,1.0
51007_2018-10-12 00:00:00,51007,2018280N18273,2018-10-12 00:00:00,2018-10-17 23:00:00,143.0,2018,10,13455,3777.0,648.958333333333,143,60.3323767462166,811772.129120344,0.9978727518855154,96,True,0.9973118279569892,0.1,99.42448979591833,0,2018-10-16 03:25:28.163265306,5.95833333333333
51053_2018-10-12 00:00:00,51053,2018280N18273,2018-10-12 00:00:00,2018-10-15 00:00:00,72.0,2018,10,28161,8944.0,648.958333333333,72,17.9540587548898,505604.248596452,0.6949363931154902,44,True,0.6505362933399851,0.1,53.09199999999972,0,2018-10-14 05:05:31.199999999,3.0
51087_2018-10-12 01:00:00,51087,2018280N18273,2018-10-12 01:00:00,2018-10-14 00:00:00,47.0,2018,10,333962,149782.0,649.0,47,5.26686117156935,1758931.49057964,0.28391929604358335,13,True,0.28185629781949767,0.1,18.576628748707222,0,2018-10-12 19:34:35.863495346,1.95833333333333
51073_2018-10-12 01:00:00,51073,2018280N18273,2018-10-12 01:00:00,2018-10-16 01:00:00,96.0,2018,10,39493,19617.0,649.0,96,34.8906970502861,1377938.29860695,0.7810062700718764,87,True,0.7610745781719936,0.1,90.1002832861189,0,2018-10-15 19:06:01.019830028,4.0
51085_2018-10-12 01:00:00,51085,2018280N18273,2018-10-12 01:00:00,2018-10-14 04:00:00,51.0,2018,10,112938,49273.0,649.0,51,8.26046977888833,932920.93588809,0.299703685663257,21,True,0.2924176002597824,0.1,39.39631301730611,0,2018-10-13 16:23:46.726862302,2.125
51550_2018-10-12 01:00:00,51550,2018280N18273,2018-10-12 01:00:00,2018-10-13 07:00:00,30.0,2018,10,252488,102543.0,649.0,30,3.51172678778659,886668.87319466,0.19356757652887083,14,True,0.18971553397111457,0.1,19.524717832956945,0,2018-10-12 20:31:28.984198645,1.25
37069_2018-10-12 01:00:00,37069,2018280N18273,2018-10-12 01:00:00,2018-10-14 03:00:00,50.0,2018,10,74539,39569.0,649.0,50,8.22759729796841,613276.874993268,0.2743050847457627,26,True,0.2577627118644068,0.1,40.65340909090889,0,2018-10-13 17:39:12.272727272,2.08333333333333
37103_2018-10-12 01:00:00,37103,2018280N18273,2018-10-12 01:00:00,2018-10-13 01:00:00,24.0,2018,10,9233,5483.0,649.0,24,5.1285792449389,47352.1721685209,0.21594017873426957,23,True,0.21484588728798104,0.1,23.040594925634167,0,2018-10-13 00:02:26.141732283,1.0
37127_2018-10-12 02:00:00,37127,2018280N18273,2018-10-12 02:00:00,2018-10-13 08:00:00,30.0,2018,10,95789,25632.0,649.041666666667,30,5.49145646574051,526021.123396818,0.33131168985610654,15,True,0.3045546438339874,0.1,20.28574879227028,0,2018-10-12 22:17:08.695652173,1.25
51101_2018-10-12 02:00:00,51101,2018280N18273,2018-10-12 02:00:00,2018-10-15 18:00:00,88.0,2018,10,18492,8560.0,649.041666666667,88,13.0464978934287,241255.839045283,0.4982476635514019,28,True,0.48843457943925234,0.1,41.599999999999724,0,2018-10-13 19:35:59.999999999,3.66666666666667
51097_2018-10-12 02:00:00,51097,2018280N18273,2018-10-12 02:00:00,2018-10-15 19:00:00,89.0,2018,10,6718,4227.0,649.041666666667,89,34.6204623870771,232580.266316384,0.9200378519044239,68,True,0.915424651052756,0.1,69.7882352941175,0,2018-10-14 23:47:17.647058823,3.70833333333333
37065_2018-10-12 02:00:00,37065,2018280N18273,2018-10-12 02:00:00,2018-10-13 06:00:00,28.0,2018,10,48301,5234.0,649.041666666667,28,2.05413916180276,99216.975654235,0.31597947938438153,5,True,0.2985185185185185,0.1,3.954736842105,0,2018-10-12 05:57:17.052631578,1.16666666666667
51760_2018-10-12 02:00:00,51760,2018280N18273,2018-10-12 02:00:00,2018-10-13 23:00:00,45.0,2018,10,229395,109804.0,649.041666666667,45,5.9975501803213,1375808.0236148,0.23656697388073294,16,True,0.23649411678991658,0.1,23.933449781659167,0,2018-10-13 01:56:00.419213973,1.875
51081_2018-10-12 02:00:00,51081,2018280N18273,2018-10-12 02:00:00,2018-10-13 19:00:00,41.0,2018,10,11226,2514.0,649.041666666667,41,11.3750994431185,127696.866348449,0.41408114558472553,39,True,0.4029435163086714,0.1,39.870149253731114,0,2018-10-13 17:52:12.537313432,1.70833333333333
51041_2018-10-12 02:00:00,51041,2018280N18273,2018-10-12 02:00:00,2018-10-14 00:00:00,46.0,2018,10,378408,148658.0,649.041666666667,46,7.69406960943912,2911497.49276864,0.31617538242139676,22,True,0.3130608510810047,0.1,32.127628205128055,0,2018-10-13 10:07:39.461538461,1.91666666666667
51057_2018-10-12 03:00:00,51057,2018280N18273,2018-10-12 03:00:00,2018-10-14 03:00:00,48.0,2018,10,10630,7122.0,649.083333333333,48,16.7629009573122,178189.637176229,0.9428531311429373,40,True,0.9366750912664982,0.1,46.18215613382889,0,2018-10-14 01:10:55.762081784,2.0
51036_2018-10-12 03:00:00,51036,2018280N18273,2018-10-12 03:00:00,2018-10-15 03:00:00,72.0,2018,10,6605,3970.0,649.083333333333,72,46.2851385390428,305713.340050378,0.9863979848866499,68,True,0.9863979848866499,0.1,69.46944444444416,0,2018-10-15 00:28:09.999999999,3.0
51570_2018-10-12 03:00:00,51570,2018280N18273,2018-10-12 03:00:00,2018-10-13 20:00:00,41.0,2018,10,18294,8908.0,649.083333333333,41,4.1722047597665,76326.3138751684,0.2093623709025595,7,True,0.20801526717557253,0.1,6.736189747513333,0,2018-10-12 09:44:10.283091048,1.70833333333333
51193_2018-10-12 03:00:00,51193,2018280N18273,2018-10-12 03:00:00,2018-10-14 21:00:00,66.0,2018,10,18712,8061.0,649.083333333333,66,11.2430116664891,210379.234303345,0.37940411444786004,39,True,0.33565854812012297,0.1,40.93276595744667,0,2018-10-13 19:55:57.957446808,2.75
51127_2018-10-12 03:00:00,51127,2018280N18273,2018-10-12 03:00:00,2018-10-15 02:00:00,71.0,2018,10,24986,10426.0,649.083333333333,71,37.7991559562632,944449.710723192,0.9220218684059083,66,True,0.8903702282754652,0.1,66.76088154269972,0,2018-10-14 21:45:39.173553719,2.95833333333333
51133_2018-10-12 03:00:00,51133,2018280N18273,2018-10-12 03:00:00,2018-10-15 21:00:00,90.0,2018,10,12302,9383.0,649.083333333333,90,42.6051899307615,524129.046528228,0.9976635514018691,70,True,0.9976602238046796,0.1,84.84511041009445,0,2018-10-15 15:50:42.397476340,3.75
51095_2018-10-12 04:00:00,51095,2018280N18273,2018-10-12 04:00:00,2018-10-14 04:00:00,48.0,2018,10,81199,38124.0,649.125,48,14.9209684188438,1211567.7146417,0.4879341097471409,43,True,0.4878554191585353,0.1,43.716928603502225,0,2018-10-13 23:43:00.942972608,2.0
51159_2018-10-12 04:00:00,51159,2018280N18273,2018-10-12 04:00:00,2018-10-15 20:00:00,88.0,2018,10,9080,3417.0,649.125,88,48.9086912176064,444090.916255867,0.9969461410327596,74,True,0.9969127140050519,0.1,80.93864203079222,0,2018-10-15 12:56:19.111310852,3.66666666666667
51119_2018-10-12 04:00:00,51119,2018280N18273,2018-10-12 04:00:00,2018-10-15 19:00:00,87.0,2018,10,10943,10173.0,649.125,87,24.5920426160591,269110.722347535,0.5665978570726433,64,True,0.565811461712376,0.1,68.43407821229027,0,2018-10-15 00:26:02.681564245,3.625
51103_2018-10-12 05:00:00,51103,2018280N18273,2018-10-12 05:00:00,2018-10-14 23:00:00,66.0,2018,10,10750,8599.0,649.166666666667,66,36.731567446211,394864.350046768,0.993370786516854,64,True,0.993370786516854,0.1,63.676503972758056,0,2018-10-14 20:40:35.414301929,2.75
51830_2018-10-12 05:00:00,51830,2018280N18273,2018-10-12 05:00:00,2018-10-13 16:00:00,35.0,2018,10,15909,6690.0,649.166666666667,35,8.92765321375187,142030.034977578,0.4798206278026906,23,True,0.4707025411061285,0.1,29.11349693251528,0,2018-10-13 10:06:48.588957055,1.45833333333333
51700_2018-10-12 05:00:00,51700,2018280N18273,2018-10-12 05:00:00,2018-10-14 01:00:00,44.0,2018,10,184306,82904.0,649.166666666667,44,9.11687011483161,1680293.86338415,0.3609114156132394,31,True,0.35449435491653,0.1,36.20624999999972,0,2018-10-13 17:12:22.499999999,1.83333333333333
51199_2018-10-12 05:00:00,51199,2018280N18273,2018-10-12 05:00:00,2018-10-14 14:00:00,57.0,2018,10,71341,30455.0,649.166666666667,57,15.7814152027582,1125861.94197997,0.526547364964702,35,True,0.5185355442456083,0.1,41.329522862823055,0,2018-10-13 22:19:46.282306163,2.375
51650_2018-10-12 06:00:00,51650,2018280N18273,2018-10-12 06:00:00,2018-10-14 02:00:00,44.0,2018,10,138037,64443.0,649.208333333333,44,9.45392051890818,1304990.82666853,0.42726130068432566,18,True,0.4269043961330168,0.1,33.05162601626,0,2018-10-13 15:03:05.853658536,1.83333333333333
51740_2018-10-12 06:00:00,51740,2018280N18273,2018-10-12 06:00:00,2018-10-13 22:00:00,40.0,2018,10,97029,44519.0,649.208333333333,40,6.50528987623262,631201.771400975,0.23837013410004718,23,True,0.23652822390440037,0.1,32.03627118644056,0,2018-10-13 14:02:10.576271186,1.66666666666667
51115_2018-10-12 06:00:00,51115,2018280N18273,2018-10-12 06:00:00,2018-10-16 03:00:00,93.0,2018,10,8490,6705.0,649.208333333333,93,42.3401426870124,359467.811412735,0.9897091722595078,87,True,0.9897091722595078,0.1,88.41379310344806,0,2018-10-15 22:24:49.655172413,3.875
51810_2018-10-12 07:00:00,51810,2018280N18273,2018-10-12 07:00:00,2018-10-13 19:00:00,36.0,2018,10,455618,199885.0,649.25,36,5.13333666858444,2338840.5862671,0.27781974635415363,14,True,0.26379168021612426,0.1,17.960020242914723,0,2018-10-13 00:57:36.072874493,1.5
22077_2019-07-12 00:00:00,22077,2019192N29274,2019-07-12 00:00:00,2019-07-15 20:00:00,92.0,2019,7,20151,5069.0,921.958333333333,92,5.84814165930833,117845.902576722,0.2452644041041831,7,True,0.19810576164167323,0.1,66.32651162790694,0,2019-07-14 18:19:35.441860465,3.83333333333333
22099_2019-07-12 02:00:00,22099,2019192N29274,2019-07-12 02:00:00,2019-07-17 16:00:00,134.0,2019,7,51236,24147.0,922.041666666667,134,9.3598152232639,479559.492779149,0.4031476496168979,26,True,0.2955891488921102,0.1,70.3921420979736,0,2019-07-15 00:23:31.711552705,5.58333333333333
22109_2019-07-12 22:00:00,22109,2019192N29274,2019-07-12 22:00:00,2019-07-16 20:00:00,94.0,2019,7,104786,27781.0,922.875,94,28.3731903068141,2973113.11948983,0.6429317110047158,70,True,0.6421397458511825,0.1,74.88168316831667,0,2019-07-16 00:52:54.059405940,3.91666666666667
22057_2019-07-12 23:00:00,22057,2019192N29274,2019-07-12 23:00:00,2019-07-16 21:00:00,94.0,2019,7,95870,43756.0,922.916666666667,94,8.39397112548158,804730.01179992,0.26880197386457094,21,True,0.24033628803801518,0.1,46.77960644007139,0,2019-07-14 21:46:46.583184257,3.91666666666667
22101_2019-07-13 04:00:00,22101,2019192N29274,2019-07-13 04:00:00,2019-07-17 00:00:00,92.0,2019,7,47789,18981.0,923.125,92,42.8861493072019,2049486.18924187,0.9209736051841315,69,True,0.8868342026236763,0.1,83.47459770114916,0,2019-07-16 15:28:28.551724137,3.83333333333333
22007_2019-07-13 05:00:00,22007,2019192N29274,2019-07-13 05:00:00,2019-07-16 17:00:00,84.0,2019,7,20604,10503.0,923.166666666667,84,29.7261144772049,612476.86268833,0.7232057871692367,62,True,0.6986483913953931,0.1,62.27017543859639,0,2019-07-15 19:16:12.631578947,3.5
22047_2019-07-13 12:00:00,22047,2019192N29274,2019-07-13 12:00:00,2019-07-16 21:00:00,81.0,2019,7,29506,9008.0,923.458333333333,81,10.4290282443036,307718.907376421,0.3089133089133089,27,True,0.29814629814629817,0.1,51.377485380116944,0,2019-07-15 15:22:38.947368421,3.375
28157_2019-07-13 13:00:00,28157,2019192N29274,2019-07-13 13:00:00,2019-07-15 20:00:00,55.0,2019,7,8143,5993.0,923.5,55,3.32154179876523,27047.3148673452,0.25229434340063406,5,True,0.23260470548973802,0.1,29.010799999999723,0,2019-07-14 18:00:38.879999999,2.29166666666667
22045_2019-07-13 17:00:00,22045,2019192N29274,2019-07-13 17:00:00,2019-07-16 16:00:00,71.0,2019,7,68327,34826.0,923.666666666667,71,31.1035529929283,2125212.46534781,0.8827853553481694,50,True,0.8734529791816223,0.1,54.80980861244,0,2019-07-15 23:48:35.311004784,2.95833333333333
22125_2019-07-13 18:00:00,22125,2019192N29274,2019-07-13 18:00:00,2019-07-17 01:00:00,79.0,2019,7,15381,4473.0,923.708333333333,79,5.15333530668805,79263.4503521689,0.3318435754189944,14,True,0.22781131231835458,0.1,18.89275053304889,0,2019-07-14 12:53:33.901918976,3.29166666666667
22009_2019-07-13 20:00:00,22009,2019192N29274,2019-07-13 20:00:00,2019-07-15 15:00:00,43.0,2019,7,38751,36348.0,923.791666666667,43,3.75553387660791,145530.693252433,0.29371338960380056,12,True,0.28933167289331674,0.1,22.185413153456945,0,2019-07-14 18:11:07.487352445,1.79166666666667
22113_2019-07-13 21:00:00,22113,2019192N29274,2019-07-13 21:00:00,2019-07-15 02:00:00,29.0,2019,7,56952,22081.0,923.833333333333,29,2.7109864630046,154396.101041038,0.2118563470857298,9,True,0.2109958788098365,0.1,19.298899999999723,0,2019-07-14 16:17:56.039999999,1.20833333333333
22127_2019-07-14 00:00:00,22127,2019192N29274,2019-07-14 00:00:00,2019-07-16 13:00:00,61.0,2019,7,13205,5238.0,923.958333333333,61,2.84803360061092,37608.2836960672,0.18365788468881253,9,True,0.1510118365788469,0.1,59.677313054499166,0,2019-07-16 11:40:38.326996197,2.54166666666667
45013_2019-09-05 07:00:00,45013,2019236N10314,2019-09-05 07:00:00,2019-09-06 15:00:00,32.0,2019,9,196371,65270.0,977.25,32,5.04951738930596,991578.779255401,0.3484449210969818,12,True,0.3317757009345794,0.1,19.76623376623361,0,2019-09-06 02:45:58.441558441,1.33333333333333
45019_2019-09-05 07:00:00,45019,2019236N10314,2019-09-05 07:00:00,2019-09-07 22:00:00,63.0,2019,9,419279,228154.0,977.25,63,18.9289340338158,7936504.53276427,0.601705872813419,41,True,0.5842307574303209,0.1,55.638706563706386,0,2019-09-07 14:38:19.343629343,2.625
45029_2019-09-05 08:00:00,45029,2019236N10314,2019-09-05 08:00:00,2019-09-07 06:00:00,46.0,2019,9,38599,24418.0,977.291666666667,46,7.67853763810288,296383.874293133,0.29501022494887524,28,True,0.2734151329243354,0.1,39.916216216216114,0,2019-09-06 23:54:58.378378378,1.91666666666667
45089_2019-09-05 10:00:00,45089,2019236N10314,2019-09-05 10:00:00,2019-09-06 22:00:00,36.0,2019,9,30058,8346.0,977.375,36,6.28652584242165,188960.39377151,0.41211129296235677,27,True,0.26655755591925806,0.1,28.862762237762222,0,2019-09-06 14:51:45.944055944,1.5
45043_2019-09-05 10:00:00,45043,2019236N10314,2019-09-05 10:00:00,2019-09-06 23:00:00,37.0,2019,9,64722,41580.0,977.375,37,5.90028707866528,381878.380305374,0.2834614337473036,24,True,0.2677124128253995,0.1,32.757999999999726,0,2019-09-06 18:45:28.799999999,1.54166666666667
45015_2019-09-05 10:00:00,45015,2019236N10314,2019-09-05 10:00:00,2019-09-06 23:00:00,37.0,2019,9,245117,108687.0,977.375,37,6.32181155611136,1549583.48319935,0.3674131685880817,17,True,0.35466195965947744,0.1,29.715989847715555,0,2019-09-06 15:42:57.563451776,1.54166666666667
45035_2019-09-05 11:00:00,45035,2019236N10314,2019-09-05 11:00:00,2019-09-06 21:00:00,34.0,2019,9,166133,78417.0,977.416666666667,34,8.17640307586365,1358370.37220246,0.48425724013925553,27,True,0.4536133746509048,0.1,30.007469879518055,0,2019-09-06 17:00:26.891566265,1.41666666666667
37031_2019-09-05 15:00:00,37031,2019236N10314,2019-09-05 15:00:00,2019-09-07 23:00:00,56.0,2019,9,69380,58303.0,977.583333333333,56,10.8284479357838,751277.717784677,0.6420081299418555,24,True,0.6227981407474744,0.1,44.793828451882774,0,2019-09-07 11:47:37.782426778,2.33333333333333
37103_2019-09-05 16:00:00,37103,2019236N10314,2019-09-05 16:00:00,2019-09-07 02:00:00,34.0,2019,9,9233,5416.0,977.625,34,5.01715259052552,46323.3698683222,0.45429362880886426,13,True,0.3824561403508772,0.1,30.9724732949875,0,2019-09-06 22:58:20.903861955,1.41666666666667
37155_2019-09-06 00:00:00,37155,2019236N10314,2019-09-06 00:00:00,2019-09-07 00:00:00,24.0,2019,9,116663,45365.0,977.958333333333,24,3.0851792984771,359926.272498233,0.16082883280061722,11,True,0.1582056651603659,0.1,16.342857142856943,0,2019-09-06 16:20:34.285714285,1.0
37117_2019-09-06 01:00:00,37117,2019236N10314,2019-09-06 01:00:00,2019-09-07 12:00:00,35.0,2019,9,21508,10233.0,978.0,35,3.49174240203264,75100.395582918,0.31339783054822634,11,True,0.2377601876282615,0.1,19.856249999999722,0,2019-09-06 20:51:22.499999999,1.45833333333333
37095_2019-09-06 03:00:00,37095,2019236N10314,2019-09-06 03:00:00,2019-09-10 15:00:00,108.0,2019,9,4576,2969.0,978.083333333333,108,60.0533031355156,274803.915148119,1.0,106,True,1.0,0.1,108.0,1,,4.5
37137_2019-09-06 07:00:00,37137,2019236N10314,2019-09-06 07:00:00,2019-09-08 14:00:00,55.0,2019,9,12381,8598.0,978.25,55,22.0885098481529,273477.840429981,0.8599674342870435,41,True,0.8510118632240056,0.1,40.66866566716639,0,2019-09-07 23:40:07.196401799,2.29166666666667
37187_2019-09-06 08:00:00,37187,2019236N10314,2019-09-06 08:00:00,2019-09-08 18:00:00,58.0,2019,9,10828,6002.0,978.291666666667,58,20.8884577884886,226180.220933755,0.8443212466287084,37,True,0.7071567309128941,0.1,37.75437956204361,0,2019-09-07 21:45:15.766423357,2.41666666666667
37013_2019-09-06 10:00:00,37013,2019236N10314,2019-09-06 10:00:00,2019-09-08 23:00:00,61.0,2019,9,44272,13472.0,978.375,61,19.1596074810836,848234.142402531,0.6889845605700713,37,True,0.6722832541567696,0.1,38.65812917594639,0,2019-09-08 00:39:29.265033407,2.54166666666667
37049_2019-09-06 10:00:00,37049,2019236N10314,2019-09-06 10:00:00,2019-09-07 21:00:00,35.0,2019,9,100874,28195.0,978.375,35,10.2326653661997,1032209.88615003,0.6660400780280191,26,True,0.6174853697464089,0.1,29.91703786191528,0,2019-09-07 15:55:01.336302895,1.45833333333333
37139_2019-09-06 11:00:00,37139,2019236N10314,2019-09-06 11:00:00,2019-09-08 23:00:00,60.0,2019,9,40938,3943.0,978.416666666667,60,7.1716162671003,293591.626742552,0.6350980392156863,17,True,0.5598039215686275,0.1,31.345454545454444,0,2019-09-07 18:20:43.636363636,2.5
37177_2019-09-06 12:00:00,37177,2019236N10314,2019-09-06 12:00:00,2019-09-08 22:00:00,58.0,2019,9,3365,2393.0,978.458333333333,58,33.4554951943168,112577.741328876,0.9728374425407439,56,True,0.9728374425407439,0.1,55.88403846153833,0,2019-09-08 19:53:02.538461538,2.41666666666667
37053_2019-09-06 13:00:00,37053,2019236N10314,2019-09-06 13:00:00,2019-09-08 13:00:00,48.0,2019,9,31015,18594.0,978.5,48,21.0506110169385,652884.700690347,0.8096798452943704,37,True,0.7841252920339549,0.1,37.154457831325274,0,2019-09-08 02:09:16.048192771,2.0
37029_2019-09-06 14:00:00,37029,2019236N10314,2019-09-06 14:00:00,2019-09-08 18:00:00,52.0,2019,9,11088,3616.0,978.541666666667,52,19.7494469026549,218981.867256637,0.9076327433628318,36,True,0.9076327433628318,0.1,35.98817733990139,0,2019-09-08 01:59:17.438423645,2.16666666666667
37055_2019-09-06 14:00:00,37055,2019236N10314,2019-09-06 14:00:00,2019-09-09 04:00:00,62.0,2019,9,37956,40310.0,978.541666666667,62,15.778583239006,598891.905419712,0.7017919032519726,35,True,0.6728854804217979,0.1,34.97809450436556,0,2019-09-08 00:58:41.140215716,2.58333333333333
51149_2019-10-20 09:00:00,51149,2019291N22264,2019-10-20 09:00:00,2019-10-21 18:00:00,33.0,2019,10,43134,5949.0,1022.33333333333,33,2.42745105013098,104705.67359635,0.4157001176668348,5,True,0.4157001176668348,0.1,3.7606723369783333,0,2019-10-20 12:45:38.420413122,1.375
28159_2019-10-25 22:00:00,28159,2019299N25265,2019-10-25 22:00:00,2019-10-27 19:00:00,45.0,2019,10,17543,6890.0,1027.875,45,4.37605224963716,76769.0846153846,0.38330914368650215,10,True,0.3148040638606676,0.1,29.40983606557361,0,2019-10-27 03:24:35.409836065,1.875
21047_2019-10-26 04:00:00,21047,2019299N25265,2019-10-26 04:00:00,2019-10-29 04:00:00,72.0,2019,10,73037,6335.0,1028.125,72,10.0542814096834,734334.551319048,0.866957153231663,22,True,0.8442354282456891,0.1,44.60999999999972,0,2019-10-28 00:36:35.999999999,3.0
21059_2019-10-26 10:00:00,21059,2019299N25265,2019-10-26 10:00:00,2019-10-27 18:00:00,32.0,2019,10,103222,7741.0,1028.375,32,4.68100537203461,483182.736512156,0.8286505074226286,9,True,0.45399647739662835,0.1,28.238311688311665,0,2019-10-27 14:14:17.922077922,1.33333333333333
22105_2019-10-26 11:00:00,22105,2019299N25265,2019-10-26 11:00:00,2019-10-29 11:00:00,72.0,2019,10,137048,67538.0,1028.41666666667,72,7.11007211346055,974421.163005542,0.3094240760201892,13,True,0.27461109219816165,0.1,30.62159598214278,0,2019-10-27 17:37:17.745535714,3.0
28147_2019-10-26 12:00:00,28147,2019299N25265,2019-10-26 12:00:00,2019-10-27 16:00:00,28.0,2019,10,13761,5312.0,1028.45833333333,28,4.46869099339701,61493.6567601362,0.6141923436041083,8,True,0.3785768072289157,0.1,13.543010752688055,0,2019-10-27 01:32:34.838709677,1.16666666666667
22117_2019-10-26 12:00:00,22117,2019299N25265,2019-10-26 12:00:00,2019-10-28 02:00:00,38.0,2019,10,45025,24115.0,1028.45833333333,38,5.10532863363052,229867.421729214,0.323367198838897,8,True,0.3191374663072776,0.1,28.404220779220555,0,2019-10-27 16:24:15.194805194,1.58333333333333
22103_2019-10-26 12:00:00,22103,2019299N25265,2019-10-26 12:00:00,2019-10-28 03:00:00,39.0,2019,10,273263,127484.0,1028.45833333333,39,6.5615655572136,1793033.08886086,0.309929089140598,14,True,0.2994964073923002,0.1,32.22076356329528,0,2019-10-27 20:13:14.748827863,1.625
28101_2019-10-26 13:00:00,28101,2019299N25265,2019-10-26 13:00:00,2019-10-27 23:00:00,34.0,2019,10,21029,6104.0,1028.5,34,8.37872563771661,176196.221435543,0.5135247032845708,27,True,0.429079527671077,0.1,28.656097560975557,0,2019-10-27 17:39:21.951219512,1.41666666666667
28127_2019-10-26 13:00:00,28127,2019299N25265,2019-10-26 13:00:00,2019-10-27 23:00:00,34.0,2019,10,25587,9422.0,1028.5,34,6.96395369878725,178186.683290869,0.5685026000212247,21,True,0.5359758038841134,0.1,28.379436619718057,0,2019-10-27 17:22:45.971830985,1.41666666666667
28129_2019-10-26 13:00:00,28129,2019299N25265,2019-10-26 13:00:00,2019-10-28 22:00:00,57.0,2019,10,14092,4349.0,1028.5,57,21.8238617204918,307541.85936517,0.8395222989363688,36,True,0.8167381292679053,0.1,50.883636363636114,0,2019-10-28 15:53:01.090909090,2.375
28031_2019-10-26 13:00:00,28031,2019299N25265,2019-10-26 13:00:00,2019-10-29 01:00:00,60.0,2019,10,18098,7676.0,1028.5,60,17.8069306930693,322269.831683168,0.7970297029702971,36,True,0.6809536216779573,0.1,50.60285714285695,0,2019-10-28 15:36:10.285714285,2.5
28061_2019-10-26 13:00:00,28061,2019299N25265,2019-10-26 13:00:00,2019-10-27 21:00:00,32.0,2019,10,16167,8042.0,1028.5,32,5.06922142835653,81954.10283224,0.39355881621487193,12,True,0.3344317333996518,0.1,26.80624999999972,0,2019-10-27 15:48:22.499999999,1.33333333333333
28065_2019-10-26 13:00:00,28065,2019299N25265,2019-10-26 13:00:00,2019-10-28 18:00:00,53.0,2019,10,11088,5088.0,1028.5,53,18.012993560841,199728.072602605,0.8936241052105877,35,True,0.8238810793343028,0.1,37.74477611940278,0,2019-10-28 02:44:41.194029850,2.20833333333333
28123_2019-10-26 14:00:00,28123,2019299N25265,2019-10-26 14:00:00,2019-10-28 00:00:00,34.0,2019,10,27707,7066.0,1028.54166666667,34,8.14468898904926,225664.897819588,0.6231246766683911,18,True,0.5289827737960519,0.1,22.111594202898335,0,2019-10-27 12:06:41.739130434,1.41666666666667
28007_2019-10-26 16:00:00,28007,2019299N25265,2019-10-26 16:00:00,2019-10-27 22:00:00,30.0,2019,10,17509,5585.0,1028.625,30,5.78567591763653,101301.399641898,0.45174574753804836,18,True,0.42560429722470905,0.1,27.078512396694165,0,2019-10-27 19:04:42.644628099,1.25
28019_2019-10-26 17:00:00,28019,2019299N25265,2019-10-26 17:00:00,2019-10-28 19:00:00,50.0,2019,10,8037,3935.0,1028.66666666667,50,7.33595933926302,58959.1052096569,0.6937738246505718,22,True,0.46683608640406604,0.1,22.980337078651665,0,2019-10-27 15:58:49.213483146,2.08333333333333
28025_2019-10-26 17:00:00,28025,2019299N25265,2019-10-26 17:00:00,2019-10-27 19:00:00,26.0,2019,10,18380,2538.0,1028.66666666667,26,3.97005516154452,72969.6138691883,0.3384554767533491,7,True,0.31796690307328607,0.1,11.344444444444166,0,2019-10-27 04:20:39.999999999,1.08333333333333
28139_2019-10-26 19:00:00,28139,2019299N25265,2019-10-26 19:00:00,2019-10-28 01:00:00,30.0,2019,10,21431,10937.0,1028.75,30,6.4466489896681,138158.134497577,0.4646612416567614,25,True,0.4629240193837433,0.1,26.593503727369445,0,2019-10-27 21:35:36.613418530,1.25
47125_2019-10-26 22:00:00,47125,2019299N25265,2019-10-26 22:00:00,2019-10-29 20:00:00,70.0,2019,10,235201,92099.0,1028.875,70,12.152082942337,2858182.06012062,0.4622742917946992,35,True,0.450200327908012,0.1,35.648731983214724,0,2019-10-28 09:38:55.435139573,2.91666666666667
21219_2019-10-26 22:00:00,21219,2019299N25265,2019-10-26 22:00:00,2019-10-28 22:00:00,48.0,2019,10,12404,6471.0,1028.875,48,11.1727881402139,138587.264091214,0.541338278473188,28,True,0.526657394529439,0.1,30.337361163277222,0,2019-10-28 04:20:14.500187798,2.0
05019_2020-06-06 06:00:00,05019,2020154N19269,2020-06-06 06:00:00,2020-06-07 17:00:00,35.0,2020,6,21250,12126.0,1252.20833333333,35,4.04136843440658,85879.0792311398,0.4734542456718879,7,True,0.35739901071723,0.1,12.566923076923056,0,2020-06-06 18:34:00.923076923,1.45833333333333
05109_2020-06-06 08:00:00,05109,2020154N19269,2020-06-06 08:00:00,2020-06-09 22:00:00,86.0,2020,6,10179,10039.0,1252.29166666667,86,5.24078077109499,53345.9074689759,0.18577547564498456,7,True,0.15698774778364377,0.1,56.16023811174278,0,2020-06-08 16:09:36.857202274,3.58333333333333
05057_2020-06-06 08:00:00,05057,2020154N19269,2020-06-06 08:00:00,2020-06-08 21:00:00,61.0,2020,6,19453,5270.0,1252.29166666667,61,3.6314990512334,70643.5510436433,0.3212523719165085,11,True,0.3201138519924099,0.1,9.737704918032778,0,2020-06-06 17:44:15.737704918,2.54166666666667
05039_2020-06-09 18:00:00,05039,2020154N19269,2020-06-09 18:00:00,2020-06-12 04:00:00,58.0,2020,6,6191,4413.8,1255.70833333333,58,2.07749830047587,12861.7919782461,0.17788352594606843,5,True,0.1667799682755495,0.1,56.23832335329333,0,2020-06-12 02:14:17.964071856,2.41666666666667
48355_2020-07-25 18:00:00,48355,2020205N26272,2020-07-25 18:00:00,2020-07-27 05:00:00,35.0,2020,7,351674,152300.0,1301.70833333333,35,5.73629560585751,2017306.02089433,0.27199504740803493,17,True,0.2596722166107328,0.1,29.235840899265,0,2020-07-26 23:14:09.027237354,1.45833333333333
48489_2020-07-25 20:00:00,48489,2020205N26272,2020-07-25 20:00:00,2020-08-02 21:00:00,193.0,2020,7,20143,7815.0,1301.79166666667,193,80.8647283211333,1628858.22257259,0.9829028290282903,129,True,0.982779827798278,0.1,146.0989361702125,0,2020-07-31 22:05:56.170212765,8.04166666666667
48261_2020-07-26 00:00:00,48261,2020205N26272,2020-07-26 00:00:00,2020-07-29 02:00:00,74.0,2020,7,358,1007.0,1301.95833333333,74,16.4274880489199,5881.04072151332,0.5391591096455071,36,True,0.5391591096455071,0.1,44.49999999999972,0,2020-07-27 20:29:59.999999999,3.08333333333333
48061_2020-07-26 00:00:00,48061,2020205N26272,2020-07-26 00:00:00,2020-07-28 20:00:00,68.0,2020,7,425208,111890.0,1301.95833333333,68,9.70154867771701,4125176.11015469,0.33782286173920817,32,True,0.33057467155241754,0.1,44.15173501577278,0,2020-07-27 20:09:06.246056782,2.83333333333333
48047_2020-07-26 02:00:00,48047,2020205N26272,2020-07-26 02:00:00,2020-07-29 01:00:00,71.0,2020,7,6906,4656.0,1302.04166666667,71,10.5559078569029,72899.0996597717,0.49677835051546393,21,True,0.4853951890034364,0.1,21.699999999999722,0,2020-07-26 23:41:59.999999999,2.95833333333333
48215_2020-07-26 02:00:00,48215,2020205N26272,2020-07-26 02:00:00,2020-07-29 22:00:00,92.0,2020,7,888367,315601.0,1302.04166666667,92,19.3135311517664,17157503.7287012,0.5464082813425813,45,True,0.5414970168028619,0.1,63.648704722604165,0,2020-07-28 17:38:55.337001375,3.83333333333333
48427_2020-07-26 06:00:00,48427,2020205N26272,2020-07-26 06:00:00,2020-07-29 00:00:00,66.0,2020,7,65728,25662.0,1302.20833333333,66,11.3199889716743,744040.23513021,0.41789416257501366,37,True,0.3891356870080274,0.1,41.21659919028333,0,2020-07-27 23:12:59.757085020,2.75
37019_2020-08-04 04:00:00,37019,2020211N13306,2020-08-04 04:00:00,2020-08-05 16:00:00,36.0,2020,8,153064,103584.0,1311.125,36,8.67058828731869,1327154.92561015,0.5056180859895361,18,True,0.48095265678097004,0.1,19.935262054507223,0,2020-08-04 23:56:06.943396226,1.5
37129_2020-08-04 05:00:00,37129,2020211N13306,2020-08-04 05:00:00,2020-08-05 18:00:00,37.0,2020,8,234921,132080.5,1311.16666666667,37,12.2163260672116,2869871.53603542,0.7009839539812291,21,True,0.698577051165607,0.1,22.126990959965557,0,2020-08-05 03:07:37.167455876,1.54166666666667
37141_2020-08-04 05:00:00,37141,2020211N13306,2020-08-04 05:00:00,2020-08-05 19:00:00,38.0,2020,8,65737,34969.0,1311.16666666667,38,14.1632820893563,931051.674708015,0.8354256627298464,22,True,0.8220760651987418,0.1,33.288620583778055,0,2020-08-05 14:17:19.034101601,1.58333333333333
37103_2020-08-04 06:00:00,37103,2020211N13306,2020-08-04 06:00:00,2020-08-05 20:00:00,38.0,2020,8,9233,5477.66666666667,1311.20833333333,38,11.706976904518,108090.517759414,0.7890125935389669,18,True,0.7670195291111517,0.1,34.61999999999972,0,2020-08-05 16:37:11.999999999,1.58333333333333
37133_2020-08-04 06:00:00,37133,2020211N13306,2020-08-04 06:00:00,2020-08-06 23:00:00,65.0,2020,8,207298,89563.0,1311.20833333333,65,7.88630368288329,1634814.98085434,0.5609124303562856,17,True,0.5553074372229604,0.1,18.52005314444028,0,2020-08-05 00:31:12.191319985,2.70833333333333
36079_2020-08-04 06:00:00,36079,2020211N13306,2020-08-04 06:00:00,2020-08-09 14:00:00,128.0,2020,8,98045,43850.0,1311.20833333333,128,57.7263272853556,5659777.75869269,0.9510181743552323,94,True,0.9484641871707751,0.1,111.28173431734305,0,2020-08-08 21:16:54.243542435,5.33333333333333
37015_2020-08-04 07:00:00,37015,2020211N13306,2020-08-04 07:00:00,2020-08-08 13:00:00,102.0,2020,8,17240,5939.0,1311.25,102,15.5763795552749,268536.783532939,0.8445358216036691,34,True,0.844377668828088,0.1,37.38999999999972,0,2020-08-05 20:23:23.999999999,4.25
51800_2020-08-04 09:00:00,51800,2020211N13306,2020-08-04 09:00:00,2020-08-06 06:00:00,45.0,2020,8,98537,38104.0,1311.33333333333,45,11.8166721475806,1164379.42340614,0.594048503162693,34,True,0.5729253112033195,0.1,33.985379202501946,0,2020-08-05 18:59:07.365129007,1.875
37139_2020-08-04 09:00:00,37139,2020211N13306,2020-08-04 09:00:00,2020-08-05 17:00:00,32.0,2020,8,40938,5053.0,1311.33333333333,32,4.67286760340392,191297.85394815,0.3825450227587572,14,True,0.3000197902236295,0.1,15.443324250681112,0,2020-08-05 00:26:35.967302452,1.33333333333333
37187_2020-08-04 09:00:00,37187,2020211N13306,2020-08-04 09:00:00,2020-08-05 22:00:00,37.0,2020,8,10828,8007.0,1311.33333333333,37,8.09366804046459,87638.2375421506,0.5321593605595104,19,True,0.5048082927438491,0.1,32.56536964980528,0,2020-08-05 17:33:55.330739299,1.54166666666667
37143_2020-08-04 09:00:00,37143,2020211N13306,2020-08-04 09:00:00,2020-08-05 14:00:00,29.0,2020,8,13210,3490.0,1311.33333333333,29,4.9815635950793,65806.4550909976,0.5334476843910806,10,True,0.437535734705546,0.1,15.409523809523611,0,2020-08-05 00:24:34.285714285,1.20833333333333
51175_2020-08-04 09:00:00,51175,2020211N13306,2020-08-04 09:00:00,2020-08-06 04:00:00,43.0,2020,8,17932,6766.5,1311.33333333333,43,10.8033265351326,193725.251427997,0.4520754716981132,42,True,0.33372562205783457,0.1,42.14107883817417,0,2020-08-06 03:08:27.883817427,1.79166666666667
37117_2020-08-04 09:00:00,37117,2020211N13306,2020-08-04 09:00:00,2020-08-05 22:00:00,37.0,2020,8,21508,11301.0,1311.33333333333,37,9.79641706424322,210701.338217743,0.759870287798946,30,True,0.6440210782326713,0.1,31.8925925925925,0,2020-08-05 16:53:33.333333333,1.54166666666667
51550_2020-08-04 10:00:00,51550,2020211N13306,2020-08-04 10:00:00,2020-08-05 20:00:00,34.0,2020,8,252488,103433.0,1311.375,34,7.39831581796912,1867985.96424739,0.5514681001227848,19,True,0.5282743418444791,0.1,23.211981132075277,0,2020-08-05 09:12:43.132075471,1.41666666666667
37053_2020-08-04 10:00:00,37053,2020211N13306,2020-08-04 10:00:00,2020-08-05 22:00:00,36.0,2020,8,31015,18811.0,1311.375,36,4.99509052316047,154922.732575822,0.40171167339995745,12,True,0.2505847331490538,0.1,25.34999999999972,0,2020-08-05 11:20:59.999999999,1.5
37029_2020-08-04 10:00:00,37029,2020211N13306,2020-08-04 10:00:00,2020-08-05 18:00:00,32.0,2020,8,11088,3620.0,1311.375,32,6.98563535911602,77456.7248618785,0.780939226519337,12,True,0.7111187845303867,0.1,21.55063291139222,0,2020-08-05 07:33:02.278481012,1.33333333333333
51700_2020-08-04 10:00:00,51700,2020211N13306,2020-08-04 10:00:00,2020-08-08 00:00:00,86.0,2020,8,184306,83506.0,1311.375,86,9.18295691327569,1692474.05685819,0.3899480276866333,30,True,0.3696381098364189,0.1,35.75363790186111,0,2020-08-05 21:45:13.096446700,3.58333333333333
51093_2020-08-04 10:00:00,51093,2020211N13306,2020-08-04 10:00:00,2020-08-05 23:00:00,37.0,2020,8,40151,14623.0,1311.375,37,4.89385758568091,196493.275922674,0.2717069476003581,12,True,0.22415404748551132,0.1,26.9775780371475,0,2020-08-05 12:58:39.280933731,1.54166666666667
37073_2020-08-04 11:00:00,37073,2020211N13306,2020-08-04 11:00:00,2020-08-06 00:00:00,37.0,2020,8,10383,4278.5,1311.41666666667,37,11.9562318449461,124141.555246076,0.8934210526315789,14,True,0.8881368678322993,0.1,25.59999999999972,0,2020-08-05 12:35:59.999999999,1.54166666666667
37091_2020-08-04 11:00:00,37091,2020211N13306,2020-08-04 11:00:00,2020-08-05 18:00:00,31.0,2020,8,20875,9617.5,1311.41666666667,31,6.16817378650868,128760.627793369,0.5157468038665419,12,True,0.5044693898763122,0.1,15.365579710144722,0,2020-08-05 02:21:56.086956521,1.29166666666667
37041_2020-08-04 11:00:00,37041,2020211N13306,2020-08-04 11:00:00,2020-08-06 02:00:00,39.0,2020,8,13940,3472.0,1311.41666666667,39,15.6036011061741,217514.199420067,0.9400397840295539,20,True,0.9380760368663594,0.1,38.26372007366472,0,2020-08-06 01:15:49.392265193,1.625
51650_2020-08-04 11:00:00,51650,2020211N13306,2020-08-04 11:00:00,2020-08-06 02:00:00,39.0,2020,8,138037,64287.0,1311.41666666667,39,8.16997215611243,1127758.44651329,0.36959260814783707,30,True,0.3365532689346213,0.1,33.69729011689667,0,2020-08-05 20:41:50.244420828,1.625
51095_2020-08-04 11:00:00,51095,2020211N13306,2020-08-04 11:00:00,2020-08-05 21:00:00,34.0,2020,8,81199,38466.0,1311.41666666667,34,1.81435553475797,147323.855066812,0.24179795143763325,7,True,0.18803618780221495,0.1,9.403297374312778,0,2020-08-04 20:24:11.870547526,1.41666666666667
51073_2020-08-04 11:00:00,51073,2020211N13306,2020-08-04 11:00:00,2020-08-06 14:00:00,51.0,2020,8,39493,19518.0,1311.41666666667,51,6.98432216415616,275831.835229019,0.3707859411824982,22,True,0.35674761758376883,0.1,29.3779967159275,0,2020-08-05 16:22:40.788177339,2.125
51119_2020-08-04 11:00:00,51119,2020211N13306,2020-08-04 11:00:00,2020-08-07 01:00:00,62.0,2020,8,10943,10238.5,1311.41666666667,62,4.88205428627221,53424.3200546768,0.43223979691466513,9,True,0.2837336457723101,0.1,23.824516129032222,0,2020-08-05 10:49:28.258064516,2.58333333333333
51127_2020-08-04 11:00:00,51127,2020211N13306,2020-08-04 11:00:00,2020-08-06 01:00:00,38.0,2020,8,24986,10707.0,1311.41666666667,38,2.62949472307836,65700.5551508359,0.24992995236760998,9,True,0.24815541234706268,0.1,11.542872928176667,0,2020-08-04 22:32:34.342541436,1.58333333333333
51133_2020-08-04 12:00:00,51133,2020211N13306,2020-08-04 12:00:00,2020-08-06 06:00:00,42.0,2020,8,12302,12341.0,1311.45833333333,42,7.66510007292764,94296.0610971558,0.5258893120492667,13,True,0.37128271614942066,0.1,29.39307479224361,0,2020-08-05 17:23:35.069252077,1.75
51810_2020-08-04 12:00:00,51810,2020211N13306,2020-08-04 12:00:00,2020-08-05 19:00:00,31.0,2020,8,455618,199697.0,1311.45833333333,31,5.80199001487253,2643491.08659619,0.3754037366610415,18,True,0.3601055599232838,0.1,26.712179487179444,0,2020-08-05 14:42:43.846153846,1.29166666666667
51115_2020-08-04 12:00:00,51115,2020211N13306,2020-08-04 12:00:00,2020-08-05 22:00:00,34.0,2020,8,8490,6685.0,1311.45833333333,34,8.58175018698579,72859.0590875094,0.7331338818249813,18,True,0.7331338818249813,0.1,29.748730964466944,0,2020-08-05 17:44:55.431472081,1.41666666666667
51103_2020-08-04 12:00:00,51103,2020211N13306,2020-08-04 12:00:00,2020-08-05 23:00:00,35.0,2020,8,10750,9733.0,1311.45833333333,35,6.27196136854002,67423.5847118052,0.4121031542176102,15,True,0.38754751875064214,0.1,28.69569892473111,0,2020-08-05 16:41:44.516129032,1.45833333333333
51131_2020-08-04 12:00:00,51131,2020211N13306,2020-08-04 12:00:00,2020-08-05 16:00:00,28.0,2020,8,11900,9271.33333333333,1311.45833333333,28,5.0653354323058,60277.4916444391,0.31720899759772875,15,True,0.28812852075944084,0.1,21.59999999999972,0,2020-08-05 09:35:59.999999999,1.16666666666667
51740_2020-08-04 12:00:00,51740,2020211N13306,2020-08-04 12:00:00,2020-08-06 07:00:00,43.0,2020,8,97029,44936.0,1311.45833333333,43,8.71724230016023,845825.303142247,0.33075930211856863,30,True,0.3283781377959765,0.1,35.292832764505,0,2020-08-05 23:17:34.197952218,1.79166666666667
51735_2020-08-04 13:00:00,51735,2020211N13306,2020-08-04 13:00:00,2020-08-05 22:00:00,33.0,2020,8,12582,5448.0,1311.5,33,7.16244493392071,90117.8821585903,0.5794787077826725,12,True,0.577826725403818,0.1,11.799248120300556,0,2020-08-05 00:47:57.293233082,1.375
34011_2020-08-04 16:00:00,34011,2020211N13306,2020-08-04 16:00:00,2020-08-06 20:00:00,52.0,2020,8,151356,36195.0,1311.625,52,12.1643817808863,1841152.16882783,0.6305843348528802,24,True,0.6163005940046968,0.1,28.73862959285,0,2020-08-05 20:44:19.066534260,2.16666666666667
34009_2020-08-04 16:00:00,34009,2020211N13306,2020-08-04 16:00:00,2020-08-06 19:00:00,51.0,2020,8,95634,111138.0,1311.625,51,5.68442116844183,543623.934022766,0.23757850600154762,14,True,0.2143731217045475,0.1,28.212740141556946,0,2020-08-05 20:12:45.864509605,2.125
34021_2020-08-04 17:00:00,34021,2020211N13306,2020-08-04 17:00:00,2020-08-06 21:00:00,52.0,2020,8,380688,168215.0,1311.66666666667,52,9.00969592485807,3429883.12224237,0.3016258954314419,27,True,0.2995452248610409,0.1,48.294950738916114,0,2020-08-06 17:17:41.822660098,2.16666666666667
42017_2020-08-04 17:00:00,42017,2020211N13306,2020-08-04 17:00:00,2020-08-08 06:00:00,85.0,2020,8,645054,266453.0,1311.66666666667,85,7.45419192704291,4808356.31930673,0.40287254085132895,22,True,0.3795401832961787,0.1,26.364673581451946,0,2020-08-05 19:21:52.824893227,3.54166666666667
34029_2020-08-04 17:00:00,34029,2020211N13306,2020-08-04 17:00:00,2020-08-07 17:00:00,72.0,2020,8,655735,307607.0,1311.66666666667,72,18.6170303566003,12207838.4008853,0.6993956574460269,37,True,0.6837945820478728,0.1,49.531945416375,0,2020-08-06 18:31:55.003498950,3.0
34001_2020-08-04 17:00:00,34001,2020211N13306,2020-08-04 17:00:00,2020-08-07 03:00:00,58.0,2020,8,275638,136169.0,1311.66666666667,58,10.0284807482064,2764230.37647412,0.4225925137145753,22,True,0.4026246796260529,0.1,33.573092545336664,0,2020-08-06 02:34:23.133163212,2.41666666666667
42029_2020-08-04 17:00:00,42029,2020211N13306,2020-08-04 17:00:00,2020-08-08 08:00:00,87.0,2020,8,545823,226585.0,1311.66666666667,87,13.0793840300012,7139028.62940736,0.48196269848975665,34,True,0.4806232512158739,0.1,37.46531165311639,0,2020-08-06 06:27:55.121951219,3.625
34033_2020-08-04 17:00:00,34033,2020211N13306,2020-08-04 17:00:00,2020-08-05 18:00:00,25.0,2020,8,65117,30507.0,1311.66666666667,25,3.27781265782622,213441.32683967,0.2589060400485039,6,True,0.2438468849342903,0.1,15.205555555555279,0,2020-08-05 08:12:19.999999999,1.04166666666667
34039_2020-08-04 18:00:00,34039,2020211N13306,2020-08-04 18:00:00,2020-08-08 00:00:00,78.0,2020,8,569815,233534.0,1311.70833333333,78,10.4553864137242,5957636.00933626,0.31039754042203344,30,True,0.3055117840504248,0.1,40.497550111358336,0,2020-08-06 10:29:51.180400890,3.25
36085_2020-08-04 18:00:00,36085,2020211N13306,2020-08-04 18:00:00,2020-08-07 19:00:00,73.0,2020,8,491133,180781.0,1311.70833333333,73,7.09028050514158,3482270.7353317,0.20918127458084643,9,True,0.20078437446413064,0.1,24.022790697674168,0,2020-08-05 18:01:22.046511627,3.04166666666667
34027_2020-08-04 18:00:00,34027,2020211N13306,2020-08-04 18:00:00,2020-08-09 03:00:00,105.0,2020,8,511151,203598.0,1311.70833333333,105,38.9865753728222,19928026.9883934,0.6427126003202389,93,True,0.6365190227801845,0.1,98.79765051395,0,2020-08-08 20:47:51.541850220,4.375
34025_2020-08-04 18:00:00,34025,2020211N13306,2020-08-04 18:00:00,2020-08-08 23:00:00,101.0,2020,8,644098,293049.0,1311.70833333333,101,34.5964442319057,22283500.536882,0.6921856338508787,78,True,0.6814332025251664,0.1,90.1341991341989,0,2020-08-08 12:08:03.116883116,4.20833333333333
34019_2020-08-04 18:00:00,34019,2020211N13306,2020-08-04 18:00:00,2020-08-08 09:00:00,87.0,2020,8,129777,60747.0,1311.70833333333,87,19.5325201244506,2534871.86419082,0.457948540668675,55,True,0.4411411263107643,0.1,73.42481927710833,0,2020-08-07 19:25:29.349397590,3.625
34037_2020-08-04 18:00:00,34037,2020211N13306,2020-08-04 18:00:00,2020-08-08 19:00:00,97.0,2020,8,146084,72405.0,1311.70833333333,97,18.8154606281469,2748637.75040222,0.37752603433717985,52,True,0.359541232761047,0.1,68.61808510638278,0,2020-08-07 14:37:05.106382978,4.04166666666667
34023_2020-08-04 18:00:00,34023,2020211N13306,2020-08-04 18:00:00,2020-08-06 20:00:00,50.0,2020,8,861418,344712.0,1311.70833333333,50,8.08346967903641,6963246.28397619,0.2897781336303929,28,True,0.2786180927847014,0.1,32.53398890569834,0,2020-08-06 02:32:02.360060514,2.08333333333333
34041_2020-08-04 18:00:00,34041,2020211N13306,2020-08-04 18:00:00,2020-08-07 19:00:00,73.0,2020,8,110926,51931.0,1311.70833333333,73,11.0912358851859,1230306.43180014,0.32806423042858796,35,True,0.3236743809927221,0.1,69.23935926773444,0,2020-08-07 15:14:21.693363844,3.04166666666667
34035_2020-08-04 18:00:00,34035,2020211N13306,2020-08-04 18:00:00,2020-08-08 08:00:00,86.0,2020,8,346875,150931.0,1311.70833333333,86,11.6057500785358,4025744.55849211,0.24473935282113798,45,True,0.22714202422282884,0.1,53.457967795668885,0,2020-08-06 23:27:28.684064408,3.58333333333333
34031_2020-08-04 19:00:00,34031,2020211N13306,2020-08-04 19:00:00,2020-08-08 21:00:00,98.0,2020,8,513936,203351.0,1311.75,98,13.8537741504039,7119953.27176197,0.26402624034305217,40,True,0.2565957384030568,0.1,70.8212602739725,0,2020-08-07 17:49:16.536986301,4.08333333333333
36027_2020-08-04 19:00:00,36027,2020211N13306,2020-08-04 19:00:00,2020-08-08 07:00:00,84.0,2020,8,297545,136537.0,1311.75,84,18.2171352820115,5420417.5174861,0.4762225623823579,51,True,0.43082827365476023,0.1,70.72492581602361,0,2020-08-07 17:43:29.732937685,3.5
34003_2020-08-04 19:00:00,34003,2020211N13306,2020-08-04 19:00:00,2020-08-08 23:00:00,100.0,2020,8,952997,411460.0,1311.75,100,17.4185372234242,16599813.7183116,0.3426675740047635,51,True,0.33031157342147477,0.1,73.55096952908583,0,2020-08-07 20:33:03.490304709,4.16666666666667
34013_2020-08-04 19:00:00,34013,2020211N13306,2020-08-04 19:00:00,2020-08-08 07:00:00,84.0,2020,8,849477,365572.0,1311.75,84,8.80995809307059,7483856.77102732,0.23271475933605418,12,True,0.22640683640979067,0.1,31.447523219814165,0,2020-08-06 02:26:51.083591331,3.5
36087_2020-08-04 19:00:00,36087,2020211N13306,2020-08-04 19:00:00,2020-08-08 09:00:00,86.0,2020,8,339022,117172.0,1311.75,86,21.8192418536458,7397203.0117067,0.5113252312839245,53,True,0.5048390400436964,0.1,72.45766016713084,0,2020-08-07 19:27:27.576601671,3.58333333333333
36071_2020-08-04 19:00:00,36071,2020211N13306,2020-08-04 19:00:00,2020-08-07 19:00:00,72.0,2020,8,405941,162449.0,1311.75,72,15.5414290977582,6308903.26937304,0.41169844074140194,49,True,0.38642281577602816,0.1,53.558688066992225,0,2020-08-07 00:33:31.277041172,3.0
36059_2020-08-04 20:00:00,36059,2020211N13306,2020-08-04 20:00:00,2020-08-10 15:00:00,139.0,2020,8,1383726,488488.0,1311.79166666667,139,25.1955738355529,34863770.6011743,0.289890437431421,93,True,0.2839824110315914,0.1,107.79343780607222,0,2020-08-09 07:47:36.376101860,5.79166666666667
36119_2020-08-04 20:00:00,36119,2020211N13306,2020-08-04 20:00:00,2020-08-10 08:00:00,132.0,2020,8,990427,393323.0,1311.79166666667,132,25.4729420857667,25229089.6111796,0.3162286466847858,79,True,0.31489640829547216,0.1,100.98520102651834,0,2020-08-09 00:59:06.723695466,5.5
25003_2020-08-04 21:00:00,25003,2020211N13306,2020-08-04 21:00:00,2020-08-06 08:00:00,35.0,2020,8,127859,76758.0,1311.83333333333,35,4.39396544985539,561808.02845306,0.26410276453268716,11,True,0.23747361838505432,0.1,20.080794701986665,0,2020-08-05 17:04:50.860927152,1.45833333333333
36105_2020-08-04 21:00:00,36105,2020211N13306,2020-08-04 21:00:00,2020-08-06 21:00:00,48.0,2020,8,79658,57519.0,1311.83333333333,48,5.86407495709415,467120.482932206,0.21990994280150908,13,True,0.21834524244162798,0.1,28.17278382581639,0,2020-08-06 01:10:22.021772939,2.0
25013_2020-08-04 22:00:00,25013,2020211N13306,2020-08-04 22:00:00,2020-08-07 19:00:00,69.0,2020,8,461041,144083.0,1311.875,69,12.1191674243318,5587433.06848136,0.3193853542749665,43,True,0.31594289402635983,0.1,49.358137317228056,0,2020-08-06 23:21:29.294342021,2.875
25027_2020-08-04 23:00:00,25027,2020211N13306,2020-08-04 23:00:00,2020-08-06 02:00:00,27.0,2020,8,862927,326969.0,1311.91666666667,27,3.82703559052999,3302452.34102927,0.2097905306007603,13,True,0.2072581804391242,0.1,19.844803921568612,0,2020-08-05 18:50:41.294117647,1.125
33019_2020-08-04 23:00:00,33019,2020211N13306,2020-08-04 23:00:00,2020-08-07 23:00:00,72.0,2020,8,43958,25459.0,1311.91666666667,72,4.41856733260264,194231.382806547,0.23638220162588855,15,True,0.2315516631975808,0.1,18.241691193321945,0,2020-08-05 17:14:30.088295959,3.0
25015_2020-08-04 23:00:00,25015,2020211N13306,2020-08-04 23:00:00,2020-08-06 16:00:00,41.0,2020,8,162588,64304.0,1311.91666666667,41,4.57425665588455,743719.241166957,0.2087583976113461,9,True,0.2052904951480468,0.1,25.00269636576778,0,2020-08-06 00:00:09.706916764,1.70833333333333
33009_2020-08-05 00:00:00,33009,2020211N13306,2020-08-05 00:00:00,2020-08-06 05:00:00,29.0,2020,8,91126,53943.3333333333,1311.95833333333,29,3.85249265648417,351062.245814776,0.24473161033797217,12,True,0.23074872013651876,0.1,16.350961761487778,0,2020-08-05 16:21:03.462341356,1.20833333333333
33003_2020-08-05 01:00:00,33003,2020211N13306,2020-08-05 01:00:00,2020-08-06 17:00:00,40.0,2020,8,52199,43397.0,1312.0,40,5.30537338620065,276935.185386288,0.2661232760010131,17,True,0.2542904594943717,0.1,22.612037794915,0,2020-08-05 23:36:43.336061694,1.66666666666667
23017_2020-08-05 01:00:00,23017,2020211N13306,2020-08-05 01:00:00,2020-08-06 03:00:00,26.0,2020,8,59495,41262.0,1312.0,26,4.1444185933789,246572.184213077,0.20265619698511947,19,True,0.19800300518637,0.1,21.1336870026525,0,2020-08-05 22:08:01.273209549,1.08333333333333
36103_2020-08-05 02:00:00,36103,2020211N13306,2020-08-05 02:00:00,2020-08-09 23:00:00,117.0,2020,8,1525465,637959.0,1312.04166666667,117,21.310960050126,32509123.6728655,0.30939762586623903,76,True,0.2993327157387857,0.1,94.11260005163945,0,2020-08-09 00:06:45.360185902,4.875
22125_2020-08-26 23:00:00,22125,2020233N14313,2020-08-26 23:00:00,2020-08-28 03:00:00,28.0,2020,8,15381,6388.0,1333.91666666667,28,3.55363389591053,54658.4429529999,0.41969317470256734,9,True,0.3368816530995617,0.1,23.7624401913875,0,2020-08-27 22:45:44.784688995,1.16666666666667
22085_2020-08-27 00:00:00,22085,2020233N14313,2020-08-27 00:00:00,2020-09-07 23:00:00,287.0,2020,8,21985,15378.0,1333.95833333333,287,157.241926027814,3456963.7437215,0.981857198595396,237,True,0.981857198595396,0.1,265.18839732888136,0,2020-09-07 01:11:18.230383973,11.9583333333333
22113_2020-08-27 05:00:00,22113,2020233N14313,2020-08-27 05:00:00,2020-08-30 03:00:00,70.0,2020,8,56952,23013.0,1334.16666666667,70,31.5272509320219,1795539.99508051,0.8246925383512234,63,True,0.8127851896918865,0.1,64.579357798165,0,2020-08-29 21:34:45.688073394,2.91666666666667
22077_2020-08-27 05:00:00,22077,2020233N14313,2020-08-27 05:00:00,2020-08-28 22:00:00,41.0,2020,8,20151,5078.0,1334.16666666667,41,4.42674281213076,89203.2944072469,0.3879480110279638,13,True,0.3341866876723119,0.1,16.520754716981113,0,2020-08-27 21:31:14.716981132,1.70833333333333
22019_2020-08-27 05:00:00,22019,2020233N14313,2020-08-27 05:00:00,2020-09-24 23:00:00,690.0,2020,8,202418,104854.0,1334.16666666667,690,451.662331760696,91424585.8703366,0.9822062020826181,594,True,0.9820822367166342,0.1,622.9495384615383,0,2020-09-22 03:56:58.338461538,28.75
22023_2020-08-27 05:00:00,22023,2020233N14313,2020-08-27 05:00:00,2020-09-22 01:00:00,620.0,2020,8,4902,2040.5,1334.16666666667,620,514.150155998121,2520364.06470279,1.0,578,True,1.0,0.1,618.1720430107525,0,2020-09-21 23:10:19.354838709,25.8333333333333
22011_2020-08-27 06:00:00,22011,2020233N14313,2020-08-27 06:00:00,2020-09-29 21:00:00,807.0,2020,8,36570,22189.0,1334.20833333333,807,335.217536540899,12258905.3113007,0.9065302627428005,535,True,0.9065302627428005,0.1,637.6889298892988,0,2020-09-22 19:41:20.147601476,33.625
22003_2020-08-27 06:00:00,22003,2020233N14313,2020-08-27 06:00:00,2020-09-23 20:00:00,662.0,2020,8,22320,12728.0,1334.20833333333,662,231.135772613878,5158950.44474177,0.90901948460088,455,True,0.90901948460088,0.1,518.7449115044247,0,2020-09-17 20:44:41.681415929,27.5833333333333
22053_2020-08-27 06:00:00,22053,2020233N14313,2020-08-27 06:00:00,2020-09-12 18:00:00,396.0,2020,8,32026,12516.0,1334.20833333333,396,137.260247469913,4395896.68547143,0.9463886225631192,260,True,0.9447906679450304,0.1,259.95442247658667,0,2020-09-07 01:57:15.920915712,16.5
22001_2020-08-27 06:00:00,22001,2020233N14313,2020-08-27 06:00:00,2020-08-30 01:00:00,67.0,2020,8,56744,28222.0,1334.20833333333,67,31.4438861450303,1784251.8754136,0.8613089543247936,64,True,0.8351936501187059,0.1,65.42203672787973,0,2020-08-29 23:25:19.332220367,2.79166666666667
22039_2020-08-27 07:00:00,22039,2020233N14313,2020-08-27 07:00:00,2020-08-31 01:00:00,90.0,2020,8,31986,18128.0,1334.25,90,25.5320845668923,816669.256956616,0.7790158870255958,57,True,0.776202559576346,0.1,65.1402730375425,0,2020-08-30 00:08:24.982935153,3.75
48361_2020-08-27 07:00:00,48361,2020233N14313,2020-08-27 07:00:00,2020-09-05 18:00:00,227.0,2020,8,84934,40914.0,1334.25,227,131.915158120349,11204082.0397937,0.9461064672239331,186,True,0.9461064672239331,0.1,211.25656565656556,0,2020-09-05 02:15:23.636363636,9.45833333333333
22045_2020-08-27 07:00:00,22045,2020233N14313,2020-08-27 07:00:00,2020-08-29 15:00:00,56.0,2020,8,68327,34795.0,1334.25,56,12.6277553574616,862816.640309281,0.5781290415289553,37,True,0.5598505532404081,0.1,41.50443131462333,0,2020-08-29 00:30:15.952732644,2.33333333333333
22055_2020-08-27 07:00:00,22055,2020233N14313,2020-08-27 07:00:00,2020-08-29 02:00:00,43.0,2020,8,247866,57033.0,1334.25,43,10.081138667115,2498771.51686312,0.6223414514403942,20,True,0.587011028702681,0.1,27.73386581469639,0,2020-08-28 10:44:01.916932907,1.79166666666667
48245_2020-08-27 07:00:00,48245,2020233N14313,2020-08-27 07:00:00,2020-09-02 03:00:00,140.0,2020,8,250830,117219.0,1334.25,140,45.3042462354069,11363664.0832271,0.7709671640263097,114,True,0.7614123990138117,0.1,115.08469241773945,0,2020-09-01 02:05:04.892703862,5.83333333333333
22097_2020-08-27 08:00:00,22097,2020233N14313,2020-08-27 08:00:00,2020-08-29 03:00:00,43.0,2020,8,81773,46265.0,1334.29166666667,43,8.74351882515224,714983.764889174,0.47748838214633094,18,True,0.4155625202636983,0.1,38.66211878009611,0,2020-08-28 22:39:43.627608346,1.79166666666667
22115_2020-08-27 09:00:00,22115,2020233N14313,2020-08-27 09:00:00,2020-09-15 21:00:00,468.0,2020,8,47247,19207.0,1334.33333333333,468,207.379692273512,9798068.32084662,0.9151954359725541,327,True,0.9151954359725541,0.1,391.09177643289416,0,2020-09-12 16:05:30.395158419,19.5
22043_2020-08-27 09:00:00,22043,2020233N14313,2020-08-27 09:00:00,2020-09-09 15:00:00,318.0,2020,8,22000,10602.0,1334.33333333333,318,191.559863733494,4214317.00213687,0.9692510847009999,279,True,0.9692510847009999,0.1,300.5277777777775,0,2020-09-08 21:31:39.999999999,13.25
48199_2020-08-27 09:00:00,48199,2020233N14313,2020-08-27 09:00:00,2020-08-28 22:00:00,37.0,2020,8,57811,28817.0,1334.33333333333,37,8.59381307264405,496816.927542625,0.452753582954506,30,True,0.3815803171738904,0.1,33.13578076525334,0,2020-08-28 18:08:08.810754912,1.54166666666667
22099_2020-08-27 09:00:00,22099,2020233N14313,2020-08-27 09:00:00,2020-08-29 01:00:00,40.0,2020,8,51236,25148.0,1334.33333333333,40,7.99627858479869,409697.329570746,0.47081278829330364,16,True,0.4443295689518053,0.1,31.0988290398125,0,2020-08-28 16:05:55.784543325,1.66666666666667
22079_2020-08-27 09:00:00,22079,2020233N14313,2020-08-27 09:00:00,2020-09-11 01:00:00,352.0,2020,8,127189,44052.0,1334.33333333333,352,135.463326782932,17229445.0701943,0.9561881412875692,231,True,0.9532370834468356,0.1,255.34594594594583,0,2020-09-07 00:20:45.405405405,14.6666666666667
22069_2020-08-27 10:00:00,22069,2020233N14313,2020-08-27 10:00:00,2020-09-11 10:00:00,360.0,2020,8,36663,13174.0,1334.375,360,174.933139528627,6413573.69453804,0.9880094103361918,256,True,0.9880094103361918,0.1,358.8461672473867,0,2020-09-11 08:50:46.202090592,15.0
48457_2020-08-27 10:00:00,48457,2020233N14313,2020-08-27 10:00:00,2020-08-28 23:00:00,37.0,2020,8,20030,12950.0,1334.375,37,11.5284455539537,230914.764445693,0.6011583011583012,32,True,0.5258687258687259,0.1,35.89584295612,0,2020-08-28 21:53:45.034642032,1.54166666666667
22009_2020-08-27 10:00:00,22009,2020233N14313,2020-08-27 10:00:00,2020-08-31 18:00:00,104.0,2020,8,38751,21759.0,1334.375,104,25.0843527277555,972043.752553252,0.8036674479525714,40,True,0.7661197665333885,0.1,62.91749999999972,0,2020-08-30 00:55:02.999999999,4.33333333333333
22081_2020-08-27 12:00:00,22081,2020233N14313,2020-08-27 12:00:00,2020-09-01 19:00:00,127.0,2020,8,7420,5064.0,1334.45833333333,127,57.774689736902,428688.197847813,0.7871248025276462,101,True,0.7851500789889415,0.1,125.19799331103667,0,2020-09-01 17:11:52.775919732,5.29166666666667
22127_2020-08-27 12:00:00,22127,2020233N14313,2020-08-27 12:00:00,2020-09-08 03:00:00,279.0,2020,8,13205,5371.0,1334.45833333333,279,183.520882085813,2423393.24794316,0.9655493482309124,230,True,0.9655493482309124,0.1,245.1207547169811,0,2020-09-06 17:07:14.716981132,11.625
22031_2020-08-27 13:00:00,22031,2020233N14313,2020-08-27 13:00:00,2020-09-02 21:00:00,152.0,2020,8,26853,14594.0,1334.5,152,29.9514375284708,804285.951952027,0.5269288748800877,96,True,0.5201452651774702,0.1,98.74514767932472,0,2020-08-31 15:44:42.531645569,6.33333333333333
22059_2020-08-27 13:00:00,22059,2020233N14313,2020-08-27 13:00:00,2020-09-05 00:00:00,203.0,2020,8,14729,5841.0,1334.5,203,110.663546380593,1629963.37463976,0.9044684129429892,174,True,0.9044684129429892,0.1,180.41052631578944,0,2020-09-04 01:24:37.894736842,8.45833333333333
22049_2020-08-27 13:00:00,22049,2020233N14313,2020-08-27 13:00:00,2020-09-05 00:00:00,203.0,2020,8,14839,9020.0,1334.5,203,99.3322284610464,1473990.93813347,0.948594963766227,159,True,0.9393872113676732,0.1,179.60923076923055,0,2020-09-04 00:36:33.230769230,8.45833333333333
28001_2020-08-27 14:00:00,28001,2020233N14313,2020-08-27 14:00:00,2020-08-28 19:00:00,29.0,2020,8,28408,17235.8,1334.54166666667,29,3.41250544614117,96942.4547139783,0.2643458079489411,8,True,0.2463011314186249,0.1,11.707739307535556,0,2020-08-28 01:42:27.861507128,1.20833333333333
22027_2020-08-27 14:00:00,22027,2020233N14313,2020-08-27 14:00:00,2020-09-05 05:00:00,207.0,2020,8,13744,9099.0,1334.54166666667,207,40.0365808878857,550262.767723102,0.857566765578635,110,True,0.8234970875920431,0.1,153.3817204301075,0,2020-09-02 23:22:54.193548387,8.625
22073_2020-08-27 14:00:00,22073,2020233N14313,2020-08-27 14:00:00,2020-09-03 03:00:00,157.0,2020,8,157702,80269.0,1334.54166666667,157,63.9625623041135,10087024.0004833,0.7697367601440157,127,True,0.7557338449463679,0.1,131.83361045130638,0,2020-09-02 01:50:00.997624703,6.54166666666667
28157_2020-08-27 14:00:00,28157,2020233N14313,2020-08-27 14:00:00,2020-08-29 02:00:00,36.0,2020,8,8143,5991.0,1334.54166666667,36,7.63610275633877,62180.7847448666,0.4545151059923218,31,True,0.3660490736104156,0.1,32.46666666666639,0,2020-08-28 22:27:59.999999999,1.5
22021_2020-08-27 14:00:00,22021,2020233N14313,2020-08-27 14:00:00,2020-09-03 03:00:00,157.0,2020,8,9554,6198.0,1334.54166666667,157,81.1712354153964,775509.983158697,0.9961309044010962,131,True,0.9932290827019185,0.1,149.72420382165583,0,2020-09-02 19:43:27.133757961,6.54166666666667
22013_2020-08-27 14:00:00,22013,2020233N14313,2020-08-27 14:00:00,2020-09-05 06:00:00,208.0,2020,8,12641,9079.0,1334.54166666667,208,47.7526819670311,603641.65274524,0.7359490171990172,94,True,0.638396299151889,0.1,154.53124999999972,0,2020-09-03 00:31:52.499999999,8.66666666666667
48419_2020-08-27 14:00:00,48419,2020233N14313,2020-08-27 14:00:00,2020-08-30 19:00:00,77.0,2020,8,24008,4069.0,1334.54166666667,77,21.8710032389991,525079.045761889,0.8269230769230769,51,True,0.6872640855499053,0.1,54.23308823529389,0,2020-08-29 20:13:59.117647058,3.20833333333333
22061_2020-08-27 14:00:00,22061,2020233N14313,2020-08-27 14:00:00,2020-09-04 19:00:00,197.0,2020,8,48129,13256.0,1334.54166666667,197,87.1507867828236,4194480.21707052,0.9168678334339168,145,True,0.8980838865419433,0.1,153.71731809981944,0,2020-09-02 23:43:02.345159350,8.20833333333333
22029_2020-08-27 14:00:00,22029,2020233N14313,2020-08-27 14:00:00,2020-08-30 01:00:00,59.0,2020,8,18116,5223.0,1334.54166666667,59,3.35807189147822,60834.8303860194,0.360137851809305,9,True,0.32586636032931265,0.1,10.989166666666666,0,2020-08-28 00:59:21.000000000,2.45833333333333
22111_2020-08-27 14:00:00,22111,2020233N14313,2020-08-27 14:00:00,2020-09-07 19:00:00,269.0,2020,8,20721,13695.0,1334.54166666667,269,106.740014961586,2211759.85001903,0.9693318729463308,160,True,0.948302300109529,0.1,195.96084869916638,0,2020-09-04 17:57:39.055316999,11.2083333333333
22017_2020-08-27 14:00:00,22017,2020233N14313,2020-08-27 14:00:00,2020-08-31 22:00:00,104.0,2020,8,229025,114680.0,1334.54166666667,104,23.2205223484322,5318080.13084968,0.4063306592256714,77,True,0.39596267875828395,0.1,83.83106060606056,0,2020-08-31 01:49:51.818181818,4.33333333333333
22041_2020-08-27 15:00:00,22041,2020233N14313,2020-08-27 15:00:00,2020-08-29 15:00:00,48.0,2020,8,19308,7295.0,1334.58333333333,48,7.70239890335846,148717.918026045,0.5163810829335161,24,True,0.45387251542152157,0.1,31.758706467661668,0,2020-08-28 22:45:31.343283582,2.0
22083_2020-08-27 15:00:00,22083,2020233N14313,2020-08-27 15:00:00,2020-08-30 22:00:00,79.0,2020,8,19826,9035.0,1334.58333333333,79,18.8512239765709,373744.366559496,0.48732706142778087,53,True,0.47946873270614276,0.1,61.47345132743361,0,2020-08-30 04:28:24.424778761,3.29166666666667
22119_2020-08-27 15:00:00,22119,2020233N14313,2020-08-27 15:00:00,2020-08-31 02:00:00,83.0,2020,8,35643,16440.0,1334.58333333333,83,15.1763471407081,540930.541136259,0.46478102189781023,37,True,0.38838199513381993,0.1,56.418181818181665,0,2020-08-29 23:25:05.454545454,3.45833333333333
22107_2020-08-27 15:00:00,22107,2020233N14313,2020-08-27 15:00:00,2020-08-29 02:00:00,35.0,2020,8,3846,3679.0,1334.58333333333,35,5.75971731448763,22151.8727915194,0.40038053818972547,23,True,0.33460179396575157,0.1,26.565858585858333,0,2020-08-28 17:33:57.090909090,1.45833333333333
22015_2020-08-27 15:00:00,22015,2020233N14313,2020-08-27 15:00:00,2020-08-31 02:00:00,83.0,2020,8,129276,59078.0,1334.58333333333,83,19.4876166004522,2519281.12364006,0.47609052592379436,55,True,0.45220644243952807,0.1,72.138095238095,0,2020-08-30 15:08:17.142857142,3.45833333333333
22067_2020-08-27 16:00:00,22067,2020233N14313,2020-08-27 16:00:00,2020-09-01 02:00:00,106.0,2020,8,24446,12864.0,1334.625,106,27.3856977858377,669470.768072589,0.5824782338308457,78,True,0.5506840796019901,0.1,82.75233644859806,0,2020-08-31 02:45:08.411214953,4.41666666666667
48365_2020-08-27 16:00:00,48365,2020233N14313,2020-08-27 16:00:00,2020-08-29 01:00:00,33.0,2020,8,22677,11208.0,1334.625,33,4.10710929685117,93136.917524694,0.6599750178443968,6,True,0.2460296216987866,0.1,26.918422841604166,0,2020-08-28 18:55:06.322229775,1.375
05103_2020-08-27 17:00:00,05103,2020233N14313,2020-08-27 17:00:00,2020-08-30 02:00:00,57.0,2020,8,22049,15298.0,1334.66666666667,57,12.1599790344443,268115.377730463,0.4520852399006406,35,True,0.42512093084063274,0.1,53.02846975088944,0,2020-08-29 22:01:42.491103202,2.375
05139_2020-08-27 17:00:00,05139,2020233N14313,2020-08-27 17:00:00,2020-08-31 02:00:00,81.0,2020,8,37752,23959.0,1334.66666666667,81,17.1621792103342,647906.589548536,0.32960474143328183,57,True,0.3255978964063609,0.1,70.83891213389111,0,2020-08-30 15:50:20.083682008,3.375
05027_2020-08-27 17:00:00,05027,2020233N14313,2020-08-27 17:00:00,2020-08-30 01:00:00,56.0,2020,8,22216,17594.0,1334.66666666667,56,7.89872584052476,175478.093273098,0.30862794134363986,27,True,0.29424803910424013,0.1,33.884690553745834,0,2020-08-29 02:53:04.885993485,2.33333333333333
05099_2020-08-27 18:00:00,05099,2020233N14313,2020-08-27 18:00:00,2020-08-30 16:00:00,70.0,2020,8,8181,3615.0,1334.70833333333,70,6.58758244198343,53893.0119578664,0.4226832641770401,21,True,0.3892116182572614,0.1,68.08856304985333,0,2020-08-30 14:05:18.826979472,2.91666666666667
05013_2020-08-27 18:00:00,05013,2020233N14313,2020-08-27 18:00:00,2020-08-28 20:00:00,26.0,2020,8,4695,4335.0,1334.70833333333,26,4.57134081980958,21462.445149006,0.34363468634686345,18,True,0.25357472324723246,0.1,21.421160409556112,0,2020-08-28 15:25:16.177474402,1.08333333333333
05003_2020-08-27 18:00:00,05003,2020233N14313,2020-08-27 18:00:00,2020-08-30 19:00:00,73.0,2020,8,18354,9029.0,1334.70833333333,73,21.9473721336944,402822.068141826,0.6092590541588215,53,True,0.59275667294274,0.1,54.63902439024389,0,2020-08-30 00:38:20.487804878,3.04166666666667
05073_2020-08-27 18:00:00,05073,2020233N14313,2020-08-27 18:00:00,2020-08-31 16:00:00,94.0,2020,8,6101,5827.0,1334.70833333333,94,12.0038786532031,73235.6636631921,0.37206109490303757,28,True,0.37085979062982666,0.1,42.39320779041667,0,2020-08-29 12:23:35.548045500,3.91666666666667
05011_2020-08-27 19:00:00,05011,2020233N14313,2020-08-27 19:00:00,2020-08-29 20:00:00,49.0,2020,8,10135,4918.0,1334.75,49,6.1979357396258,62816.0787211075,0.2580317202114681,21,True,0.21146807645384302,0.1,24.78585365853639,0,2020-08-28 19:47:09.073170731,2.04166666666667
05039_2020-08-27 20:00:00,05039,2020233N14313,2020-08-27 20:00:00,2020-08-29 02:00:00,30.0,2020,8,6191,4434.0,1334.79166666667,30,4.89061795218764,30277.8157419937,0.2381596752368065,22,True,0.2354533152909337,0.1,26.82777777777778,0,2020-08-28 22:49:40.000000000,1.25
05025_2020-08-27 23:00:00,05025,2020233N14313,2020-08-27 23:00:00,2020-08-30 02:00:00,51.0,2020,8,7467,1392.0,1334.91666666667,51,7.86048788733323,58694.2630547173,0.3182471264367816,17,True,0.3160919540229885,0.1,16.911515151515,0,2020-08-28 15:54:41.454545454,2.125
05147_2020-08-28 01:00:00,05147,2020233N14313,2020-08-28 01:00:00,2020-08-30 23:00:00,70.0,2020,8,6049,4516.0,1335.0,70,8.02506449581065,48543.6151351586,0.48095659875996455,21,True,0.4136403897254207,0.1,20.74847303443778,0,2020-08-28 21:44:54.502923976,2.91666666666667
05065_2020-08-28 22:00:00,05065,2020233N14313,2020-08-28 22:00:00,2020-08-30 19:00:00,45.0,2020,8,14048,3693.0,1335.875,45,2.84362373004737,39947.2261597054,0.2527056277056277,10,True,0.2527056277056277,0.1,40.83367799113722,0,2020-08-30 14:50:01.240768094,1.875
22125_2020-08-26 23:00:00,22125,2020234N14280,2020-08-26 23:00:00,2020-08-28 03:00:00,28.0,2020,8,15381,6388.0,1333.91666666667,28,3.55363389591053,54658.4429529999,0.41969317470256734,9,True,0.3368816530995617,0.1,23.7624401913875,0,2020-08-27 22:45:44.784688995,1.16666666666667
22113_2020-08-27 05:00:00,22113,2020234N14280,2020-08-27 05:00:00,2020-08-30 03:00:00,70.0,2020,8,56952,23013.0,1334.16666666667,70,31.5272509320219,1795539.99508051,0.8246925383512234,63,True,0.8127851896918865,0.1,64.579357798165,0,2020-08-29 21:34:45.688073394,2.91666666666667
22077_2020-08-27 05:00:00,22077,2020234N14280,2020-08-27 05:00:00,2020-08-28 22:00:00,41.0,2020,8,20151,5078.0,1334.16666666667,41,4.42674281213076,89203.2944072469,0.3879480110279638,13,True,0.3341866876723119,0.1,16.520754716981113,0,2020-08-27 21:31:14.716981132,1.70833333333333
22019_2020-08-27 05:00:00,22019,2020234N14280,2020-08-27 05:00:00,2020-09-24 23:00:00,690.0,2020,8,202418,104854.0,1334.16666666667,690,451.662331760696,91424585.8703366,0.9822062020826181,594,True,0.9820822367166342,0.1,622.9495384615383,0,2020-09-22 03:56:58.338461538,28.75
22023_2020-08-27 05:00:00,22023,2020234N14280,2020-08-27 05:00:00,2020-09-22 01:00:00,620.0,2020,8,4902,2040.5,1334.16666666667,620,514.150155998121,2520364.06470279,1.0,578,True,1.0,0.1,618.1720430107525,0,2020-09-21 23:10:19.354838709,25.8333333333333
22011_2020-08-27 06:00:00,22011,2020234N14280,2020-08-27 06:00:00,2020-09-29 21:00:00,807.0,2020,8,36570,22189.0,1334.20833333333,807,335.217536540899,12258905.3113007,0.9065302627428005,535,True,0.9065302627428005,0.1,637.6889298892988,0,2020-09-22 19:41:20.147601476,33.625
22003_2020-08-27 06:00:00,22003,2020234N14280,2020-08-27 06:00:00,2020-09-23 20:00:00,662.0,2020,8,22320,12728.0,1334.20833333333,662,231.135772613878,5158950.44474177,0.90901948460088,455,True,0.90901948460088,0.1,518.7449115044247,0,2020-09-17 20:44:41.681415929,27.5833333333333
22053_2020-08-27 06:00:00,22053,2020234N14280,2020-08-27 06:00:00,2020-09-12 18:00:00,396.0,2020,8,32026,12516.0,1334.20833333333,396,137.260247469913,4395896.68547143,0.9463886225631192,260,True,0.9447906679450304,0.1,259.95442247658667,0,2020-09-07 01:57:15.920915712,16.5
22001_2020-08-27 06:00:00,22001,2020234N14280,2020-08-27 06:00:00,2020-08-30 01:00:00,67.0,2020,8,56744,28222.0,1334.20833333333,67,31.4438861450303,1784251.8754136,0.8613089543247936,64,True,0.8351936501187059,0.1,65.42203672787973,0,2020-08-29 23:25:19.332220367,2.79166666666667
22039_2020-08-27 07:00:00,22039,2020234N14280,2020-08-27 07:00:00,2020-08-31 01:00:00,90.0,2020,8,31986,18128.0,1334.25,90,25.5320845668923,816669.256956616,0.7790158870255958,57,True,0.776202559576346,0.1,65.1402730375425,0,2020-08-30 00:08:24.982935153,3.75
48361_2020-08-27 07:00:00,48361,2020234N14280,2020-08-27 07:00:00,2020-09-05 18:00:00,227.0,2020,8,84934,40914.0,1334.25,227,131.915158120349,11204082.0397937,0.9461064672239331,186,True,0.9461064672239331,0.1,211.25656565656556,0,2020-09-05 02:15:23.636363636,9.45833333333333
22045_2020-08-27 07:00:00,22045,2020234N14280,2020-08-27 07:00:00,2020-08-29 15:00:00,56.0,2020,8,68327,34795.0,1334.25,56,12.6277553574616,862816.640309281,0.5781290415289553,37,True,0.5598505532404081,0.1,41.50443131462333,0,2020-08-29 00:30:15.952732644,2.33333333333333
22055_2020-08-27 07:00:00,22055,2020234N14280,2020-08-27 07:00:00,2020-08-29 02:00:00,43.0,2020,8,247866,57033.0,1334.25,43,10.081138667115,2498771.51686312,0.6223414514403942,20,True,0.587011028702681,0.1,27.73386581469639,0,2020-08-28 10:44:01.916932907,1.79166666666667
22097_2020-08-27 08:00:00,22097,2020234N14280,2020-08-27 08:00:00,2020-08-29 03:00:00,43.0,2020,8,81773,46265.0,1334.29166666667,43,8.74351882515224,714983.764889174,0.47748838214633094,18,True,0.4155625202636983,0.1,38.66211878009611,0,2020-08-28 22:39:43.627608346,1.79166666666667
22099_2020-08-27 09:00:00,22099,2020234N14280,2020-08-27 09:00:00,2020-08-29 01:00:00,40.0,2020,8,51236,25148.0,1334.33333333333,40,7.99627858479869,409697.329570746,0.47081278829330364,16,True,0.4443295689518053,0.1,31.0988290398125,0,2020-08-28 16:05:55.784543325,1.66666666666667
01053_2020-09-16 00:00:00,01053,2020256N25281,2020-09-16 00:00:00,2020-09-19 22:00:00,94.0,2020,9,36666,11503.0,1353.95833333333,94,33.2141081441966,1217828.48921511,0.8383269830273641,64,True,0.817630758572913,0.1,89.32966101694889,0,2020-09-19 17:19:46.779661016,3.91666666666667
01097_2020-09-16 00:00:00,01097,2020256N25281,2020-09-16 00:00:00,2020-09-19 22:00:00,94.0,2020,9,411411,208810.0,1353.95833333333,94,30.2303718166971,12437107.4994792,0.6813377836732544,67,True,0.6305818803484291,0.1,77.155672987255,0,2020-09-19 05:09:20.422754118,3.91666666666667
01003_2020-09-16 01:00:00,01003,2020256N25281,2020-09-16 01:00:00,2020-09-24 21:00:00,212.0,2020,9,246435,104819.0,1354.0,212,109.03721789314,26870586.791496,1.0,162,True,1.0,0.1,187.45831079050194,0,2020-09-23 20:27:29.918845807,8.83333333333333
01035_2020-09-16 02:00:00,01035,2020256N25281,2020-09-16 02:00:00,2020-09-19 03:00:00,73.0,2020,9,11206,567.0,1354.04166666667,73,43.0686340263805,482627.11289962,0.9329805996472663,56,True,0.9329805996472663,0.1,69.37629999999972,0,2020-09-18 23:22:34.679999999,3.04166666666667
12033_2020-09-16 04:00:00,12033,2020256N25281,2020-09-16 04:00:00,2020-09-21 01:00:00,117.0,2020,9,324878,308219.0,1354.125,117,36.2069910860569,11762854.850056,0.5077521513960997,105,True,0.4817396197856362,0.1,112.21139774068445,0,2020-09-20 20:12:41.031866464,4.875
01039_2020-09-16 05:00:00,01039,2020256N25281,2020-09-16 05:00:00,2020-09-17 21:00:00,40.0,2020,9,37602,10117.0,1354.16666666667,40,5.23799335151972,196959.026003845,0.278298264475503,19,True,0.27079822276696797,0.1,34.12086956521722,0,2020-09-17 15:07:15.130434782,1.66666666666667
12113_2020-09-16 09:00:00,12113,2020256N25281,2020-09-16 09:00:00,2020-09-19 23:00:00,86.0,2020,9,198268,158094.0,1354.33333333333,86,18.016142338111,3572024.50909259,0.3715022932240322,59,True,0.36288568037974683,0.1,75.32791095890389,0,2020-09-19 12:19:40.479452054,3.58333333333333
12091_2020-09-16 10:00:00,12091,2020256N25281,2020-09-16 10:00:00,2020-09-18 01:00:00,39.0,2020,9,216482,162092.0,1354.375,39,5.02600761872895,1088040.18131768,0.2189559015867532,13,True,0.20623473089356661,0.1,30.067050487156667,0,2020-09-17 16:04:01.381753764,1.625
01099_2020-09-16 11:00:00,01099,2020256N25281,2020-09-16 11:00:00,2020-09-19 02:00:00,63.0,2020,9,19404,7462.0,1354.41666666667,63,25.5422955336921,495622.702535762,0.8424015009380863,61,True,0.7189761458054141,0.1,60.747068403908614,0,2020-09-18 23:44:49.446254071,2.625
01013_2020-09-16 13:00:00,01013,2020256N25281,2020-09-16 13:00:00,2020-09-18 00:00:00,35.0,2020,9,18650,9854.0,1354.5,35,9.25238481834788,172556.976862188,0.6184290643393546,27,True,0.3784250050740816,0.1,31.381776765375832,0,2020-09-17 20:22:54.396355353,1.45833333333333
01085_2020-09-16 19:00:00,01085,2020256N25281,2020-09-16 19:00:00,2020-09-18 02:00:00,31.0,2020,9,9777,5843.0,1354.75,31,7.52934232715008,73614.3799325464,0.3475548060708263,25,True,0.3284991568296796,0.1,27.566878980891666,0,2020-09-17 22:34:00.764331210,1.29166666666667
22125_2020-10-09 01:00:00,22125,2020279N16284,2020-10-09 01:00:00,2020-10-15 00:00:00,143.0,2020,10,15381,6399.0,1377.0,143,46.7655689067897,719301.215355332,0.7485946283572767,97,True,0.6750468457214241,0.1,139.08444444444416,0,2020-10-14 20:05:03.999999999,5.95833333333333
28157_2020-10-09 06:00:00,28157,2020279N16284,2020-10-09 06:00:00,2020-10-16 22:00:00,184.0,2020,10,8143,5985.0,1377.20833333333,184,52.1034174080465,424278.127953723,0.994990816496911,117,True,0.9944898981466022,0.1,161.05646551724112,0,2020-10-15 23:03:23.275862068,7.66666666666667
28021_2020-10-09 09:00:00,28021,2020279N16284,2020-10-09 09:00:00,2020-10-14 23:00:00,134.0,2020,10,8805,5227.0,1377.33333333333,134,25.7511590758989,226738.95566329,0.668642447418738,61,True,0.6216061185468451,0.1,127.04999999999973,0,2020-10-14 16:02:59.999999999,5.58333333333333
22011_2020-10-09 20:00:00,22011,2020279N16284,2020-10-09 20:00:00,2020-10-16 16:00:00,164.0,2020,10,36570,22197.0,1377.79166666667,164,81.3038973374342,2973283.52562997,1.0,137,True,0.8998062801279452,0.1,143.29178082191777,0,2020-10-15 19:17:30.410958904,6.83333333333333
22019_2020-10-09 20:00:00,22019,2020279N16284,2020-10-09 20:00:00,2020-10-14 19:00:00,119.0,2020,10,202418,104161.0,1377.79166666667,119,39.6978790758551,8035565.28677644,0.958974358974359,74,True,0.8007473295934835,0.1,93.89218989280222,0,2020-10-13 17:53:31.883614088,4.95833333333333
22101_2020-10-09 21:00:00,22101,2020279N16284,2020-10-09 21:00:00,2020-10-11 17:00:00,44.0,2020,10,47789,18981.0,1377.83333333333,44,8.47731942468785,405122.617986407,0.37521732258574364,24,True,0.3666297876824193,0.1,38.41646971935,0,2020-10-11 11:24:59.290989660,1.83333333333333
22003_2020-10-09 21:00:00,22003,2020279N16284,2020-10-09 21:00:00,2020-10-16 18:00:00,165.0,2020,10,22320,12733.0,1377.83333333333,165,67.7195185311681,1511499.65361567,0.9932885906040269,118,True,0.9052069425901201,0.1,137.23172413793083,0,2020-10-15 14:13:54.206896551,6.875
48361_2020-10-09 22:00:00,48361,2020279N16284,2020-10-09 22:00:00,2020-10-12 20:00:00,70.0,2020,10,84934,40883.0,1377.875,70,24.3662238279919,2069520.85460666,0.7141109996820194,48,True,0.6656556514932858,0.1,49.957183098591386,0,2020-10-11 23:57:25.859154929,2.91666666666667
48245_2020-10-09 22:00:00,48245,2020279N16284,2020-10-09 22:00:00,2020-10-14 02:00:00,100.0,2020,10,250830,117370.0,1377.875,100,32.8686048920235,8244432.16506626,0.6314305188719435,75,True,0.6283803356905513,0.1,94.14423791821555,0,2020-10-13 20:08:39.256505576,4.16666666666667
28005_2020-10-09 22:00:00,28005,2020279N16284,2020-10-09 22:00:00,2020-10-13 03:00:00,77.0,2020,10,12619,12518.0,1377.875,77,20.6147786655004,260137.891979949,0.47259248699123246,56,True,0.4536317627771046,0.1,72.51842105263138,0,2020-10-12 22:31:06.315789473,3.20833333333333
22045_2020-10-09 23:00:00,22045,2020279N16284,2020-10-09 23:00:00,2020-10-14 23:00:00,120.0,2020,10,68327,34789.0,1377.91666666667,120,33.1746141889466,2266721.86368815,1.0,70,True,0.7864842335220903,0.1,72.66940993788806,0,2020-10-12 23:40:09.875776397,5.0
22113_2020-10-09 23:00:00,22113,2020279N16284,2020-10-09 23:00:00,2020-10-15 20:00:00,141.0,2020,10,56952,22974.0,1377.91666666667,141,65.6841497117184,3740843.69438179,1.0,120,True,0.9504222164185601,0.1,122.26404833836834,0,2020-10-15 01:15:50.574018126,5.875
22053_2020-10-09 23:00:00,22053,2020279N16284,2020-10-09 23:00:00,2020-10-16 17:00:00,162.0,2020,10,32026,12518.0,1377.91666666667,162,62.3761531410284,1997658.68049458,0.8351648351648352,96,True,0.7922990893113916,0.1,115.73774038461528,0,2020-10-14 18:44:15.865384615,6.75
22099_2020-10-09 23:00:00,22099,2020279N16284,2020-10-09 23:00:00,2020-10-14 05:00:00,102.0,2020,10,51236,25119.0,1377.91666666667,102,31.8920074973397,1634018.8961337,0.9073395956057952,71,True,0.9002945390861328,0.1,86.40961538461528,0,2020-10-13 13:24:34.615384615,4.25
22115_2020-10-09 23:00:00,22115,2020279N16284,2020-10-09 23:00:00,2020-10-15 01:00:00,122.0,2020,10,47247,25934.0,1377.91666666667,122,57.3374262915064,2709021.3799948,0.8679390784653943,97,True,0.8679390784653943,0.1,97.9887987012986,0,2020-10-14 00:59:19.675324675,5.08333333333333
22079_2020-10-10 00:00:00,22079,2020279N16284,2020-10-10 00:00:00,2020-10-13 21:00:00,93.0,2020,10,127189,44066.0,1377.95833333333,93,23.9660862958849,3048222.5498873,0.8751545117428925,52,True,0.5920210593201107,0.1,63.970560747663335,0,2020-10-12 15:58:14.018691588,3.875
22001_2020-10-10 00:00:00,22001,2020279N16284,2020-10-10 00:00:00,2020-10-15 20:00:00,140.0,2020,10,56744,28173.0,1377.95833333333,140,84.5392986580727,4797097.96305368,0.970508907658457,119,True,0.9660373340904251,0.1,120.80130208333306,0,2020-10-15 00:48:04.687499999,5.83333333333333
22039_2020-10-10 00:00:00,22039,2020279N16284,2020-10-10 00:00:00,2020-10-14 23:00:00,119.0,2020,10,31986,18115.0,1377.95833333333,119,18.1988238550809,582107.579828616,0.7265249792989236,44,True,0.7029533535743858,0.1,44.94060606060583,0,2020-10-11 20:56:26.181818181,4.95833333333333
22023_2020-10-10 00:00:00,22023,2020279N16284,2020-10-10 00:00:00,2020-10-12 22:00:00,70.0,2020,10,4902,1936.0,1377.95833333333,70,17.5910955392466,86231.5503333867,1.0,65,True,0.35114107883817425,0.1,69.37824074074055,0,2020-10-12 21:22:41.666666666,2.91666666666667
22043_2020-10-10 00:00:00,22043,2020279N16284,2020-10-10 00:00:00,2020-10-13 22:00:00,94.0,2020,10,22000,9252.0,1377.95833333333,94,37.0313299648714,814689.259227171,0.8835675675675676,71,True,0.8503783783783784,0.1,82.21314285714278,0,2020-10-13 10:12:47.314285714,3.91666666666667
22055_2020-10-10 00:00:00,22055,2020279N16284,2020-10-10 00:00:00,2020-10-15 00:00:00,120.0,2020,10,247866,56946.0,1377.95833333333,120,43.3374380769725,10741877.4263869,0.8753883691130264,91,True,0.8219909073355685,0.1,117.00775127768306,0,2020-10-14 21:00:27.904599659,5.0
22009_2020-10-10 01:00:00,22009,2020279N16284,2020-10-10 01:00:00,2020-10-14 13:00:00,108.0,2020,10,38751,21763.0,1378.0,108,14.4109350205774,558438.142982395,0.6857366050914439,37,True,0.6185093281867475,0.1,42.81739130434778,0,2020-10-11 19:49:02.608695652,4.5
22097_2020-10-10 01:00:00,22097,2020279N16284,2020-10-10 01:00:00,2020-10-14 21:00:00,116.0,2020,10,81773,46186.0,1378.0,116,42.2049330828506,3451223.99298394,0.7200580325241983,93,True,0.6714851442297288,0.1,96.35288568257472,0,2020-10-14 01:21:10.388457269,4.83333333333333
22037_2020-10-10 01:00:00,22037,2020279N16284,2020-10-10 01:00:00,2020-10-13 04:00:00,75.0,2020,10,19135,10427.0,1378.0,75,28.936977901557,553709.072146293,0.8469641831066845,62,True,0.8213943688948477,0.1,68.73102493074778,0,2020-10-12 21:43:51.689750692,3.125
22077_2020-10-10 02:00:00,22077,2020279N16284,2020-10-10 02:00:00,2020-10-13 01:00:00,71.0,2020,10,20151,5088.0,1378.04166666667,71,23.4133254716981,471801.921580189,0.8252751572327044,43,True,0.8020833333333334,0.1,46.07900355871861,0,2020-10-12 00:04:44.412811387,2.95833333333333
22047_2020-10-10 02:00:00,22047,2020279N16284,2020-10-10 02:00:00,2020-10-12 01:00:00,47.0,2020,10,29506,9123.0,1378.04166666667,47,7.08111404003483,208935.350865268,0.40765099199824617,21,True,0.3401442307692308,0.1,23.519571045576388,0,2020-10-11 01:31:10.455764075,1.95833333333333
22063_2020-10-10 03:00:00,22063,2020279N16284,2020-10-10 03:00:00,2020-10-11 16:00:00,37.0,2020,10,148425,67936.0,1378.08333333333,37,4.3129800350031,640154.061695335,0.3048617141847834,14,True,0.28382813994907197,0.1,18.722719449225277,0,2020-10-10 21:43:21.790017211,1.54166666666667
22085_2020-10-10 03:00:00,22085,2020279N16284,2020-10-10 03:00:00,2020-10-12 02:00:00,47.0,2020,10,21985,16090.0,1378.08333333333,47,5.26298411393033,115706.705744758,0.1776148157355043,14,True,0.17282953203654217,0.1,19.089387755101946,0,2020-10-10 22:05:21.795918367,1.95833333333333
22069_2020-10-10 03:00:00,22069,2020279N16284,2020-10-10 03:00:00,2020-10-12 22:00:00,67.0,2020,10,36663,13400.0,1378.08333333333,67,14.5529119505258,533553.410842126,0.5380597014925373,42,True,0.5356716417910448,0.1,45.21186440677945,0,2020-10-12 00:12:42.711864406,2.79166666666667
22091_2020-10-10 03:00:00,22091,2020279N16284,2020-10-10 03:00:00,2020-10-12 02:00:00,47.0,2020,10,10822,6962.0,1378.08333333333,47,14.8128045681965,160304.171037022,0.6834243033611032,41,True,0.5769451622164801,0.1,44.92199999999972,0,2020-10-11 23:55:19.199999999,1.95833333333333
22005_2020-10-10 03:00:00,22005,2020279N16284,2020-10-10 03:00:00,2020-10-11 03:00:00,24.0,2020,10,130458,57918.0,1378.08333333333,24,2.92206066526567,381206.190269229,0.1866917591809251,9,True,0.1692881437870129,0.1,15.562936486114722,0,2020-10-10 18:33:46.571350013,1.0
22033_2020-10-10 03:00:00,22033,2020279N16284,2020-10-10 03:00:00,2020-10-12 02:00:00,47.0,2020,10,450544,216262.0,1378.08333333333,47,8.33978476051795,3757439.9851428,0.3483413637162331,23,True,0.3466027318715262,0.1,34.09626998223778,0,2020-10-11 13:05:46.571936056,1.95833333333333
28063_2020-10-10 04:00:00,28063,2020279N16284,2020-10-10 04:00:00,2020-10-15 16:00:00,132.0,2020,10,7087,4885.0,1378.125,132,26.9363594446885,190897.979384507,0.7330465068633477,73,True,0.417451863990168,0.1,114.23589743589723,0,2020-10-14 22:14:09.230769230,5.5
22029_2020-10-10 04:00:00,22029,2020279N16284,2020-10-10 04:00:00,2020-10-11 14:00:00,34.0,2020,10,18116,5239.0,1378.125,34,3.3699795103001,61050.5488085967,0.39340198321891684,12,True,0.19908379461729336,0.1,14.098652291105,0,2020-10-10 18:05:55.148247978,1.41666666666667
22127_2020-10-10 04:00:00,22127,2020279N16284,2020-10-10 04:00:00,2020-10-14 18:00:00,110.0,2020,10,13205,5378.0,1378.125,110,27.286209638618,360314.39827795,0.7685305591677504,65,True,0.7653724688835222,0.1,64.53366013071889,0,2020-10-12 20:32:01.176470588,4.58333333333333
22021_2020-10-10 04:00:00,22021,2020279N16284,2020-10-10 04:00:00,2020-10-12 21:00:00,65.0,2020,10,9554,6215.0,1378.125,65,10.3490039320597,98874.3835668983,0.4885140562248996,21,True,0.41480289621882543,0.1,38.92769230769222,0,2020-10-11 18:55:39.692307692,2.70833333333333
28001_2020-10-10 04:00:00,28001,2020279N16284,2020-10-10 04:00:00,2020-10-14 19:00:00,111.0,2020,10,28408,17241.0,1378.125,111,20.2379097694523,574918.540730602,0.5523721146038743,55,True,0.49759266778815475,0.1,87.21507936507916,0,2020-10-13 19:12:54.285714285,4.625
28085_2020-10-10 05:00:00,28085,2020279N16284,2020-10-10 05:00:00,2020-10-12 02:00:00,45.0,2020,10,34717,18000.0,1378.16666666667,45,7.82937401666677,271812.37773662,0.33373817114518495,31,True,0.25859663111731285,0.1,37.83435996150139,0,2020-10-11 18:50:03.695861405,1.875
28113_2020-10-10 05:00:00,28113,2020279N16284,2020-10-10 05:00:00,2020-10-11 18:00:00,37.0,2020,10,39644,22526.0,1378.16666666667,37,5.83121357085979,231172.630803165,0.42172346910501524,15,True,0.40626252906743643,0.1,18.55079365079361,0,2020-10-10 23:33:02.857142857,1.54166666666667
28037_2020-10-10 05:00:00,28037,2020279N16284,2020-10-10 05:00:00,2020-10-15 14:00:00,129.0,2020,10,7642,6768.0,1378.16666666667,129,23.7837329336839,181755.287079212,0.788271469360861,55,True,0.7782780584230178,0.1,86.17199999999973,0,2020-10-13 19:10:19.199999999,5.375
28029_2020-10-10 07:00:00,28029,2020279N16284,2020-10-10 07:00:00,2020-10-14 15:00:00,104.0,2020,10,27719,15626.0,1378.25,104,5.94730027626109,164853.216357681,0.35575323179316526,13,True,0.26059132215538205,0.1,32.070719178081944,0,2020-10-11 15:04:14.589041095,4.33333333333333
28149_2020-10-10 07:00:00,28149,2020279N16284,2020-10-10 07:00:00,2020-10-11 17:00:00,34.0,2020,10,42649,21767.0,1378.25,34,3.3978784796715,144916.11927951,0.21046105804555473,8,True,0.20518001469507716,0.1,17.287890624999722,0,2020-10-11 00:17:16.406249999,1.41666666666667
22073_2020-10-10 07:00:00,22073,2020279N16284,2020-10-10 07:00:00,2020-10-13 02:00:00,67.0,2020,10,157702,80298.0,1378.25,67,13.6961015659068,2159902.60914664,0.4757644013589358,38,True,0.4598603730851077,0.1,45.28963165075028,0,2020-10-12 04:17:22.673942701,2.79166666666667
22107_2020-10-10 08:00:00,22107,2020279N16284,2020-10-10 08:00:00,2020-10-11 16:00:00,32.0,2020,10,3846,3689.0,1378.29166666667,32,5.87503388452155,22595.3803198699,0.4245052859853619,13,True,0.42233667660612634,0.1,15.001333333333056,0,2020-10-10 23:00:04.799999999,1.33333333333333
22111_2020-10-10 08:00:00,22111,2020279N16284,2020-10-10 08:00:00,2020-10-11 23:00:00,39.0,2020,10,20721,13678.0,1378.29166666667,39,5.41622031645945,112229.501177356,0.34083930399181167,15,True,0.3132036847492323,0.1,15.910426959668056,0,2020-10-10 23:54:37.537054805,1.625
22067_2020-10-10 08:00:00,22067,2020279N16284,2020-10-10 08:00:00,2020-10-14 18:00:00,106.0,2020,10,24446,12857.0,1378.29166666667,106,26.8487921881556,656345.573831651,0.7068107603794123,63,True,0.6988410982344249,0.1,81.77833333333305,0,2020-10-13 17:46:41.999999999,4.41666666666667
22049_2020-10-10 08:00:00,22049,2020279N16284,2020-10-10 08:00:00,2020-10-11 23:00:00,39.0,2020,10,14839,9014.0,1378.29166666667,39,6.86056579875468,101803.935887721,0.39427557133348123,17,True,0.3936099400931884,0.1,35.06620046620028,0,2020-10-11 19:03:58.321678321,1.625
22059_2020-10-10 09:00:00,22059,2020279N16284,2020-10-10 09:00:00,2020-10-11 21:00:00,36.0,2020,10,14729,5838.0,1378.33333333333,36,9.13841098481282,134599.655395308,0.8335331392361706,11,True,0.8033573141486811,0.1,11.701809954751111,0,2020-10-10 20:42:06.515837104,1.5
05003_2020-10-10 11:00:00,05003,2020279N16284,2020-10-10 11:00:00,2020-10-11 17:00:00,30.0,2020,10,18354,8952.0,1378.41666666667,30,2.47263650453297,45382.770404198,0.2606650990930467,6,True,0.20031351472399508,0.1,10.62798165137611,0,2020-10-10 21:37:40.733944954,1.25
37075_2020-10-27 20:00:00,37075,2020299N18277,2020-10-27 20:00:00,2020-10-30 03:00:00,55.0,2020,10,7980,6337.0,1395.83333333333,55,8.22376518857504,65625.6462048288,1.0,9,True,1.0,0.1,48.95378065395084,0,2020-10-29 20:57:13.610354223,2.29166666666667
01013_2020-10-28 00:00:00,01013,2020299N18277,2020-10-28 00:00:00,2020-10-31 03:00:00,75.0,2020,10,18650,9859.0,1396.0,75,13.7275258604063,256018.357296577,0.6989178283198826,37,True,0.6805491990846682,0.1,69.36425120772944,0,2020-10-30 21:21:51.304347826,3.125
13123_2020-10-28 10:00:00,13123,2020299N18277,2020-10-28 10:00:00,2020-11-01 00:00:00,86.0,2020,10,32407,14335.0,1396.41666666667,86,35.0248883223767,1135051.55586326,0.8857293931026379,62,True,0.8626199887069452,0.1,86.0,1,,3.58333333333333
13011_2020-10-28 13:00:00,13011,2020299N18277,2020-10-28 13:00:00,2020-10-31 00:00:00,59.0,2020,10,19328,9168.0,1396.54166666667,59,5.34253239421913,103260.466115467,0.347441911203229,13,True,0.2937711355950693,0.1,52.224999999999724,0,2020-10-30 17:13:29.999999999,2.45833333333333
51590_2020-10-28 18:00:00,51590,2020299N18277,2020-10-28 18:00:00,2020-10-30 23:00:00,53.0,2020,10,42229,13504.0,1396.75,53,17.8594675581476,754187.455513014,0.9994254524561907,32,True,0.9633441943127962,0.1,0.9781309118425,0,2020-10-28 18:58:41.271282633,2.20833333333333
22051_2020-10-28 22:00:00,22051,2020299N18277,2020-10-28 22:00:00,2020-11-01 00:00:00,74.0,2020,10,425884,212391.0,1396.91666666667,74,49.5829932623458,21116603.5025409,0.8497958953062983,73,True,0.8436233173722051,0.1,74.0,1,,3.08333333333333
22109_2020-10-28 22:00:00,22109,2020299N18277,2020-10-28 22:00:00,2020-11-01 00:00:00,74.0,2020,10,104786,27783.0,1396.91666666667,74,31.1812979159918,3267363.48342512,0.6437389770723104,74,True,0.6426231868408739,0.1,74.0,1,,3.08333333333333
22057_2020-10-28 22:00:00,22057,2020299N18277,2020-10-28 22:00:00,2020-11-01 00:00:00,74.0,2020,10,95870,44281.0,1396.91666666667,74,17.02738313435,1632415.22109013,0.37074591811386376,65,True,0.35234073304577584,0.1,74.0,1,,3.08333333333333
22075_2020-10-28 22:00:00,22075,2020299N18277,2020-10-28 22:00:00,2020-11-01 00:00:00,74.0,2020,10,22516,12671.0,1396.91666666667,74,53.3866970549947,1202054.87089026,0.9809801909872938,73,True,0.9809801909872938,0.1,74.0,1,,3.08333333333333
22087_2020-10-28 22:00:00,22087,2020299N18277,2020-10-28 22:00:00,2020-11-01 00:00:00,74.0,2020,10,44479,20460.0,1396.91666666667,74,63.8587987049499,2840375.50759747,0.9805474095796677,74,True,0.9715053763440861,0.1,74.0,1,,3.08333333333333
22071_2020-10-28 23:00:00,22071,2020299N18277,2020-10-28 23:00:00,2020-11-01 00:00:00,73.0,2020,10,369749,194337.0,1396.95833333333,73,37.9621811895637,14036478.53266,0.8255092957079712,73,True,0.8032953066065649,0.1,73.0,1,,3.04166666666667
28045_2020-10-28 23:00:00,28045,2020299N18277,2020-10-28 23:00:00,2020-11-01 00:00:00,73.0,2020,10,46094,26221.0,1396.95833333333,73,44.0784104343847,2031750.25056253,0.7979863468212501,71,True,0.7679340986232409,0.1,73.0,1,,3.04166666666667
22089_2020-10-28 23:00:00,22089,2020299N18277,2020-10-28 23:00:00,2020-11-01 00:00:00,73.0,2020,10,50998,23012.0,1396.95833333333,73,34.0971232986371,1738885.09398389,0.7745524074395967,73,True,0.770337215365896,0.1,73.0,1,,3.04166666666667
22095_2020-10-29 00:00:00,22095,2020299N18277,2020-10-29 00:00:00,2020-10-30 00:00:00,24.0,2020,10,39864,19859.0,1397.0,24,4.99033183946825,198934.588448562,0.3455360290044816,17,True,0.3215166926834181,0.1,19.136523652365,0,2020-10-29 19:08:11.485148514,1.0
22103_2020-10-29 00:00:00,22103,2020299N18277,2020-10-29 00:00:00,2020-10-30 23:00:00,47.0,2020,10,273263,127840.0,1397.0,47,16.8726198679717,4610662.72298155,0.6280008448126159,40,True,0.6103223585916661,0.1,43.152780806979166,0,2020-10-30 19:09:10.010905125,1.95833333333333
28109_2020-10-29 01:00:00,28109,2020299N18277,2020-10-29 01:00:00,2020-10-31 03:00:00,50.0,2020,10,57261,29839.0,1397.04166666667,50,10.2938436274674,589435.779952411,0.36140621334495127,40,True,0.3453869097489862,0.1,42.74511320754694,0,2020-10-30 19:44:42.407547169,2.08333333333333
28059_2020-10-29 01:00:00,28059,2020299N18277,2020-10-29 01:00:00,2020-11-01 00:00:00,71.0,2020,10,144975,78978.0,1397.04166666667,71,25.599515038713,3711289.69273742,0.6732339795130228,65,True,0.6651936639781202,0.1,71.0,1,,2.95833333333333
28047_2020-10-29 01:00:00,28047,2020299N18277,2020-10-29 01:00:00,2020-11-01 00:00:00,71.0,2020,10,211044,102896.0,1397.04166666667,71,50.8596252526823,10733618.7518271,0.9552946664593376,71,True,0.952437412533043,0.1,71.0,1,,2.95833333333333
28039_2020-10-29 01:00:00,28039,2020299N18277,2020-10-29 01:00:00,2020-11-01 00:00:00,71.0,2020,10,25206,16764.0,1397.04166666667,71,49.3237890718206,1243255.42734431,0.8571343354807922,70,True,0.8564781675017895,0.1,71.0,1,,2.95833333333333
28131_2020-10-29 01:00:00,28131,2020299N18277,2020-10-29 01:00:00,2020-11-01 00:00:00,71.0,2020,10,18669,9525.0,1397.04166666667,71,41.241154855643,769931.12,0.9045669291338583,70,True,0.9020472440944882,0.1,71.0,1,,2.95833333333333
28041_2020-10-29 02:00:00,28041,2020299N18277,2020-10-29 02:00:00,2020-11-01 00:00:00,70.0,2020,10,13552,8867.33333333333,1397.08333333333,70,43.0015794223827,582757.40433213,0.7630866425992779,69,True,0.7518050541516246,0.1,70.0,1,,2.91666666666667
01097_2020-10-29 02:00:00,01097,2020299N18277,2020-10-29 02:00:00,2020-11-01 00:00:00,70.0,2020,10,411411,208689.0,1397.08333333333,70,19.2540402295216,7921323.94486771,0.553967866059064,46,True,0.5173248230620684,0.1,66.72973421926889,0,2020-10-31 20:43:47.043189368,2.91666666666667
28111_2020-10-29 02:00:00,28111,2020299N18277,2020-10-29 02:00:00,2020-11-01 00:00:00,70.0,2020,10,11368,7283.0,1397.08333333333,70,16.250858162845,184739.755595222,0.610462721406014,41,True,0.5922010160648085,0.1,68.4322580645161,0,2020-10-31 22:25:56.129032258,2.91666666666667
01025_2020-10-29 03:00:00,01025,2020299N18277,2020-10-29 03:00:00,2020-11-01 00:00:00,69.0,2020,10,22515,7796.0,1397.125,69,53.3319475582377,1200768.79927372,1.0,67,True,1.0,0.1,69.0,1,,2.875
01053_2020-10-29 03:00:00,01053,2020299N18277,2020-10-29 03:00:00,2020-10-30 22:00:00,43.0,2020,10,36666,11541.0,1397.125,43,11.6325130455764,426517.723329103,0.5125184094256259,34,True,0.45022095139069407,0.1,43.0,1,,1.79166666666667
28153_2020-10-29 04:00:00,28153,2020299N18277,2020-10-29 04:00:00,2020-10-31 01:00:00,45.0,2020,10,19681,12180.0,1397.16666666667,45,4.53245282040889,89203.2039584674,0.21444991789819376,9,True,0.21026272577996716,0.1,16.389393939393887,0,2020-10-29 20:23:21.818181818,1.875
01091_2020-10-29 05:00:00,01091,2020299N18277,2020-10-29 05:00:00,2020-11-01 00:00:00,67.0,2020,10,18745,9033.0,1397.20833333333,67,15.2745832695212,286322.063387175,0.3450680836931252,67,True,0.2914867707295472,0.1,67.0,1,,2.79166666666667
01035_2020-10-29 05:00:00,01035,2020299N18277,2020-10-29 05:00:00,2020-10-31 15:00:00,58.0,2020,10,11206,569.0,1397.20833333333,58,14.98769771529,167952.14059754,0.40597539543058,42,True,0.3989455184534271,0.1,58.0,1,,2.41666666666667
01131_2020-10-29 05:00:00,01131,2020299N18277,2020-10-29 05:00:00,2020-11-01 00:00:00,67.0,2020,10,10059,6595.0,1397.20833333333,67,61.0717159081053,614320.390319632,1.0,67,True,1.0,0.1,67.0,1,,2.79166666666667
01099_2020-10-29 05:00:00,01099,2020299N18277,2020-10-29 05:00:00,2020-11-01 00:00:00,67.0,2020,10,19404,7448.0,1397.20833333333,67,30.5217932541268,592244.876303077,0.7278464017185822,67,True,0.678341384863124,0.1,67.0,1,,2.79166666666667
01105_2020-10-29 05:00:00,01105,2020299N18277,2020-10-29 05:00:00,2020-11-01 00:00:00,67.0,2020,10,8035,4951.0,1397.20833333333,67,37.4698045938907,301069.879911912,0.8876994546556252,67,True,0.7806503736618865,0.1,67.0,1,,2.79166666666667
01001_2020-10-29 06:00:00,01001,2020299N18277,2020-10-29 06:00:00,2020-11-01 00:00:00,66.0,2020,10,59759,30490.0,1397.25,66,16.3201498487503,975275.83481147,0.6681862905870777,58,True,0.41948179731059365,0.1,66.0,1,,2.75
01021_2020-10-29 06:00:00,01021,2020299N18277,2020-10-29 06:00:00,2020-11-01 00:00:00,66.0,2020,10,45884,28034.0,1397.25,66,40.8602671328844,1874832.49712527,1.0,65,True,0.8205036741100092,0.1,66.0,1,,2.75
01047_2020-10-29 06:00:00,01047,2020299N18277,2020-10-29 06:00:00,2020-11-01 00:00:00,66.0,2020,10,36767,23364.0,1397.25,66,49.9913407230569,1838031.62436463,0.9665079904794288,66,True,0.9657854471268276,0.1,66.0,1,,2.75
01085_2020-10-29 06:00:00,01085,2020299N18277,2020-10-29 06:00:00,2020-11-01 00:00:00,66.0,2020,10,9777,5949.0,1397.25,66,26.4893893007653,258986.759193582,0.8160577073859181,64,True,0.7911551778407302,0.1,66.0,1,,2.75
01037_2020-10-29 07:00:00,01037,2020299N18277,2020-10-29 07:00:00,2020-11-01 00:00:00,65.0,2020,10,10166,8676.0,1397.29166666667,65,39.1187961806331,397681.681972316,1.0,64,True,0.7676348547717843,0.1,65.0,1,,2.70833333333333
01063_2020-10-29 07:00:00,01063,2020299N18277,2020-10-29 07:00:00,2020-10-30 12:00:00,29.0,2020,10,7422,2601.0,1397.29166666667,29,4.03729334871203,29964.7912341407,0.2522106881968474,9,True,0.2518262206843522,0.1,17.347058823529167,0,2020-10-30 00:20:49.411764705,1.20833333333333
01051_2020-10-29 07:00:00,01051,2020299N18277,2020-10-29 07:00:00,2020-11-01 00:00:00,65.0,2020,10,89563,47112.0,1397.29166666667,65,17.6852993082955,1583948.46194887,0.8326541008660214,55,True,0.5318602479198505,0.1,65.0,1,,2.70833333333333
01007_2020-10-29 07:00:00,01007,2020299N18277,2020-10-29 07:00:00,2020-11-01 00:00:00,65.0,2020,10,22005,11546.0,1397.29166666667,65,16.1476500716502,355329.039826662,0.7293434955828858,40,True,0.7185172354062013,0.1,62.23142857142833,0,2020-10-31 21:13:53.142857142,2.70833333333333
01121_2020-10-29 08:00:00,01121,2020299N18277,2020-10-29 08:00:00,2020-11-01 00:00:00,64.0,2020,10,80704,39098.0,1397.33333333333,64,24.4974393158939,1977041.3425499,0.6554785143311399,63,True,0.6204492299545474,0.1,64.0,1,,2.66666666666667
13149_2020-10-29 08:00:00,13149,2020299N18277,2020-10-29 08:00:00,2020-10-31 20:00:00,60.0,2020,10,11725,6117.0,1397.33333333333,60,16.0130783063593,187753.343142063,0.6566944580676802,34,True,0.6025012260912213,0.1,39.85425531914889,0,2020-10-30 23:51:15.319148936,2.5
13113_2020-10-29 08:00:00,13113,2020299N18277,2020-10-29 08:00:00,2020-10-30 14:00:00,30.0,2020,10,122030,53734.0,1397.33333333333,30,2.24812967581047,274339.264339152,0.20631257676703763,5,True,0.19440205456507983,0.1,7.561517367458611,0,2020-10-29 15:33:41.462522851,1.25
13143_2020-10-29 08:00:00,13143,2020299N18277,2020-10-29 08:00:00,2020-11-01 00:00:00,64.0,2020,10,31337,14643.0,1397.33333333333,64,25.2953582659734,792680.64198081,0.7064126203646793,62,True,0.6915932527487537,0.1,64.0,1,,2.66666666666667
13045_2020-10-29 08:00:00,13045,2020299N18277,2020-10-29 08:00:00,2020-10-31 08:00:00,48.0,2020,10,124592,54261.0,1397.33333333333,48,10.1033424986931,1258795.64859717,0.5085789056596819,31,True,0.49523598901605204,0.1,36.485612788632224,0,2020-10-30 20:29:08.206039076,2.0
13077_2020-10-29 08:00:00,13077,2020299N18277,2020-10-29 08:00:00,2020-10-30 17:00:00,33.0,2020,10,152882,55139.0,1397.33333333333,33,4.42926059594842,677154.218429787,0.3346270334971617,15,True,0.3293675982516912,0.1,20.107706535141666,0,2020-10-30 04:06:27.743526510,1.375
01027_2020-10-29 08:00:00,01027,2020299N18277,2020-10-29 08:00:00,2020-11-01 00:00:00,64.0,2020,10,14198,7003.0,1397.33333333333,64,32.4633478519401,460914.612801846,0.7956037681986868,58,True,0.7956037681986868,0.1,64.0,1,,2.66666666666667
13067_2020-10-29 09:00:00,13067,2020299N18277,2020-10-29 09:00:00,2020-10-31 05:00:00,44.0,2020,10,771952,288188.0,1397.375,44,7.90522855245793,6102456.99152701,0.6234576040640137,19,True,0.3000818909878274,0.1,32.5388156257775,0,2020-10-30 17:32:19.736252799,1.83333333333333
01101_2020-10-29 09:00:00,01101,2020299N18277,2020-10-29 09:00:00,2020-10-30 10:00:00,25.0,2020,10,226361,105529.0,1397.375,25,2.78086694276543,629479.822031325,0.277165518483071,6,True,0.20868197367548258,0.1,11.253451407810834,0,2020-10-29 20:15:12.425068119,1.04166666666667
13291_2020-10-29 09:00:00,13291,2020299N18277,2020-10-29 09:00:00,2020-10-31 02:00:00,41.0,2020,10,26388,19165.0,1397.375,41,7.57422384555179,199868.618836421,0.4282285416123141,27,True,0.39733889903469866,0.1,35.46047430830028,0,2020-10-30 20:27:37.707509881,1.70833333333333
13097_2020-10-29 09:00:00,13097,2020299N18277,2020-10-29 09:00:00,2020-10-31 06:00:00,45.0,2020,10,147316,60698.0,1397.375,45,5.9349566707305,874314.076905335,0.3145737915582062,12,True,0.25849286632178986,0.1,30.2683574879225,0,2020-10-30 15:16:06.086956521,1.875
13129_2020-10-29 09:00:00,13129,2020299N18277,2020-10-29 09:00:00,2020-10-31 01:00:00,40.0,2020,10,58954,16132.0,1397.375,40,6.73616203609681,397123.696676052,0.5555623809816328,13,True,0.4827692118680509,0.1,25.047727272727222,0,2020-10-30 10:02:51.818181818,1.66666666666667
13115_2020-10-29 09:00:00,13115,2020299N18277,2020-10-29 09:00:00,2020-11-01 00:00:00,63.0,2020,10,99443,46260.0,1397.375,63,11.1606571552097,1109849.22948552,0.39520103761348896,34,True,0.3864677907479464,0.1,56.69483568075111,0,2020-10-31 17:41:41.408450704,2.625
13055_2020-10-29 09:00:00,13055,2020299N18277,2020-10-29 09:00:00,2020-10-30 16:00:00,31.0,2020,10,24936,13504.0,1397.375,31,3.05241877437137,76115.1145577244,0.29635663507109006,7,True,0.2473341232227488,0.1,11.780465116278888,0,2020-10-29 20:46:49.674418604,1.29166666666667
13233_2020-10-29 09:00:00,13233,2020299N18277,2020-10-29 09:00:00,2020-10-31 20:00:00,59.0,2020,10,43709,19380.0,1397.375,59,12.1567881265732,531361.052224387,0.6115583075335397,33,True,0.5990196078431372,0.1,38.24919354838694,0,2020-10-30 23:14:57.096774193,2.45833333333333
13089_2020-10-29 09:00:00,13089,2020299N18277,2020-10-29 09:00:00,2020-10-31 09:00:00,48.0,2020,10,762820,347855.0,1397.375,48,8.33991461959724,6361853.67012117,0.40175072947061274,22,True,0.3768437998591367,0.1,34.78144280968194,0,2020-10-30 19:46:53.194114855,2.0
13057_2020-10-29 09:00:00,13057,2020299N18277,2020-10-29 09:00:00,2020-10-31 21:00:00,60.0,2020,10,281278,114893.0,1397.375,60,8.08437080099048,2273955.650161,0.40850677648307804,16,True,0.34220004825423084,0.1,34.650671140939444,0,2020-10-30 19:39:02.416107382,2.5
01123_2020-10-29 09:00:00,01123,2020299N18277,2020-10-29 09:00:00,2020-11-01 00:00:00,63.0,2020,10,40977,21446.0,1397.375,63,22.7084263984329,930523.188528586,0.713093350741397,55,True,0.6983120395411732,0.1,63.0,1,,2.625
13015_2020-10-29 09:00:00,13015,2020299N18277,2020-10-29 09:00:00,2020-10-31 17:00:00,56.0,2020,10,112816,36164.0,1397.375,56,10.4930706497356,1183786.25842057,0.5653563262720035,31,True,0.5462934905374508,0.1,36.6675847457625,0,2020-10-30 21:40:03.305084745,2.33333333333333
13227_2020-10-29 10:00:00,13227,2020299N18277,2020-10-29 10:00:00,2020-11-01 00:00:00,62.0,2020,10,34826,10213.0,1397.41666666667,62,26.4216817293763,920161.487907259,0.7667025862068966,57,True,0.7541956131449535,0.1,59.96774193548361,0,2020-10-31 21:58:03.870967741,2.58333333333333
13139_2020-10-29 10:00:00,13139,2020299N18277,2020-10-29 10:00:00,2020-10-31 17:00:00,55.0,2020,10,212692,86143.0,1397.41666666667,55,9.01170047894528,1916716.59826783,0.4924021684872828,28,True,0.487538163286628,0.1,35.65150375939833,0,2020-10-30 21:39:05.413533834,2.29166666666667
13187_2020-10-29 10:00:00,13187,2020299N18277,2020-10-29 10:00:00,2020-11-01 00:00:00,62.0,2020,10,34796,16140.0,1397.41666666667,62,25.2785573290824,879592.68082275,0.7399628252788104,57,True,0.7278500619578686,0.1,57.83263523703583,0,2020-10-31 19:49:57.486853329,2.58333333333333
13111_2020-10-29 10:00:00,13111,2020299N18277,2020-10-29 10:00:00,2020-11-01 00:00:00,62.0,2020,10,25737,21762.0,1397.41666666667,62,19.3167875816274,497156.161988345,0.8106419151771355,56,True,0.783761429949915,0.1,62.0,1,,2.58333333333333
13085_2020-10-29 10:00:00,13085,2020299N18277,2020-10-29 10:00:00,2020-11-01 00:00:00,62.0,2020,10,30138,14712.0,1397.41666666667,62,21.2243610936924,639659.794641702,0.6997688961392061,56,True,0.6753670473083198,0.1,58.45555555555528,0,2020-10-31 20:27:19.999999999,2.58333333333333
13137_2020-10-29 10:00:00,13137,2020299N18277,2020-10-29 10:00:00,2020-11-01 00:00:00,62.0,2020,10,47475,18787.0,1397.41666666667,62,20.3847234093724,967764.743859955,0.7542713324621267,55,True,0.732765710415558,0.1,62.0,1,,2.58333333333333
13135_2020-10-29 10:00:00,13135,2020299N18277,2020-10-29 10:00:00,2020-10-30 20:00:00,34.0,2020,10,975353,348209.0,1397.41666666667,34,3.96379986059501,3866104.08543092,0.2648381501562213,7,True,0.2299768242635888,0.1,24.640058601036944,0,2020-10-30 10:38:24.210963733,1.41666666666667
13117_2020-10-29 10:00:00,13117,2020299N18277,2020-10-29 10:00:00,2020-10-30 16:00:00,30.0,2020,10,267237,101228.0,1397.41666666667,30,3.83768760827745,1025572.12337324,0.3397478958390959,9,True,0.3284170387639783,0.1,12.819769673704167,0,2020-10-29 22:49:11.170825335,1.25
13241_2020-10-29 11:00:00,13241,2020299N18277,2020-10-29 11:00:00,2020-11-01 00:00:00,61.0,2020,10,17206,14888.0,1397.45833333333,61,39.3054987216455,676290.411004632,0.979872952189903,61,True,0.9797986281292128,0.1,61.0,1,,2.54166666666667
37113_2020-10-29 11:00:00,37113,2020299N18277,2020-10-29 11:00:00,2020-10-31 00:00:00,37.0,2020,10,38065,28331.0,1397.45833333333,37,3.97894309326965,151458.468845309,0.25225002647089967,6,True,0.24469699643525217,0.1,13.429191616766389,0,2020-10-30 00:25:45.089820359,1.54166666666667
13311_2020-10-29 11:00:00,13311,2020299N18277,2020-10-29 11:00:00,2020-11-01 00:00:00,61.0,2020,10,28806,33847.0,1397.45833333333,61,27.1447491094711,781931.642847424,0.8709747764774297,59,True,0.8500470639345449,0.1,61.0,1,,2.54166666666667
13223_2020-10-29 11:00:00,13223,2020299N18277,2020-10-29 11:00:00,2020-10-31 16:00:00,53.0,2020,10,178421,62113.0,1397.45833333333,53,8.92230908507525,1591927.30926821,0.4277526443739636,17,True,0.4164345628129377,0.1,37.28711974110028,0,2020-10-31 00:17:13.631067961,2.20833333333333
13257_2020-10-29 11:00:00,13257,2020299N18277,2020-10-29 11:00:00,2020-10-31 18:00:00,55.0,2020,10,26767,13917.0,1397.45833333333,55,9.8299920959977,263119.39843357,0.5904289717611554,21,True,0.5684774017388805,0.1,26.716666666666388,0,2020-10-30 13:42:59.999999999,2.29166666666667
45077_2020-10-29 12:00:00,45077,2020299N18277,2020-10-29 12:00:00,2020-11-01 00:00:00,60.0,2020,10,133462,75254.0,1397.5,60,12.5358928560444,1673065.3323534,0.3893232075050257,53,True,0.35927419884639133,0.1,60.0,1,,2.5
45073_2020-10-29 12:00:00,45073,2020299N18277,2020-10-29 12:00:00,2020-11-01 00:00:00,60.0,2020,10,80180,38699.0,1397.5,60,13.6433109975069,1093920.6757801,0.40982590277419023,41,True,0.37456733998036884,0.1,55.19158878504667,0,2020-10-31 19:11:29.719626168,2.5
45045_2020-10-29 12:00:00,45045,2020299N18277,2020-10-29 12:00:00,2020-10-31 19:00:00,55.0,2020,10,547950,249175.0,1397.5,55,7.92658396184609,4343371.68189356,0.2849233287595388,27,True,0.28240372964862026,0.1,34.60259588400361,0,2020-10-30 22:36:09.345182413,2.29166666666667
37089_2020-10-29 12:00:00,37089,2020299N18277,2020-10-29 12:00:00,2020-10-31 02:00:00,38.0,2020,10,118106,66001.0,1397.5,38,4.25934455538552,503054.148058363,0.18957288525931426,8,True,0.1741943303889335,0.1,18.852717391304168,0,2020-10-30 06:51:09.782608695,1.58333333333333
37175_2020-10-29 12:00:00,37175,2020299N18277,2020-10-29 12:00:00,2020-10-31 14:00:00,50.0,2020,10,33355,22886.0,1397.5,50,5.22609478510398,174316.391557143,0.3105828891025081,9,True,0.3051210346936992,0.1,12.456368563685556,0,2020-10-30 00:27:22.926829268,2.08333333333333
37039_2020-10-29 12:00:00,37039,2020299N18277,2020-10-29 12:00:00,2020-10-30 21:00:00,33.0,2020,10,29512,17116.0,1397.5,33,5.43327880345875,160346.924047675,0.28441224585183456,18,True,0.2565435849497546,0.1,29.34341463414611,0,2020-10-30 17:20:36.292682926,1.375
01015_2020-10-29 13:00:00,01015,2020299N18277,2020-10-29 13:00:00,2020-11-01 00:00:00,59.0,2020,10,115788,58817.0,1397.54166666667,59,20.5942252088293,2384564.14847993,0.5243025450094354,58,True,0.5239030278301967,0.1,59.0,1,,2.45833333333333
37003_2020-10-29 13:00:00,37003,2020299N18277,2020-10-29 13:00:00,2020-11-01 00:00:00,59.0,2020,10,36512,18832.0,1397.54166666667,59,14.1102378929482,515193.005947324,0.5760938827527613,49,True,0.5688721325403568,0.1,53.251456310679444,0,2020-10-31 18:15:05.242718446,2.45833333333333
37149_2020-10-29 13:00:00,37149,2020299N18277,2020-10-29 13:00:00,2020-11-01 00:00:00,59.0,2020,10,19986,17594.0,1397.54166666667,59,20.3451877221636,406618.921815161,0.5793389308109257,55,True,0.5765224784780529,0.1,59.0,1,,2.45833333333333
37023_2020-10-29 13:00:00,37023,2020299N18277,2020-10-29 13:00:00,2020-11-01 00:00:00,59.0,2020,10,87881,29976.0,1397.54166666667,59,10.1056421700551,888093.939546608,0.3224653130842654,33,True,0.30723993680671524,0.1,51.66304347826083,0,2020-10-31 16:39:46.956521739,2.45833333333333
01117_2020-10-29 13:00:00,01117,2020299N18277,2020-10-29 13:00:00,2020-11-01 00:00:00,59.0,2020,10,230115,105707.0,1397.54166666667,59,15.8278859156175,3642233.96747231,0.550721758707456,50,True,0.5270317569932551,0.1,59.0,1,,2.45833333333333
01115_2020-10-29 13:00:00,01115,2020299N18277,2020-10-29 13:00:00,2020-11-01 00:00:00,59.0,2020,10,93932,49089.0,1397.54166666667,59,9.01829323099789,847106.319774094,0.31744382651917946,26,True,0.304457210372996,0.1,50.312053571428336,0,2020-10-31 15:18:43.392857142,2.45833333333333
45083_2020-10-29 13:00:00,45083,2020299N18277,2020-10-29 13:00:00,2020-10-30 21:00:00,32.0,2020,10,345831,142690.0,1397.54166666667,32,3.14651050453105,1088160.87429248,0.19050319015126335,5,True,0.17773606793490657,0.1,10.677682403433334,0,2020-10-29 23:40:39.656652360,1.33333333333333
37161_2020-10-29 13:00:00,37161,2020299N18277,2020-10-29 13:00:00,2020-11-01 00:00:00,59.0,2020,10,64963,38203.0,1397.54166666667,59,18.9816412677045,1233104.36167389,0.5175053872480669,58,True,0.5152997845100773,0.1,59.0,1,,2.45833333333333
37197_2020-10-29 14:00:00,37197,2020299N18277,2020-10-29 14:00:00,2020-10-31 03:00:00,37.0,2020,10,37463,20791.0,1397.58333333333,37,13.555868141061,507843.488168567,0.8169881198595547,30,True,0.7755759703717955,0.1,32.251219512195,0,2020-10-30 22:15:04.390243902,1.54166666666667
37035_2020-10-29 14:00:00,37035,2020299N18277,2020-10-29 14:00:00,2020-11-01 00:00:00,58.0,2020,10,163462,77885.0,1397.58333333333,58,8.72466881858916,1426151.81442422,0.33185914445769077,26,True,0.3101278162869585,0.1,37.61818181818167,0,2020-10-31 03:37:05.454545454,2.41666666666667
37059_2020-10-29 14:00:00,37059,2020299N18277,2020-10-29 14:00:00,2020-10-30 23:00:00,33.0,2020,10,44090,21852.0,1397.58333333333,33,3.77841845140033,166590.469522241,0.3186436024162548,5,True,0.28578619805967415,0.1,8.850759878419444,0,2020-10-29 22:51:02.735562310,1.375
01029_2020-10-29 14:00:00,01029,2020299N18277,2020-10-29 14:00:00,2020-11-01 00:00:00,58.0,2020,10,15346,9331.0,1397.58333333333,58,34.8061890203834,534135.776706803,0.8640017147143929,58,True,0.8292787482584932,0.1,58.0,1,,2.41666666666667
01111_2020-10-29 14:00:00,01111,2020299N18277,2020-10-29 14:00:00,2020-11-01 00:00:00,58.0,2020,10,22479,13651.0,1397.58333333333,58,25.6495272849958,576575.72383942,0.7397260273972602,58,True,0.7385173247381144,0.1,58.0,1,,2.41666666666667
37097_2020-10-29 14:00:00,37097,2020299N18277,2020-10-29 14:00:00,2020-10-31 13:00:00,47.0,2020,10,195897,76320.0,1397.58333333333,47,7.6917321802935,1506787.25892296,0.42171121593291405,26,True,0.4048676624737946,0.1,31.146126760563334,0,2020-10-30 21:08:46.056338028,1.95833333333333
01017_2020-10-29 14:00:00,01017,2020299N18277,2020-10-29 14:00:00,2020-10-31 16:00:00,50.0,2020,10,34088,12345.0,1397.58333333333,50,5.47473500111506,186622.76671801,0.18987444309437018,12,True,0.18744430943701904,0.1,25.019008264462776,0,2020-10-30 15:01:08.429752066,2.08333333333333
37169_2020-10-29 15:00:00,37169,2020299N18277,2020-10-29 15:00:00,2020-11-01 00:00:00,57.0,2020,10,45175,24918.0,1397.625,57,19.4430603876306,878340.253011211,0.5437434786098403,53,True,0.5395296572758649,0.1,53.97379209370417,0,2020-10-31 20:58:25.651537335,2.375
37067_2020-10-29 15:00:00,37067,2020299N18277,2020-10-29 15:00:00,2020-11-01 00:00:00,57.0,2020,10,389157,185289.0,1397.625,57,8.35503024998052,3251418.50699167,0.32786619820928387,29,True,0.32712681270879546,0.1,34.34865627377139,0,2020-10-31 01:20:55.162585577,2.375
37157_2020-10-29 16:00:00,37157,2020299N18277,2020-10-29 16:00:00,2020-10-31 20:00:00,52.0,2020,10,91957,50138.0,1397.66666666667,52,7.73144122222665,710960.140472296,0.2803063544616857,27,True,0.26798037416729825,0.1,31.517164179104444,0,2020-10-30 23:31:01.791044776,2.16666666666667
51143_2020-10-29 16:00:00,51143,2020299N18277,2020-10-29 16:00:00,2020-10-30 16:00:00,24.0,2020,10,59952,34320.0,1397.66666666667,24,2.29008152614347,137294.967655354,0.2105217791058499,6,True,0.20598207102631882,0.1,6.868292682926667,0,2020-10-29 22:52:05.853658536,1.0
01035_2021-06-19 15:00:00,01035,2021169N23268,2021-06-19 15:00:00,2021-06-20 20:00:00,29.0,2021,6,11206,561.0,1630.58333333333,29,9.06773618538324,101613.051693405,0.786096256684492,12,True,0.786096256684492,0.1,27.778260869565,0,2021-06-20 18:46:41.739130434,1.20833333333333
34037_2021-07-07 00:00:00,34037,2021182N09317,2021-07-07 00:00:00,2021-07-09 04:00:00,52.0,2021,7,146084,70139.0,1647.95833333333,52,4.59935078514243,671891.560096747,0.31658563709206006,8,True,0.3002181382682958,0.1,17.895753715498888,0,2021-07-07 17:53:44.713375796,2.16666666666667
21069_2021-08-15 14:00:00,21069,2021222N14301,2021-08-15 14:00:00,2021-08-16 14:00:00,24.0,2021,8,15288,4779.0,1687.54166666667,24,4.37413684871312,66871.8041431262,0.18225570202971333,23,True,0.18225570202971333,0.1,22.902640642938888,0,2021-08-16 12:54:09.506314580,1.0
12037_2021-08-16 17:00:00,12037,2021222N14301,2021-08-16 17:00:00,2021-08-17 18:00:00,25.0,2021,8,12498,10595.0,1688.66666666667,25,3.61293062765455,45154.4069844266,0.3807456347333648,13,True,0.2785276073619632,0.1,24.3298275136725,0,2021-08-17 17:19:47.379049221,1.04166666666667
12013_2021-08-16 21:00:00,12013,2021222N14301,2021-08-16 21:00:00,2021-08-18 17:00:00,44.0,2021,8,13464,4675.0,1688.83333333333,44,16.6705882352941,224452.8,0.9619251336898396,28,True,0.8048128342245989,0.1,38.460526315789444,0,2021-08-18 11:27:37.894736842,1.83333333333333
54001_2021-08-17 01:00:00,54001,2021222N14301,2021-08-17 01:00:00,2021-08-18 02:00:00,25.0,2021,8,15414,6446.0,1689.0,25,5.1403971455166,79234.0816009929,0.2593856655290102,23,True,0.22851380701210053,0.1,23.645665961945,0,2021-08-18 00:38:44.397463002,1.04166666666667
12077_2021-08-17 01:00:00,12077,2021222N14301,2021-08-17 01:00:00,2021-08-18 02:00:00,25.0,2021,8,7603,3349.0,1689.0,25,5.54673036727381,42171.7909823828,0.5995819647656017,19,True,0.4286354135562854,0.1,23.154820936638888,0,2021-08-18 00:09:17.355371900,1.04166666666667
37011_2021-08-18 00:00:00,37011,2021222N14301,2021-08-18 00:00:00,2021-08-19 21:00:00,45.0,2021,8,17571,1764.0,1689.95833333333,45,13.0759637188209,229757.758503401,0.6984126984126984,38,True,0.6428571428571429,0.1,37.695238095238054,0,2021-08-19 13:41:42.857142857,1.875
37121_2021-08-18 00:00:00,37121,2021222N14301,2021-08-18 00:00:00,2021-08-19 02:00:00,26.0,2021,8,15094,10885.0,1689.95833333333,26,3.21451538814883,48519.8952687184,0.24538355535140102,5,True,0.14625631603123565,0.1,21.52667364016722,0,2021-08-18 21:31:36.025104602,1.08333333333333
54043_2021-08-18 11:00:00,54043,2021222N14301,2021-08-18 11:00:00,2021-08-20 22:00:00,59.0,2021,8,19901,11398.8,1690.41666666667,59,1.77250394806106,35274.6010703632,0.22986488857694332,7,True,0.16380066678364624,0.1,7.539728217425833,0,2021-08-18 18:32:23.021582733,2.45833333333333
44009_2021-08-22 16:00:00,44009,2021222N14301,2021-08-22 16:00:00,2021-08-25 02:00:00,58.0,2021,8,130330,72701.0,1694.625,58,20.6626043658271,2692957.22699825,0.7294535150823235,45,True,0.7094675451506857,0.1,48.99135313531333,0,2021-08-24 16:59:28.871287128,2.41666666666667
44009_2021-08-22 16:00:00,44009,2021227N36297,2021-08-22 16:00:00,2021-08-25 02:00:00,58.0,2021,8,130330,72701.0,1694.625,58,20.6626043658271,2692957.22699825,0.7294535150823235,45,True,0.7094675451506857,0.1,48.99135313531333,0,2021-08-24 16:59:28.871287128,2.41666666666667
22105_2021-08-28 21:00:00,22105,2021239N17281,2021-08-28 21:00:00,2021-09-17 18:00:00,477.0,2021,8,137048,69113.0,1700.83333333333,477,228.13377548707,31265277.6629519,0.978731100340013,341,True,0.9787166317007885,0.1,429.22498461538447,0,2021-09-15 18:13:29.944615384,19.875
22075_2021-08-29 13:00:00,22075,2021239N17281,2021-08-29 13:00:00,2021-09-15 23:00:00,418.0,2021,8,22516,12631.0,1701.5,418,233.901291842512,5266521.48712599,0.9953289525769932,332,True,0.9953289525769932,0.1,391.45666387259,0,2021-09-14 20:27:23.989941324,17.4166666666667
22057_2021-08-29 15:00:00,22057,2021239N17281,2021-08-29 15:00:00,2021-09-29 19:00:00,748.0,2021,8,95870,44137.0,1701.58333333333,748,430.164167095451,41239838.6994409,1.0,590,True,1.0,0.1,680.5596934306567,0,2021-09-26 23:33:34.896350364,31.1666666666667
22051_2021-08-29 16:00:00,22051,2021239N17281,2021-08-29 16:00:00,2021-09-16 03:00:00,419.0,2021,8,425884,211981.0,1701.625,419,209.152646592013,89074765.7411927,0.9641005561819219,271,True,0.9637609030998061,0.1,293.0581978319781,0,2021-09-10 21:03:29.512195121,17.4583333333333
22095_2021-08-29 17:00:00,22095,2021239N17281,2021-08-29 17:00:00,2021-09-23 19:00:00,602.0,2021,8,39864,19744.0,1701.66666666667,602,361.236589837732,14400335.4172913,0.9986836776022682,485,True,0.9986836776022682,0.1,578.7171505739364,0,2021-09-22 19:43:01.742066171,25.0833333333333
22089_2021-08-29 17:00:00,22089,2021239N17281,2021-08-29 17:00:00,2021-09-24 23:00:00,630.0,2021,8,50998,22976.3333333333,1701.66666666667,630,375.677005875728,19158775.9456504,0.9884647194532712,452,True,0.9884647194532712,0.1,475.0627882981164,0,2021-09-18 12:03:46.037873219,26.25
22103_2021-08-29 17:00:00,22103,2021239N17281,2021-08-29 17:00:00,2021-09-09 00:00:00,247.0,2021,8,273263,132031.0,1701.66666666667,247,119.511605327292,32658099.8065517,0.9821935757511494,193,True,0.9821935757511494,0.1,219.22247340425528,0,2021-09-07 20:13:20.904255319,10.2916666666667
22071_2021-08-29 17:00:00,22071,2021239N17281,2021-08-29 17:00:00,2021-09-09 22:00:00,269.0,2021,8,369749,193765.0,1701.66666666667,269,164.335760546667,60762983.1263695,0.9343173431734317,236,True,0.9342554124841947,0.1,243.51319234642472,0,2021-09-08 20:30:47.492447129,11.2083333333333
22109_2021-08-29 17:00:00,22109,2021239N17281,2021-08-29 17:00:00,2021-09-25 15:00:00,646.0,2021,8,104786,27759.75,1701.66666666667,646,405.459650922278,42486494.9815418,0.9971526401153361,493,True,0.9971526401153361,0.1,642.4806185567008,0,2021-09-25 11:28:50.226804123,26.9166666666667
22087_2021-08-29 18:00:00,22087,2021239N17281,2021-08-29 18:00:00,2021-09-07 22:00:00,220.0,2021,8,44479,20654.0,1701.70833333333,220,128.706823049086,5724750.78240028,0.9807301249152707,188,True,0.9807301249152707,0.1,189.8649706457925,0,2021-09-06 15:51:53.894324853,9.16666666666667
22093_2021-08-29 19:00:00,22093,2021239N17281,2021-08-29 19:00:00,2021-09-23 01:00:00,582.0,2021,8,19423,9897.8,1701.75,582,295.64517869724,5742316.3058365,1.0,404,True,1.0,0.1,507.65250582750554,0,2021-09-19 22:39:09.020979020,24.25
22005_2021-08-29 20:00:00,22005,2021239N17281,2021-08-29 20:00:00,2021-09-18 00:00:00,460.0,2021,8,130458,58300.6666666667,1701.79166666667,460,137.89162907597,17989066.1459929,0.9323202524698134,202,True,0.9322344950603733,0.1,266.0640287769783,0,2021-09-09 22:03:50.503597122,19.1666666666667
22047_2021-08-29 20:00:00,22047,2021239N17281,2021-08-29 20:00:00,2021-09-11 01:00:00,293.0,2021,8,29506,9090.42857142857,1701.79166666667,293,82.1606858419398,2424233.19645228,0.6678771871904919,246,True,0.6478485748872015,0.1,284.64888059701474,0,2021-09-10 16:38:55.970149253,12.2083333333333
22117_2021-08-29 21:00:00,22117,2021239N17281,2021-08-29 21:00:00,2021-09-08 21:00:00,240.0,2021,8,45025,24683.0,1701.83333333333,240,75.9969856330909,3421764.27812992,0.7985253008143256,155,True,0.7638455617226431,0.1,210.4013157894736,0,2021-09-07 15:24:04.736842105,10.0
22007_2021-08-29 21:00:00,22007,2021239N17281,2021-08-29 21:00:00,2021-09-12 18:00:00,333.0,2021,8,20604,10490.0,1701.83333333333,333,147.062724471805,3030080.37501707,0.9574833174451859,312,True,0.9573879885605339,0.1,314.75152636447723,0,2021-09-11 23:45:05.494912118,13.875
28147_2021-08-29 21:00:00,28147,2021239N17281,2021-08-29 21:00:00,2021-09-04 20:00:00,143.0,2021,8,13761,8688.0,1701.83333333333,143,43.0144665527784,591922.074232784,0.4800874769797422,111,True,0.47697974217311234,0.1,124.23137254901944,0,2021-09-04 01:13:52.941176470,5.95833333333333
22091_2021-08-29 22:00:00,22091,2021239N17281,2021-08-29 22:00:00,2021-09-17 03:00:00,437.0,2021,8,10822,6247.0,1701.875,437,232.111298999555,2511908.47777319,0.9895130010056027,395,True,0.9880764258008907,0.1,399.6263473053892,0,2021-09-15 13:37:34.850299401,18.2083333333333
28045_2021-08-29 22:00:00,28045,2021239N17281,2021-08-29 22:00:00,2021-08-31 12:00:00,38.0,2021,8,46094,26523.0,1701.875,38,4.99305215432822,230149.746001605,0.2692757229574332,16,True,0.26504297994269344,0.1,25.48624999999972,0,2021-08-30 23:29:10.499999999,1.58333333333333
22101_2021-08-29 22:00:00,22101,2021239N17281,2021-08-29 22:00:00,2021-08-31 02:00:00,28.0,2021,8,47789,18905.0,1701.875,28,7.60597725469453,363482.047024597,0.36344882306268184,22,True,0.3631843427664639,0.1,26.15462686567139,0,2021-08-31 00:09:16.656716417,1.16666666666667
22037_2021-08-30 00:00:00,22037,2021239N17281,2021-08-30 00:00:00,2021-09-09 16:00:00,256.0,2021,8,19135,10375.0,1701.95833333333,256,72.3699422730256,1384798.84539435,0.81415492806758,144,True,0.6232289156626506,0.1,188.95312499999972,0,2021-09-06 20:57:11.249999999,10.6666666666667
22063_2021-08-30 00:00:00,22063,2021239N17281,2021-08-30 00:00:00,2021-09-16 06:00:00,414.0,2021,8,148425,68420.0,1701.95833333333,414,181.139002350392,26885556.4238569,0.9064454837766734,333,True,0.8806197018415668,0.1,385.99050802139027,0,2021-09-15 01:59:25.828877005,17.25
22033_2021-08-30 00:00:00,22033,2021239N17281,2021-08-30 00:00:00,2021-09-06 03:00:00,171.0,2021,8,450544,216086.0,1701.95833333333,171,67.333107984248,30336527.803655,0.7656072119433929,142,True,0.7556019362661163,0.1,164.50761971338667,0,2021-09-05 20:30:27.430968192,7.125
28157_2021-08-30 01:00:00,28157,2021239N17281,2021-08-30 01:00:00,2021-09-03 21:00:00,116.0,2021,8,8143,5922.0,1702.0,116,36.1890464295378,294687.405075727,0.6805273833671399,93,True,0.6688640973630832,0.1,96.49933774834416,0,2021-09-03 01:29:57.615894039,4.83333333333333
22125_2021-08-30 01:00:00,22125,2021239N17281,2021-08-30 01:00:00,2021-09-06 18:00:00,185.0,2021,8,15381,6354.0,1702.0,185,51.0154316969962,784668.354931498,0.7434814736619867,85,True,0.6462071136292099,0.1,183.35824468085085,0,2021-09-06 16:21:29.680851063,7.70833333333333
28109_2021-08-30 02:00:00,28109,2021239N17281,2021-08-30 02:00:00,2021-09-02 05:00:00,75.0,2021,8,57261,30236.0,1702.04166666667,75,20.1473715197765,1153658.64059393,0.6942055827490409,47,True,0.6843828548749835,0.1,47.56518796992472,0,2021-09-01 01:33:54.676691729,3.125
22121_2021-08-30 02:00:00,22121,2021239N17281,2021-08-30 02:00:00,2021-08-31 23:00:00,45.0,2021,8,28034,12840.0,1702.04166666667,45,7.32663551401869,205394.9,0.4570093457943925,17,True,0.4411214953271028,0.1,19.540389972144723,0,2021-08-30 21:32:25.403899721,1.875
28065_2021-08-30 03:00:00,28065,2021239N17281,2021-08-30 03:00:00,2021-08-31 16:00:00,37.0,2021,8,11088,7889.0,1702.08333333333,37,3.2018354291765,35501.9512387091,0.199568910865982,5,True,0.1637723412346305,0.1,18.383333333333056,0,2021-08-30 21:22:59.999999999,1.54166666666667
28005_2021-08-30 03:00:00,28005,2021239N17281,2021-08-30 03:00:00,2021-09-06 21:00:00,186.0,2021,8,12619,11863.0,1702.08333333333,186,62.5058043459202,788760.745041168,0.6333249979161457,136,True,0.628325965468346,0.1,142.0386363636361,0,2021-09-05 01:02:19.090909090,7.75
22077_2021-08-30 04:00:00,22077,2021239N17281,2021-08-30 04:00:00,2021-08-31 23:00:00,43.0,2021,8,20151,5091.0,1702.125,43,7.55411510508741,152222.973482616,0.4238852877627185,22,True,0.4213317619328226,0.1,39.626595744680834,0,2021-08-31 19:37:35.744680851,1.79166666666667
28113_2021-08-30 04:00:00,28113,2021239N17281,2021-08-30 04:00:00,2021-09-05 17:00:00,157.0,2021,8,39644,20043.0,1702.125,157,62.5628606414138,2480242.04726821,0.7130729217783884,117,True,0.7127294140740014,0.1,134.33302325581388,0,2021-09-04 18:19:58.883720930,6.54166666666667
28037_2021-08-30 05:00:00,28037,2021239N17281,2021-08-30 05:00:00,2021-09-05 02:00:00,141.0,2021,8,7642,6539.0,1702.16666666667,141,27.2254089099894,208056.574890139,0.41933945391677596,85,True,0.41933945391677596,0.1,127.44916201117306,0,2021-09-04 12:26:56.983240223,5.875
28085_2021-08-30 07:00:00,28085,2021239N17281,2021-08-30 07:00:00,2021-09-04 02:00:00,115.0,2021,8,34717,18004.0,1702.25,115,17.6977797365377,614413.819113379,0.358586980670962,50,True,0.3395912019551211,0.1,101.33947236965805,0,2021-09-03 12:20:22.100530769,4.79166666666667
28077_2021-08-30 08:00:00,28077,2021239N17281,2021-08-30 08:00:00,2021-09-03 14:00:00,102.0,2021,8,11713,8726.0,1702.29166666667,102,8.66021086408434,101437.04985102,0.26988310795324316,14,True,0.2539537015814806,0.1,16.696986301369723,0,2021-08-31 00:41:49.150684931,4.25
28021_2021-08-30 08:00:00,28021,2021239N17281,2021-08-30 08:00:00,2021-09-03 12:00:00,100.0,2021,8,8805,5287.0,1702.29166666667,100,11.9099938843548,104867.496151744,0.597881596368451,36,True,0.5364100624172499,0.1,35.65943060498194,0,2021-08-31 19:39:33.950177935,4.16666666666667
28063_2021-08-30 08:00:00,28063,2021239N17281,2021-08-30 08:00:00,2021-09-02 15:00:00,79.0,2021,8,7087,4907.0,1702.29166666667,79,7.83058751971422,55495.3737522147,0.3755858976971673,17,True,0.37395557367026694,0.1,77.11536933287722,0,2021-09-02 13:06:55.329598358,3.29166666666667
28001_2021-08-30 08:00:00,28001,2021239N17281,2021-08-30 08:00:00,2021-08-31 19:00:00,35.0,2021,8,28408,17108.0,1702.29166666667,35,5.6640168342296,160903.390226794,0.3873626373626374,16,True,0.38233574935702597,0.1,16.30203592814361,0,2021-08-31 00:18:07.329341317,1.45833333333333
28029_2021-08-30 09:00:00,28029,2021239N17281,2021-08-30 09:00:00,2021-09-01 16:00:00,55.0,2021,8,27719,15730.0,1702.33333333333,55,11.3408443318532,314356.864034639,0.509090909090909,36,True,0.45034965034965035,0.1,39.020915032679724,0,2021-09-01 00:01:15.294117647,2.29166666666667
28127_2021-08-30 10:00:00,28127,2021239N17281,2021-08-30 10:00:00,2021-08-31 22:00:00,36.0,2021,8,25587,15933.5,1702.375,36,4.12797338856461,105622.455093203,0.2258206238624239,8,True,0.2007154961400866,0.1,19.21594202898528,0,2021-08-31 05:12:57.391304347,1.5
54015_2021-08-30 19:00:00,54015,2021239N17281,2021-08-30 19:00:00,2021-09-02 14:00:00,67.0,2021,8,7814,3865.0,1702.75,67,2.134136937837,16676.1460322583,0.2591250323582708,5,True,0.2591250323582708,0.1,46.132352941176386,0,2021-09-01 17:07:56.470588235,2.79166666666667
48321_2021-09-14 01:00:00,48321,2021256N21265,2021-09-14 01:00:00,2021-09-18 23:00:00,118.0,2021,9,36125,16388.0,1717.0,118,32.6997349297311,1181277.92433653,1.0,60,True,0.979802294361728,0.1,69.04010067114083,0,2021-09-16 22:02:24.362416107,4.91666666666667
48481_2021-09-14 04:00:00,48481,2021256N21265,2021-09-14 04:00:00,2021-09-18 22:00:00,114.0,2021,9,41824,22973.0,1717.125,114,26.4402645368377,1105837.6239887,1.0,60,True,1.0,0.1,84.44060773480639,0,2021-09-17 16:26:26.187845303,4.75
48039_2021-09-14 04:00:00,48039,2021256N21265,2021-09-14 04:00:00,2021-09-17 02:00:00,70.0,2021,9,388181,145867.0,1717.125,70,16.1811282720587,6281206.55377601,0.7594853009243953,41,True,0.7336738416636264,0.1,58.56249999999972,0,2021-09-16 14:33:44.999999999,2.91666666666667
48015_2021-09-14 04:00:00,48015,2021256N21265,2021-09-14 04:00:00,2021-09-18 09:00:00,101.0,2021,9,31097,17426.0,1717.125,101,25.1007865660255,780559.159843694,1.0,61,True,0.9122575461953403,0.1,68.30675675675667,0,2021-09-17 00:18:24.324324324,4.20833333333333
48473_2021-09-14 06:00:00,48473,2021256N21265,2021-09-14 06:00:00,2021-09-17 00:00:00,66.0,2021,9,61894,29531.0,1717.20833333333,66,14.4228106132476,892685.440096348,0.9882496359757543,37,True,0.583234898782127,0.1,41.65168711656417,0,2021-09-15 23:39:06.073619631,2.75
48167_2021-09-14 06:00:00,48167,2021256N21265,2021-09-14 06:00:00,2021-09-16 06:00:00,48.0,2021,9,357117,131851.0,1717.20833333333,48,7.97641821137103,2848514.54239019,0.40447861416467357,16,True,0.37551399189684703,0.1,36.65373134328333,0,2021-09-15 18:39:13.432835820,2.0
48071_2021-09-14 07:00:00,48071,2021256N21265,2021-09-14 07:00:00,2021-09-17 03:00:00,68.0,2021,9,51288,22850.0,1717.25,68,9.84896758519855,505133.849509663,0.7315458595278738,17,True,0.7127352297592998,0.1,22.7272727272725,0,2021-09-15 05:43:38.181818181,2.83333333333333
48089_2021-09-14 07:00:00,48089,2021256N21265,2021-09-14 07:00:00,2021-09-15 19:00:00,36.0,2021,9,20754,15251.0,1717.25,36,6.02654708640153,125074.958231177,0.6235656678250606,13,True,0.37140618879749315,0.1,18.47519336073,0,2021-09-15 01:28:30.696098628,1.5
25023_2021-10-27 05:00:00,25023,2021299N33284,2021-10-27 05:00:00,2021-10-31 00:00:00,91.0,2021,10,533069,206642.0,1760.16666666667,91,42.2444169266957,22519189.0866968,0.8549946294307197,80,True,0.8516755208484532,0.1,85.83524283935222,0,2021-10-30 18:50:06.874221668,3.79166666666667
25001_2021-10-27 07:00:00,25001,2021299N33284,2021-10-27 07:00:00,2021-10-30 06:00:00,71.0,2021,10,232457,185552.0,1760.25,71,32.1024295076313,7462434.45605545,0.7925918340950245,64,True,0.7899025610071571,0.1,64.77970149253723,0,2021-10-29 23:46:46.925373134,2.95833333333333
25021_2021-10-27 10:00:00,25021,2021299N33284,2021-10-27 10:00:00,2021-10-29 17:00:00,55.0,2021,10,725531,269037.0,1760.375,55,8.06570977088696,5851922.47578139,0.2536451383907499,30,True,0.2399863226007872,0.1,33.14239681390278,0,2021-10-28 19:08:32.628530050,2.29166666666667
25007_2021-10-27 10:00:00,25007,2021299N33284,2021-10-27 10:00:00,2021-10-30 01:00:00,63.0,2021,10,20868,20273.0,1760.375,63,12.8542396290633,268242.272579293,0.6633453361613969,28,True,0.5888127065555172,0.1,50.553658536585274,0,2021-10-29 12:33:13.170731707,2.625
44003_2021-10-27 11:00:00,44003,2021299N33284,2021-10-27 11:00:00,2021-10-28 18:00:00,31.0,2021,10,171275,80823.0,1760.41666666667,31,4.53511395498979,776751.642640877,0.272027522027522,14,True,0.26675576675576673,0.1,17.42095123419611,0,2021-10-28 04:25:15.424443106,1.29166666666667
25005_2021-10-27 11:00:00,25005,2021299N33284,2021-10-27 11:00:00,2021-10-29 05:00:00,42.0,2021,10,580068,202065.0,1760.41666666667,42,7.03828289692341,4082682.68345257,0.28756443362718037,22,True,0.2792684495364736,0.1,31.70524064171111,0,2021-10-28 18:42:18.866310160,1.75
44009_2021-10-27 12:00:00,44009,2021299N33284,2021-10-27 12:00:00,2021-10-28 22:00:00,34.0,2021,10,130330,72700.0,1760.45833333333,34,6.86209137184542,894336.368492613,0.40802123591951256,16,True,0.3923143576271886,0.1,21.390909090908888,0,2021-10-28 09:23:27.272727272,1.41666666666667
12051_2022-09-27 17:00:00,12051,2022263N10313,2022-09-27 17:00:00,2022-10-05 21:00:00,196.0,2022,9,41339,15770.0,2095.66666666667,196,52.2607511035892,2160407.18987127,0.7611495273742308,132,True,0.7610860876736661,0.1,173.69139130434777,0,2022-10-04 22:41:29.008695652,8.16666666666667
12021_2022-09-28 13:00:00,12021,2022263N10313,2022-09-28 13:00:00,2022-10-05 10:00:00,165.0,2022,9,397994,266091.0,2096.5,165,60.2103428481238,23963355.1914962,0.8100657071220129,119,True,0.8080454128667253,0.1,136.61277292576418,0,2022-10-04 05:36:45.982532751,6.875
12027_2022-09-28 14:00:00,12027,2022263N10313,2022-09-28 14:00:00,2022-10-07 22:00:00,224.0,2022,9,35312,15719.0,2096.54166666667,224,107.25274725795,3787309.01117275,0.9999466353594109,197,True,0.9999466353594109,0.1,207.53449891066944,0,2022-10-07 05:32:04.196078410,9.33333333333333
12071_2022-09-28 14:00:00,12071,2022263N10313,2022-09-28 14:00:00,2022-10-09 13:00:00,263.0,2022,9,822453,474231.0,2096.54166666667,263,129.068807614851,106153028.029257,0.9671877848098583,221,True,0.9415395310784518,0.1,261.0820398406372,0,2022-10-09 11:04:55.343426294,10.9583333333333
12115_2022-09-28 15:00:00,12115,2022263N10313,2022-09-28 15:00:00,2022-10-07 03:00:00,204.0,2022,9,462286,289988.0,2096.58333333333,204,74.3586167520388,34374947.503833,0.8966540472201809,169,True,0.895713683682603,0.1,179.77008196721306,0,2022-10-06 02:46:12.295081967,8.5
12081_2022-09-28 15:00:00,12081,2022263N10313,2022-09-28 15:00:00,2022-10-04 23:00:00,152.0,2022,9,429125,237346.0,2096.58333333333,152,47.6588885921035,20451620.5670864,0.7319817424632361,122,True,0.730450355409412,0.1,131.61833598304167,0,2022-10-04 02:37:06.009538950,6.33333333333333
12015_2022-09-28 16:00:00,12015,2022263N10313,2022-09-28 16:00:00,2022-10-08 04:00:00,228.0,2022,9,202661,125746.0,2096.625,228,131.884606780839,26727866.2948116,0.9841566142213996,218,True,0.9841566142213996,0.1,223.73502590673556,0,2022-10-07 23:44:06.093264248,9.5
12043_2022-09-28 22:00:00,12043,2022263N10313,2022-09-28 22:00:00,2022-10-04 01:00:00,123.0,2022,9,12454,6799.0,2096.875,123,38.8406365122899,483721.287124058,0.8179143991763494,72,True,0.7907352941176471,0.1,75.10576923076917,0,2022-10-02 01:06:20.769230769,5.125
12055_2022-09-28 23:00:00,12055,2022263N10313,2022-09-28 23:00:00,2022-10-03 21:00:00,118.0,2022,9,105618,65335.0,2096.91666666667,118,62.6931510373638,6621525.22626429,0.877478276832701,94,True,0.8645973565047118,0.1,111.91489361702111,0,2022-10-03 14:54:53.617021276,4.91666666666667
12105_2022-09-28 23:00:00,12105,2022263N10313,2022-09-28 23:00:00,2022-10-02 23:00:00,96.0,2022,9,787404,355057.0,2096.91666666667,96,26.2357114515537,20658104.1397992,0.5531590702337934,69,True,0.539908638808254,0.1,75.94261906776056,0,2022-10-02 02:56:33.428643938,4.0
12127_2022-09-29 00:00:00,12127,2022263N10313,2022-09-29 00:00:00,2022-10-03 23:00:00,119.0,2022,9,579192,310300.0,2096.95833333333,119,42.9121489069536,24854373.3497163,0.8056835760473748,90,True,0.7886898566134906,0.1,111.51450171821305,0,2022-10-03 15:30:52.206185567,4.95833333333333
12095_2022-09-29 04:00:00,12095,2022263N10313,2022-09-29 04:00:00,2022-10-02 02:00:00,70.0,2022,9,1452726,631967.0,2097.125,70,12.8982912827745,18737683.1020598,0.35811944211906305,38,True,0.35041304038792626,0.1,60.44275491949889,0,2022-10-01 16:26:33.917710196,2.91666666666667
12093_2022-09-29 04:00:00,12093,2022263N10313,2022-09-29 04:00:00,2022-10-02 00:00:00,68.0,2022,9,40412,22938.0,2097.125,68,25.8958496817508,1046503.07733891,0.8037317987618798,64,True,0.8026855000435957,0.1,65.20210378681611,0,2022-10-01 21:12:07.573632538,2.83333333333333
12097_2022-09-29 04:00:00,12097,2022263N10313,2022-09-29 04:00:00,2022-09-30 19:00:00,39.0,2022,9,422545,198813.0,2097.125,39,3.37672332547404,1426817.55756243,0.20454227533422595,8,True,0.19604424372014947,0.1,16.152837792454722,0,2022-09-29 20:09:10.216052837,1.625
12111_2022-09-29 05:00:00,12111,2022263N10313,2022-09-29 05:00:00,2022-09-30 20:00:00,39.0,2022,9,358704,173837.0,2097.16666666667,39,4.78086943516052,1714916.98986982,0.2843295731058405,11,True,0.27310066326501264,0.1,15.83167435728389,0,2022-09-29 20:49:54.027686222,1.625
12061_2022-09-29 05:00:00,12061,2022263N10313,2022-09-29 05:00:00,2022-10-01 05:00:00,48.0,2022,9,167352,99474.0,2097.16666666667,48,7.55761154064953,1264781.40655078,0.2746016587082181,21,True,0.27336516712741893,0.1,39.09839743589722,0,2022-09-30 20:05:54.230769230,2.0
12069_2022-09-29 06:00:00,12069,2022263N10313,2022-09-29 06:00:00,2022-10-01 00:00:00,42.0,2022,9,410139,169649.0,2097.20833333333,42,5.29934800236066,2173469.2903402,0.21002127797523268,10,True,0.20573621204887452,0.1,31.972629213483057,0,2022-09-30 13:58:21.465168539,1.75
12009_2022-09-29 07:00:00,12009,2022263N10313,2022-09-29 07:00:00,2022-10-01 21:00:00,62.0,2022,9,630693,330448.0,2097.25,62,9.3894470536968,5921858.5306372,0.28067956229119256,31,True,0.2672856243644991,0.1,44.44980861244,0,2022-10-01 03:26:59.311004784,2.58333333333333
12107_2022-09-29 10:00:00,12107,2022263N10313,2022-09-29 10:00:00,2022-09-30 21:00:00,35.0,2022,9,74731,42472.0,2097.375,35,5.25023680894843,392355.446969525,0.31208796383499715,12,True,0.29894989640233566,0.1,27.308403361344446,0,2022-09-30 13:18:30.252100840,1.45833333333333
51049_2022-09-29 21:00:00,51049,2022263N10313,2022-09-29 21:00:00,2022-10-01 16:00:00,43.0,2022,9,9746,5560.0,2097.83333333333,43,1.35323741007194,13188.6517985612,0.1789568345323741,7,True,0.1789568345323741,0.1,39.74787052810889,0,2022-10-01 12:44:52.333901192,1.79166666666667
45043_2022-09-30 15:00:00,45043,2022263N10313,2022-09-30 15:00:00,2022-10-02 00:00:00,33.0,2022,9,64722,37525.0,2098.58333333333,33,5.26731275063883,340911.015846847,0.30524428507395784,14,True,0.29556780130250215,0.1,26.566778523489724,0,2022-10-01 17:34:00.402684563,1.375
45089_2022-09-30 15:00:00,45089,2022263N10313,2022-09-30 15:00:00,2022-10-01 21:00:00,30.0,2022,9,30058,20725.0,2098.58333333333,30,4.49652977679973,135156.692031046,0.2857983611752456,13,True,0.2427513323096378,0.1,24.275890736341946,0,2022-10-01 15:16:33.206650831,1.25
37047_2022-09-30 17:00:00,37047,2022263N10313,2022-09-30 17:00:00,2022-10-01 20:00:00,27.0,2022,9,49885,30095.0,2098.66666666667,27,4.57080138250759,228014.426966391,0.3631850675138999,17,True,0.30821419115700294,0.1,22.939511584220277,0,2022-10-01 15:56:22.241703193,1.125
45019_2022-09-30 17:00:00,45019,2022263N10313,2022-09-30 17:00:00,2022-10-01 17:00:00,24.0,2022,9,419279,241137.0,2098.66666666667,24,3.10255195219565,1300834.87996464,0.3174170699643771,7,True,0.26222437867270476,0.1,10.424601867105833,0,2022-10-01 03:25:28.566721581,1.0
45033_2022-09-30 17:00:00,45033,2022263N10313,2022-09-30 17:00:00,2022-10-01 17:00:00,24.0,2022,9,27738,13413.0,2098.66666666667,24,2.86083405615524,79353.815049634,0.22560694782551483,6,True,0.21942233041647477,0.1,14.288387096774168,0,2022-10-01 07:17:18.193548387,1.0
45067_2022-09-30 18:00:00,45067,2022263N10313,2022-09-30 18:00:00,2022-10-01 21:00:00,27.0,2022,9,28450,17647.0,2098.70833333333,27,3.47034506261033,98731.317031264,0.209590235396687,6,True,0.16159953324033116,0.1,25.135288552506946,0,2022-10-01 19:08:07.038789025,1.125
37155_2022-09-30 18:00:00,37155,2022263N10313,2022-09-30 18:00:00,2022-10-01 23:00:00,29.0,2022,9,116663,48305.0,2098.70833333333,29,5.40243709136318,630264.518389703,0.4038346067043502,21,True,0.27873366875789385,0.1,23.6391791044775,0,2022-10-01 17:38:21.044776119,1.20833333333333
37125_2022-09-30 20:00:00,37125,2022263N10313,2022-09-30 20:00:00,2022-10-01 23:00:00,27.0,2022,9,105531,63474.0,2098.79166666667,27,3.83896515247143,405129.831505462,0.2690958843788825,8,True,0.2583546951420888,0.1,26.127881280748333,0,2022-10-01 22:07:40.372610694,1.125
37001_2022-09-30 22:00:00,37001,2022263N10313,2022-09-30 22:00:00,2022-10-01 23:00:00,25.0,2022,9,176353,88974.0,2098.875,25,2.87589455523984,507172.632500212,0.16214849281812665,6,True,0.15576460539033876,0.1,18.132144878324723,0,2022-10-01 16:07:55.721561969,1.04166666666667
37135_2022-09-30 23:00:00,37135,2022263N10313,2022-09-30 23:00:00,2022-10-02 08:00:00,33.0,2022,9,150477,89129.0,2098.91666666667,33,4.03922689908379,607810.746093431,0.18324002288817332,16,True,0.17592478317943655,0.1,23.713015157806666,0,2022-10-01 22:42:46.854568104,1.375
37169_2022-10-01 00:00:00,37169,2022263N10313,2022-10-01 00:00:00,2022-10-02 19:00:00,43.0,2022,9,45175,25632.0,2098.95833333333,43,5.94742585201643,268674.962864842,0.2546426342072409,18,True,0.24098782771535582,0.1,22.66345427122361,0,2022-10-01 22:39:48.435376405,1.79166666666667
51141_2022-10-01 00:00:00,51141,2022263N10313,2022-10-01 00:00:00,2022-10-02 21:00:00,45.0,2022,9,17643,12368.0,2098.95833333333,45,10.2776520051746,181328.614327296,0.36117399741267786,36,True,0.3454883570504528,0.1,38.53417721518972,0,2022-10-02 14:32:03.037974683,1.875
37081_2022-10-01 00:00:00,37081,2022263N10313,2022-10-01 00:00:00,2022-10-02 05:00:00,29.0,2022,9,546101,226272.0,2098.95833333333,29,4.46648872203628,2439153.95759274,0.22385988482836952,19,True,0.22141149329785964,0.1,21.709436659994168,0,2022-10-01 21:42:33.971975979,1.20833333333333
51590_2022-10-01 02:00:00,51590,2022263N10313,2022-10-01 02:00:00,2022-10-03 11:00:00,57.0,2022,10,42229,18524.0,2099.04166666667,57,9.3054955733103,392961.772565321,0.42382854675016196,15,True,0.42280285035629456,0.1,23.923489932885833,0,2022-10-02 01:55:24.563758389,2.375
