n,mae,rmse,forecast_horizon_hours
13946,0.13052813887044976,0.1958060591900756,24
11645,0.21332367515421416,0.27309208035094146,48
9709,0.28269748742174516,0.33937866492128843,72
